{"type":"FeatureCollection","features":[{"type":"Feature","properties":{"fed":"59003","poll":"505-0","type":"M"},"geometry":{"type":"Polygon","coordinates":[[[-123.006,49.26807],[-123.00587,49.26754],[-123.00601,49.26745],[-123.006,49.26807]]]}},{"type":"Feature","properties":{"fed":"59003","poll":"503-0","type":"M"},"geometry":{"type":"Polygon","coordinates":[[[-123.00387,49.31279],[-123.00492,49.31244],[-123.00486,49.31256],[-123.00387,49.31279]]]}},{"type":"Feature","properties":{"fed":"59002","poll":"1-0","type":"N"},"geometry":{"type":"Polygon","coordinates":[[[-123.0235,49.26556],[-123.01436,49.2661],[-123.01423,49.26449],[-123.01238,49.26447],[-123.01419,49.2622],[-123.02353,49.26233],[-123.0235,49.26556]]]}},{"type":"Feature","properties":{"fed":"59002","poll":"57-0","type":"N"},"geometry":{"type":"Polygon","coordinates":[[[-123.01099,49.23075],[-123.01114,49.23062],[-123.01139,49.23235],[-123.00983,49.23185],[-123.00788,49.23122],[-123.00479,49.23021],[-123.00589,49.22932],[-123.0072,49.2299],[-123.00858,49.23052],[-123.01013,49.23036],[-123.01099,49.23075]]]}},{"type":"Feature","properties":{"fed":"59002","poll":"56-0","type":"N"},"geometry":{"type":"Polygon","coordinates":[[[-123.00769,49.23259],[-123.00677,49.23236],[-123.00788,49.23122],[-123.00983,49.23185],[-123.00769,49.23259]]]}},{"type":"Feature","properties":{"fed":"59002","poll":"63-0","type":"N"},"geometry":{"type":"Polygon","coordinates":[[[-123.01265,49.22685],[-123.01065,49.22853],[-123.0097,49.2281],[-123.01144,49.22629],[-123.01172,49.22621],[-123.01265,49.22685]]]}},{"type":"Feature","properties":{"fed":"59002","poll":"54-0","type":"N"},"geometry":{"type":"Polygon","coordinates":[[[-123.00884,49.23404],[-123.01111,49.23405],[-123.01111,49.2355],[-123.00886,49.23549],[-123.00883,49.23694],[-123.01108,49.23694],[-123.01108,49.23718],[-123.0105,49.23797],[-123.00746,49.23726],[-123.00747,49.23419],[-123.00769,49.23259],[-123.00884,49.23285],[-123.00884,49.23404]]]}},{"type":"Feature","properties":{"fed":"59002","poll":"62-0","type":"N"},"geometry":{"type":"Polygon","coordinates":[[[-123.01265,49.22685],[-123.01267,49.22925],[-123.01065,49.22853],[-123.01265,49.22685]]]}},{"type":"Feature","properties":{"fed":"59002","poll":"52-0","type":"N"},"geometry":{"type":"Polygon","coordinates":[[[-123.01992,49.23486],[-123.01989,49.23698],[-123.01986,49.23879],[-123.01586,49.23877],[-123.01586,49.23696],[-123.01867,49.23696],[-123.01868,49.23552],[-123.01587,49.23551],[-123.01587,49.23479],[-123.01992,49.23486]]]}},{"type":"Feature","properties":{"fed":"59002","poll":"53-0","type":"N"},"geometry":{"type":"Polygon","coordinates":[[[-123.01868,49.23552],[-123.01867,49.23696],[-123.01586,49.23696],[-123.01108,49.23694],[-123.00883,49.23694],[-123.00886,49.23549],[-123.01111,49.2355],[-123.01587,49.23551],[-123.01868,49.23552]]]}},{"type":"Feature","properties":{"fed":"59002","poll":"61-0","type":"N"},"geometry":{"type":"Polygon","coordinates":[[[-123.01267,49.22925],[-123.01266,49.22969],[-123.01227,49.22953],[-123.01114,49.23062],[-123.01099,49.23075],[-123.01013,49.23036],[-123.00858,49.23052],[-123.01034,49.22883],[-123.01065,49.22853],[-123.01267,49.22925]]]}},{"type":"Feature","properties":{"fed":"59003","poll":"16-0","type":"N"},"geometry":{"type":"Polygon","coordinates":[[[-123.00748,49.31821],[-123.00878,49.31837],[-123.00884,49.32176],[-123.00741,49.32178],[-123.00217,49.32176],[-123.00158,49.3202],[-123.00169,49.31915],[-123.00158,49.3181],[-123.00353,49.31813],[-123.00748,49.31821]]]}},{"type":"Feature","properties":{"fed":"59003","poll":"17-0","type":"N"},"geometry":{"type":"Polygon","coordinates":[[[-123.00133,49.32226],[-122.999,49.32228],[-122.99699,49.32418],[-122.99421,49.32344],[-122.99439,49.32114],[-122.99709,49.32037],[-122.99617,49.32031],[-122.99513,49.31982],[-122.99513,49.31798],[-122.9981,49.31807],[-122.99779,49.31983],[-122.99828,49.31962],[-122.99833,49.31927],[-122.99991,49.31927],[-123.00034,49.31905],[-123.00169,49.31915],[-123.00158,49.3202],[-123.00217,49.32176],[-123.00133,49.32226]]]}},{"type":"Feature","properties":{"fed":"59003","poll":"113-0","type":"N"},"geometry":{"type":"Polygon","coordinates":[[[-123.02342,49.27756],[-123.02342,49.27825],[-123.02341,49.28115],[-123.021,49.28112],[-123.02105,49.27932],[-123.01867,49.2793],[-123.01865,49.27841],[-123.02106,49.27844],[-123.02105,49.27754],[-123.02342,49.27756]]]}},{"type":"Feature","properties":{"fed":"59003","poll":"115-0","type":"N"},"geometry":{"type":"Polygon","coordinates":[[[-123.02344,49.27391],[-123.02343,49.27483],[-123.02342,49.27756],[-123.02105,49.27754],[-123.02106,49.27844],[-123.01865,49.27841],[-123.01866,49.27662],[-123.01631,49.27659],[-123.0163,49.27567],[-123.02195,49.27574],[-123.02048,49.27479],[-123.0184,49.27392],[-123.02344,49.27391]]]}},{"type":"Feature","properties":{"fed":"59003","poll":"117-0","type":"N"},"geometry":{"type":"Polygon","coordinates":[[[-123.01865,49.27841],[-123.01631,49.27839],[-123.01631,49.27749],[-123.01427,49.27747],[-123.01151,49.27744],[-123.01155,49.27564],[-123.01428,49.27567],[-123.01426,49.27478],[-123.01631,49.27479],[-123.0163,49.27567],[-123.01631,49.27659],[-123.01866,49.27662],[-123.01865,49.27841]]]}},{"type":"Feature","properties":{"fed":"59003","poll":"118-0","type":"N"},"geometry":{"type":"Polygon","coordinates":[[[-123.01151,49.27744],[-123.01427,49.27747],[-123.01426,49.27837],[-123.01149,49.27835],[-123.00597,49.2783],[-123.00598,49.2774],[-123.00874,49.27742],[-123.00874,49.27562],[-123.01155,49.27564],[-123.01151,49.27744]]]}},{"type":"Feature","properties":{"fed":"59002","poll":"400-0","type":"S"},"geometry":{"type":"Polygon","coordinates":[[[-123.0088,49.26284],[-123.0088,49.26302],[-123.00866,49.26302],[-123.0088,49.26284]]]}},{"type":"Feature","properties":{"fed":"59002","poll":"104-0","type":"N"},"geometry":{"type":"Polygon","coordinates":[[[-123.00341,49.2315],[-123.00329,49.23214],[-122.99914,49.23217],[-122.99917,49.23377],[-122.99782,49.23379],[-122.99781,49.23342],[-122.99778,49.22998],[-123.00043,49.23065],[-123.00118,49.23085],[-123.00341,49.2315]]]}},{"type":"Feature","properties":{"fed":"59002","poll":"103-0","type":"N"},"geometry":{"type":"Polygon","coordinates":[[[-122.99765,49.22195],[-122.99954,49.22196],[-123.00142,49.22195],[-123.0028,49.22195],[-123.00068,49.22397],[-123.00218,49.22466],[-123.0034,49.22522],[-123.00518,49.22604],[-123.00612,49.22647],[-123.00582,49.22667],[-122.99724,49.2226],[-122.99712,49.22195],[-122.99765,49.22195]]]}},{"type":"Feature","properties":{"fed":"59002","poll":"97-0","type":"N"},"geometry":{"type":"Polygon","coordinates":[[[-123.00899,49.22374],[-123.00612,49.22647],[-123.00518,49.22604],[-123.00502,49.22574],[-123.00755,49.22335],[-123.00806,49.22332],[-123.00899,49.22374]]]}},{"type":"Feature","properties":{"fed":"59002","poll":"101-0","type":"N"},"geometry":{"type":"Polygon","coordinates":[[[-123.00769,49.22196],[-123.0077,49.22314],[-123.0063,49.2225],[-123.0034,49.22522],[-123.00218,49.22466],[-123.00502,49.22195],[-123.00769,49.22196]]]}},{"type":"Feature","properties":{"fed":"59002","poll":"7-0","type":"N"},"geometry":{"type":"Polygon","coordinates":[[[-123.0088,49.26213],[-123.0088,49.26284],[-123.00866,49.26302],[-123.0088,49.26302],[-123.00878,49.26445],[-123.00603,49.26443],[-123.00589,49.2633],[-123.00324,49.26231],[-123.00325,49.26206],[-123.0088,49.26213]]]}},{"type":"Feature","properties":{"fed":"59002","poll":"5-0","type":"N"},"geometry":{"type":"Polygon","coordinates":[[[-123.01238,49.26447],[-123.00878,49.26445],[-123.0088,49.26302],[-123.0088,49.26284],[-123.0088,49.26213],[-123.01419,49.2622],[-123.01238,49.26447]]]}},{"type":"Feature","properties":{"fed":"59002","poll":"8-0","type":"N"},"geometry":{"type":"Polygon","coordinates":[[[-123.0004,49.26447],[-123.00314,49.26444],[-123.00313,49.26637],[-123.00036,49.26633],[-122.99765,49.26621],[-122.99506,49.2658],[-122.99764,49.26563],[-122.99764,49.26448],[-123.0004,49.26447]]]}},{"type":"Feature","properties":{"fed":"59002","poll":"10-0","type":"N"},"geometry":{"type":"Polygon","coordinates":[[[-123.00314,49.26444],[-123.0004,49.26447],[-123.00043,49.26237],[-123.00324,49.26231],[-123.00314,49.26444]]]}},{"type":"Feature","properties":{"fed":"59002","poll":"93-0","type":"N"},"geometry":{"type":"Polygon","coordinates":[[[-123.0035,49.2262],[-123.00377,49.22598],[-123.00566,49.22683],[-123.00449,49.22795],[-123.00366,49.22757],[-123.00263,49.22713],[-123.0035,49.2262]]]}},{"type":"Feature","properties":{"fed":"59002","poll":"115-0","type":"N"},"geometry":{"type":"Polygon","coordinates":[[[-123.01034,49.22883],[-123.00858,49.23052],[-123.0072,49.2299],[-123.00898,49.22824],[-123.01034,49.22883]]]}},{"type":"Feature","properties":{"fed":"59002","poll":"35-0","type":"N"},"geometry":{"type":"Polygon","coordinates":[[[-123.01262,49.23264],[-123.01242,49.23287],[-123.01351,49.23296],[-123.01351,49.23405],[-123.01111,49.23405],[-123.01109,49.23272],[-123.01139,49.23235],[-123.01262,49.23264]]]}},{"type":"Feature","properties":{"fed":"59003","poll":"119-0","type":"N"},"geometry":{"type":"Polygon","coordinates":[[[-123.0235,49.26556],[-123.02348,49.26953],[-123.02344,49.27391],[-123.0184,49.27392],[-123.02048,49.27479],[-123.02195,49.27574],[-123.0163,49.27567],[-123.01631,49.27479],[-123.01426,49.27478],[-123.01426,49.27433],[-123.01153,49.2743],[-123.01151,49.27385],[-123.01427,49.27389],[-123.01358,49.27365],[-123.01361,49.27048],[-123.01425,49.27029],[-123.0143,49.26808],[-123.01436,49.26617],[-123.01436,49.2661],[-123.0235,49.26556]]]}},{"type":"Feature","properties":{"fed":"59003","poll":"79-0","type":"N"},"geometry":{"type":"Polygon","coordinates":[[[-123.02327,49.29019],[-123.02087,49.29017],[-123.02085,49.29108],[-123.0161,49.29104],[-123.01615,49.28833],[-123.01617,49.28654],[-123.01855,49.28654],[-123.01853,49.28744],[-123.02091,49.28745],[-123.02093,49.28656],[-123.02331,49.28661],[-123.02327,49.29019]],[[-123.02103,49.28845],[-123.02117,49.28836],[-123.0209,49.28836],[-123.02103,49.28845]]]}},{"type":"Feature","properties":{"fed":"59003","poll":"80-0","type":"N"},"geometry":{"type":"Polygon","coordinates":[[[-123.02311,49.29444],[-123.00791,49.29411],[-123.00183,49.29396],[-123.0028,49.28985],[-123.00301,49.28733],[-123.00853,49.28737],[-123.0085,49.28829],[-123.01615,49.28833],[-123.0161,49.29104],[-123.02085,49.29108],[-123.02087,49.29017],[-123.02327,49.29019],[-123.02311,49.29444]]]}},{"type":"Feature","properties":{"fed":"59003","poll":"91-0","type":"N"},"geometry":{"type":"Polygon","coordinates":[[[-123.02336,49.28386],[-123.02097,49.28383],[-123.02098,49.28202],[-123.021,49.28112],[-123.02341,49.28115],[-123.02336,49.28386]]]}},{"type":"Feature","properties":{"fed":"59003","poll":"92-0","type":"N"},"geometry":{"type":"Polygon","coordinates":[[[-123.02097,49.28383],[-123.01859,49.28383],[-123.01859,49.28473],[-123.0162,49.28472],[-123.01413,49.2847],[-123.01419,49.28199],[-123.01624,49.282],[-123.01624,49.28291],[-123.01861,49.28293],[-123.01863,49.28202],[-123.02098,49.28202],[-123.02097,49.28383]]]}},{"type":"Feature","properties":{"fed":"59003","poll":"93-0","type":"N"},"geometry":{"type":"Polygon","coordinates":[[[-123.02098,49.28202],[-123.01863,49.28202],[-123.01861,49.28293],[-123.01624,49.28291],[-123.01624,49.282],[-123.01419,49.28199],[-123.01418,49.28105],[-123.01629,49.28106],[-123.021,49.28112],[-123.02098,49.28202]]]}},{"type":"Feature","properties":{"fed":"59003","poll":"173-0","type":"N"},"geometry":{"type":"Polygon","coordinates":[[[-123.00039,49.26701],[-122.99764,49.26687],[-122.99765,49.26621],[-123.00036,49.26633],[-123.00039,49.26701]]]}},{"type":"Feature","properties":{"fed":"59002","poll":"41-0","type":"N"},"geometry":{"type":"Polygon","coordinates":[[[-123.00342,49.24293],[-123.00342,49.24301],[-123.00188,49.24281],[-122.99888,49.24172],[-122.99799,49.2417],[-122.9979,49.23864],[-122.99327,49.23869],[-122.99322,49.23578],[-122.99423,49.23541],[-122.99784,49.23541],[-122.99788,49.23704],[-122.99989,49.23702],[-122.99991,49.23864],[-123.00339,49.23863],[-123.00342,49.24293]]]}},{"type":"Feature","properties":{"fed":"59002","poll":"96-0","type":"N"},"geometry":{"type":"Polygon","coordinates":[[[-123.01208,49.22341],[-123.01258,49.22367],[-123.01264,49.22525],[-123.01204,49.2252],[-123.01082,49.2246],[-123.01137,49.22409],[-123.01208,49.22341]]]}},{"type":"Feature","properties":{"fed":"59003","poll":"94-0","type":"N"},"geometry":{"type":"Polygon","coordinates":[[[-123.01413,49.2847],[-123.01135,49.28469],[-123.01133,49.28558],[-123.00859,49.28555],[-123.00865,49.28286],[-123.0114,49.28287],[-123.01144,49.28196],[-123.01419,49.28199],[-123.01413,49.2847]]]}},{"type":"Feature","properties":{"fed":"59003","poll":"95-0","type":"N"},"geometry":{"type":"Polygon","coordinates":[[[-123.021,49.28112],[-123.01629,49.28106],[-123.0163,49.28018],[-123.01866,49.2802],[-123.01867,49.2793],[-123.02105,49.27932],[-123.021,49.28112]]]}},{"type":"Feature","properties":{"fed":"59003","poll":"100-0","type":"N"},"geometry":{"type":"Polygon","coordinates":[[[-122.99462,49.28891],[-122.99936,49.28626],[-123.00107,49.28565],[-123.00306,49.28552],[-123.00301,49.28733],[-123.0028,49.28985],[-123.00183,49.29396],[-122.9862,49.29897],[-122.98238,49.2983],[-122.98526,49.28991],[-122.98601,49.28994],[-122.9877,49.28935],[-122.98636,49.2895],[-122.98441,49.28922],[-122.98376,49.28881],[-122.98325,49.28853],[-122.98351,49.2863],[-122.9849,49.28632],[-122.98485,49.28737],[-122.98542,49.28776],[-122.98619,49.28777],[-122.98625,49.28635],[-122.98764,49.28637],[-122.98753,49.28803],[-122.98666,49.28845],[-122.98705,49.28875],[-122.98834,49.28871],[-122.98893,49.28829],[-122.9891,49.28448],[-122.99047,49.28451],[-122.9904,49.28641],[-122.99461,49.28638],[-122.99462,49.28891]]]}},{"type":"Feature","properties":{"fed":"59003","poll":"101-0","type":"N"},"geometry":{"type":"Polygon","coordinates":[[[-123.00855,49.28648],[-123.00853,49.28737],[-123.00301,49.28733],[-123.00306,49.28552],[-123.0031,49.28371],[-123.00587,49.28373],[-123.00581,49.28554],[-123.00859,49.28555],[-123.00855,49.28648]]]}},{"type":"Feature","properties":{"fed":"59003","poll":"103-0","type":"N"},"geometry":{"type":"Polygon","coordinates":[[[-123.00591,49.28103],[-123.00869,49.28104],[-123.00867,49.28194],[-123.00588,49.28193],[-123.00588,49.28284],[-123.00313,49.28285],[-123.00314,49.28102],[-123.00317,49.2801],[-123.00592,49.2801],[-123.00591,49.28103]]]}},{"type":"Feature","properties":{"fed":"59002","poll":"29-0","type":"N"},"geometry":{"type":"Polygon","coordinates":[[[-123.02233,49.23699],[-123.02289,49.23699],[-123.02344,49.23699],[-123.02346,49.23959],[-123.02357,49.24024],[-123.01984,49.24021],[-123.01986,49.23879],[-123.01989,49.23698],[-123.02233,49.23699]]]}},{"type":"Feature","properties":{"fed":"59002","poll":"23-0","type":"N"},"geometry":{"type":"Polygon","coordinates":[[[-123.01982,49.247],[-123.01529,49.24701],[-123.0153,49.24786],[-123.01255,49.24782],[-123.01252,49.24609],[-123.0153,49.24611],[-123.01531,49.24513],[-123.01711,49.24511],[-123.01982,49.24523],[-123.01982,49.247]]]}},{"type":"Feature","properties":{"fed":"59002","poll":"16-0","type":"N"},"geometry":{"type":"Polygon","coordinates":[[[-123.0235,49.25822],[-123.02354,49.25988],[-123.02258,49.26047],[-123.01953,49.25869],[-123.01581,49.25817],[-123.01206,49.25811],[-123.01201,49.25753],[-123.00844,49.25755],[-123.00559,49.25716],[-123.00476,49.25679],[-123.00432,49.25626],[-123.00435,49.25469],[-123.01074,49.25468],[-123.01201,49.25667],[-123.012,49.2572],[-123.01396,49.25721],[-123.01395,49.25541],[-123.01393,49.25466],[-123.01511,49.25467],[-123.0198,49.25469],[-123.01978,49.25728],[-123.02351,49.25733],[-123.0235,49.25822]]]}},{"type":"Feature","properties":{"fed":"59002","poll":"102-0","type":"N"},"geometry":{"type":"Polygon","coordinates":[[[-123.00502,49.22195],[-123.00218,49.22466],[-123.00068,49.22397],[-123.0028,49.22195],[-123.00502,49.22195]]]}},{"type":"Feature","properties":{"fed":"59002","poll":"100-0","type":"N"},"geometry":{"type":"Polygon","coordinates":[[[-123.00806,49.22332],[-123.00755,49.22335],[-123.00502,49.22574],[-123.00518,49.22604],[-123.0034,49.22522],[-123.0063,49.2225],[-123.0077,49.22314],[-123.00806,49.22332]]]}},{"type":"Feature","properties":{"fed":"59002","poll":"106-0","type":"N"},"geometry":{"type":"Polygon","coordinates":[[[-122.99778,49.22998],[-122.99864,49.22917],[-123.00185,49.23023],[-123.00118,49.23085],[-123.00043,49.23065],[-122.99778,49.22998]]]}},{"type":"Feature","properties":{"fed":"59003","poll":"171-0","type":"N"},"geometry":{"type":"Polygon","coordinates":[[[-123.00265,49.26806],[-123.00263,49.26714],[-123.00311,49.26713],[-123.0031,49.26749],[-123.00308,49.26805],[-123.00265,49.26806]]]}},{"type":"Feature","properties":{"fed":"59003","poll":"67-0","type":"N"},"geometry":{"type":"Polygon","coordinates":[[[-123.01816,49.31182],[-123.01878,49.31231],[-123.01932,49.31256],[-123.01984,49.31233],[-123.02201,49.31247],[-123.01731,49.31511],[-123.01435,49.32057],[-123.01172,49.31806],[-123.01149,49.31693],[-123.01155,49.31581],[-123.01201,49.31508],[-123.01459,49.31378],[-123.01374,49.31247],[-123.01446,49.31176],[-123.01473,49.311],[-123.01851,49.31051],[-123.01988,49.31089],[-123.01816,49.31182]]]}},{"type":"Feature","properties":{"fed":"59002","poll":"60-0","type":"N"},"geometry":{"type":"Polygon","coordinates":[[[-123.01208,49.22341],[-123.01252,49.22286],[-123.01301,49.22296],[-123.0134,49.22244],[-123.01262,49.22196],[-123.02363,49.22196],[-123.0235,49.2252],[-123.02353,49.2281],[-123.02353,49.22924],[-123.02349,49.2323],[-123.01879,49.23264],[-123.01588,49.23283],[-123.01262,49.23264],[-123.01139,49.23235],[-123.01114,49.23062],[-123.01227,49.22953],[-123.01266,49.22969],[-123.01267,49.22925],[-123.01265,49.22685],[-123.01264,49.22525],[-123.01258,49.22367],[-123.01208,49.22341]]]}},{"type":"Feature","properties":{"fed":"59002","poll":"32-0","type":"N"},"geometry":{"type":"Polygon","coordinates":[[[-123.01351,49.24046],[-123.01141,49.24015],[-123.00905,49.23933],[-123.00817,49.23992],[-123.00682,49.2388],[-123.00577,49.23695],[-123.00621,49.23695],[-123.00621,49.23418],[-123.00747,49.23419],[-123.00746,49.23726],[-123.0105,49.23797],[-123.01108,49.23718],[-123.01352,49.23792],[-123.01351,49.24046]]]}},{"type":"Feature","properties":{"fed":"59002","poll":"22-0","type":"N"},"geometry":{"type":"Polygon","coordinates":[[[-123.01982,49.24883],[-123.01983,49.24972],[-123.01746,49.2497],[-123.01745,49.24883],[-123.0128,49.24869],[-123.01255,49.24782],[-123.0153,49.24786],[-123.01529,49.24701],[-123.01982,49.247],[-123.01982,49.24883]]]}},{"type":"Feature","properties":{"fed":"59002","poll":"2-0","type":"N"},"geometry":{"type":"Polygon","coordinates":[[[-123.01238,49.26447],[-123.01423,49.26449],[-123.01436,49.2661],[-123.0088,49.2664],[-123.00879,49.26526],[-123.00878,49.26445],[-123.01238,49.26447]]]}},{"type":"Feature","properties":{"fed":"59002","poll":"95-0","type":"N"},"geometry":{"type":"Polygon","coordinates":[[[-123.00377,49.22598],[-123.0035,49.2262],[-123.0028,49.22588],[-122.9969,49.22496],[-122.99421,49.22393],[-122.99421,49.22352],[-122.99419,49.22195],[-122.99712,49.22195],[-122.99724,49.2226],[-123.00582,49.22667],[-123.00566,49.22683],[-123.00377,49.22598]]]}},{"type":"Feature","properties":{"fed":"59002","poll":"25-0","type":"N"},"geometry":{"type":"Polygon","coordinates":[[[-123.02357,49.2449],[-123.01982,49.24485],[-123.01982,49.24441],[-123.01711,49.2444],[-123.01712,49.24297],[-123.01583,49.24296],[-123.01584,49.24129],[-123.01862,49.24131],[-123.01982,49.24131],[-123.01982,49.24297],[-123.02358,49.24299],[-123.02357,49.24443],[-123.02357,49.2449]]]}},{"type":"Feature","properties":{"fed":"59002","poll":"15-0","type":"N"},"geometry":{"type":"Polygon","coordinates":[[[-123.02351,49.25733],[-123.01978,49.25728],[-123.0198,49.25469],[-123.02352,49.25473],[-123.02351,49.25733]]]}},{"type":"Feature","properties":{"fed":"59002","poll":"117-0","type":"N"},"geometry":{"type":"Polygon","coordinates":[[[-123.00984,49.22555],[-123.01144,49.22629],[-123.0097,49.2281],[-123.01065,49.22853],[-123.01034,49.22883],[-123.00898,49.22824],[-123.00747,49.22767],[-123.0079,49.22727],[-123.00984,49.22555]]]}},{"type":"Feature","properties":{"fed":"59002","poll":"17-0","type":"N"},"geometry":{"type":"Polygon","coordinates":[[[-123.02352,49.25473],[-123.0198,49.25469],[-123.01511,49.25467],[-123.01517,49.25293],[-123.01649,49.25289],[-123.01639,49.25361],[-123.0167,49.25381],[-123.01728,49.25373],[-123.01761,49.25317],[-123.02352,49.25332],[-123.02352,49.25473]],[[-123.0198,49.25418],[-123.01966,49.25409],[-123.01883,49.25418],[-123.0198,49.25418]]]}},{"type":"Feature","properties":{"fed":"59003","poll":"66-0","type":"N"},"geometry":{"type":"Polygon","coordinates":[[[-123.03898,49.30688],[-123.03845,49.30768],[-123.03848,49.30918],[-123.03817,49.30971],[-123.03803,49.30995],[-123.03519,49.31098],[-123.03391,49.3123],[-123.03357,49.31327],[-123.03255,49.31327],[-123.03259,49.3122],[-123.03263,49.31067],[-123.02891,49.31064],[-123.0289,49.30902],[-123.02951,49.30792],[-123.02946,49.30927],[-123.02951,49.30879],[-123.03199,49.30882],[-123.03208,49.30517],[-123.03898,49.30688]]]}},{"type":"Feature","properties":{"fed":"59003","poll":"65-0","type":"N"},"geometry":{"type":"Polygon","coordinates":[[[-123.03259,49.3122],[-123.03134,49.31214],[-123.03133,49.31151],[-123.02842,49.31145],[-123.02831,49.31126],[-123.02917,49.31126],[-123.02891,49.31064],[-123.03263,49.31067],[-123.03259,49.3122]]]}},{"type":"Feature","properties":{"fed":"59003","poll":"133-0","type":"N"},"geometry":{"type":"Polygon","coordinates":[[[-123.01255,49.2689],[-123.01287,49.26808],[-123.0143,49.26808],[-123.01425,49.27029],[-123.01319,49.26943],[-123.01255,49.2689]]]}},{"type":"Feature","properties":{"fed":"59003","poll":"136-0","type":"N"},"geometry":{"type":"Polygon","coordinates":[[[-123.0143,49.26808],[-123.01287,49.26808],[-123.01288,49.26625],[-123.01436,49.26617],[-123.0143,49.26808]]]}},{"type":"Feature","properties":{"fed":"59003","poll":"135-0","type":"N"},"geometry":{"type":"Polygon","coordinates":[[[-123.00654,49.26984],[-123.00652,49.26807],[-123.01034,49.26799],[-123.01255,49.2689],[-123.01319,49.26943],[-123.01282,49.27023],[-123.01259,49.26985],[-123.00654,49.26984]]]}},{"type":"Feature","properties":{"fed":"59003","poll":"132-0","type":"N"},"geometry":{"type":"Polygon","coordinates":[[[-123.01282,49.27023],[-123.0121,49.27205],[-123.00878,49.27202],[-123.00739,49.27201],[-123.0074,49.27019],[-123.00464,49.27016],[-123.00462,49.27197],[-123.00315,49.27195],[-123.0031,49.27017],[-123.0034,49.26984],[-123.00654,49.26984],[-123.01259,49.26985],[-123.01282,49.27023]]]}},{"type":"Feature","properties":{"fed":"59003","poll":"138-0","type":"N"},"geometry":{"type":"Polygon","coordinates":[[[-123.00866,49.26745],[-123.00601,49.26745],[-123.00603,49.26645],[-123.0088,49.2664],[-123.00866,49.26745]]]}},{"type":"Feature","properties":{"fed":"59003","poll":"137-0","type":"N"},"geometry":{"type":"Polygon","coordinates":[[[-123.01288,49.26625],[-123.01287,49.26808],[-123.01034,49.26799],[-123.00652,49.26807],[-123.006,49.26807],[-123.00601,49.26745],[-123.00866,49.26745],[-123.0088,49.2664],[-123.01436,49.2661],[-123.01436,49.26617],[-123.01288,49.26625]]]}},{"type":"Feature","properties":{"fed":"59003","poll":"134-0","type":"N"},"geometry":{"type":"Polygon","coordinates":[[[-123.01034,49.26799],[-123.01287,49.26808],[-123.01255,49.2689],[-123.01034,49.26799]]]}},{"type":"Feature","properties":{"fed":"59003","poll":"33-0","type":"N"},"geometry":{"type":"Polygon","coordinates":[[[-123.04096,49.32067],[-123.04099,49.32376],[-123.03972,49.32363],[-123.03975,49.32281],[-123.03844,49.32279],[-123.03835,49.32486],[-123.03734,49.32484],[-123.03525,49.32388],[-123.03549,49.32332],[-123.03483,49.32246],[-123.03589,49.32127],[-123.03571,49.32009],[-123.03474,49.319],[-123.03674,49.31618],[-123.03755,49.31573],[-123.04062,49.31932],[-123.04173,49.32073],[-123.04096,49.32067]]]}},{"type":"Feature","properties":{"fed":"59003","poll":"34-0","type":"N"},"geometry":{"type":"Polygon","coordinates":[[[-123.03755,49.31573],[-123.03674,49.31618],[-123.03474,49.319],[-123.03571,49.32009],[-123.03589,49.32127],[-123.03483,49.32246],[-123.03549,49.32332],[-123.03525,49.32388],[-123.03394,49.32542],[-123.03272,49.32542],[-123.03268,49.32628],[-123.03089,49.32681],[-123.03012,49.32522],[-123.0299,49.32594],[-123.02931,49.32626],[-123.02753,49.32421],[-123.02869,49.32325],[-123.02901,49.32179],[-123.03296,49.31666],[-123.03336,49.31385],[-123.03339,49.31378],[-123.03656,49.31494],[-123.03767,49.31562],[-123.03755,49.31573]]]}},{"type":"Feature","properties":{"fed":"59002","poll":"98-0","type":"N"},"geometry":{"type":"Polygon","coordinates":[[[-123.01262,49.22196],[-123.0134,49.22244],[-123.01301,49.22296],[-123.01252,49.22286],[-123.01208,49.22341],[-123.01137,49.22409],[-123.01091,49.22381],[-123.01088,49.22196],[-123.01262,49.22196]]]}},{"type":"Feature","properties":{"fed":"59002","poll":"91-0","type":"N"},"geometry":{"type":"Polygon","coordinates":[[[-123.00079,49.22887],[-123.00158,49.22813],[-123.00261,49.22856],[-123.0019,49.22925],[-123.00079,49.22887]]]}},{"type":"Feature","properties":{"fed":"59002","poll":"90-0","type":"N"},"geometry":{"type":"Polygon","coordinates":[[[-123.00287,49.22832],[-123.00366,49.22757],[-123.00449,49.22795],[-123.0037,49.2287],[-123.00287,49.22832]]]}},{"type":"Feature","properties":{"fed":"59002","poll":"6-0","type":"N"},"geometry":{"type":"Polygon","coordinates":[[[-123.00603,49.26443],[-123.00603,49.26645],[-123.00313,49.26637],[-123.00314,49.26444],[-123.00603,49.26443]]]}},{"type":"Feature","properties":{"fed":"59002","poll":"42-0","type":"N"},"geometry":{"type":"Polygon","coordinates":[[[-123.00122,49.23701],[-123.00339,49.23709],[-123.00339,49.23863],[-122.99991,49.23864],[-122.99989,49.23702],[-122.99788,49.23704],[-122.99784,49.23541],[-122.99423,49.23541],[-122.99423,49.23442],[-122.99423,49.23341],[-122.99781,49.23342],[-122.99782,49.23379],[-122.99917,49.23377],[-122.99917,49.2354],[-123.00121,49.2354],[-123.00122,49.23701]]]}},{"type":"Feature","properties":{"fed":"59002","poll":"88-0","type":"N"},"geometry":{"type":"Polygon","coordinates":[[[-123.00479,49.23021],[-123.00341,49.2315],[-123.00118,49.23085],[-123.00185,49.23023],[-122.99864,49.22917],[-122.99778,49.22998],[-122.99768,49.22887],[-122.99773,49.22786],[-123.00079,49.22887],[-123.0019,49.22925],[-123.00267,49.22951],[-123.00479,49.23021]]]}},{"type":"Feature","properties":{"fed":"59002","poll":"26-0","type":"N"},"geometry":{"type":"Polygon","coordinates":[[[-123.01583,49.24296],[-123.01712,49.24297],[-123.01711,49.2444],[-123.01711,49.24511],[-123.01531,49.24513],[-123.0153,49.24611],[-123.01252,49.24609],[-123.01256,49.24476],[-123.01114,49.24475],[-123.01115,49.24296],[-123.01351,49.24296],[-123.01351,49.24127],[-123.01584,49.24129],[-123.01583,49.24296]]]}},{"type":"Feature","properties":{"fed":"59002","poll":"116-0","type":"N"},"geometry":{"type":"Polygon","coordinates":[[[-123.00747,49.22767],[-123.00898,49.22824],[-123.0072,49.2299],[-123.00589,49.22932],[-123.00479,49.23021],[-123.00267,49.22951],[-123.0037,49.2287],[-123.00449,49.22795],[-123.00566,49.22683],[-123.00582,49.22667],[-123.00612,49.22647],[-123.00703,49.22688],[-123.0079,49.22727],[-123.00747,49.22767]]]}},{"type":"Feature","properties":{"fed":"59003","poll":"90-0","type":"N"},"geometry":{"type":"Polygon","coordinates":[[[-123.02334,49.28567],[-123.02331,49.28661],[-123.02093,49.28656],[-123.02091,49.28745],[-123.01853,49.28744],[-123.01855,49.28654],[-123.01855,49.28563],[-123.01619,49.28562],[-123.0162,49.28472],[-123.01859,49.28473],[-123.01859,49.28383],[-123.02097,49.28383],[-123.02336,49.28386],[-123.02334,49.28567]]]}},{"type":"Feature","properties":{"fed":"59003","poll":"102-0","type":"N"},"geometry":{"type":"Polygon","coordinates":[[[-123.00313,49.28285],[-123.0031,49.28371],[-123.00306,49.28552],[-123.00107,49.28565],[-122.99936,49.28626],[-122.99462,49.28891],[-122.99461,49.28638],[-122.99467,49.28454],[-122.99338,49.28452],[-122.99334,49.28363],[-122.99337,49.28188],[-123.00025,49.28188],[-123.00026,49.28101],[-123.00314,49.28102],[-123.00313,49.28285]]]}},{"type":"Feature","properties":{"fed":"59003","poll":"98-0","type":"N"},"geometry":{"type":"Polygon","coordinates":[[[-123.00865,49.28286],[-123.00859,49.28555],[-123.00581,49.28554],[-123.00587,49.28373],[-123.0031,49.28371],[-123.00313,49.28285],[-123.00588,49.28284],[-123.00588,49.28193],[-123.00867,49.28194],[-123.00865,49.28286]]]}},{"type":"Feature","properties":{"fed":"59003","poll":"122-0","type":"N"},"geometry":{"type":"Polygon","coordinates":[[[-123.00874,49.27742],[-123.00598,49.2774],[-123.00597,49.2783],[-123.00316,49.27827],[-123.00314,49.2756],[-123.00874,49.27562],[-123.00874,49.27742]]]}},{"type":"Feature","properties":{"fed":"59003","poll":"116-0","type":"N"},"geometry":{"type":"Polygon","coordinates":[[[-123.01148,49.27924],[-123.01423,49.27927],[-123.01421,49.28017],[-123.00868,49.28012],[-123.00869,49.28104],[-123.00591,49.28103],[-123.00592,49.2801],[-123.00595,49.27921],[-123.01148,49.27924]]]}},{"type":"Feature","properties":{"fed":"59003","poll":"120-0","type":"N"},"geometry":{"type":"Polygon","coordinates":[[[-123.01149,49.27835],[-123.01148,49.27924],[-123.00595,49.27921],[-123.00592,49.2801],[-123.00317,49.2801],[-123.00319,49.27921],[-123.00316,49.27827],[-123.00597,49.2783],[-123.01149,49.27835]]]}},{"type":"Feature","properties":{"fed":"59003","poll":"104-0","type":"N"},"geometry":{"type":"Polygon","coordinates":[[[-123.00317,49.2801],[-123.00314,49.28102],[-123.00026,49.28101],[-122.99749,49.28099],[-122.9975,49.28009],[-122.99753,49.27827],[-123.00031,49.27828],[-123.00031,49.27919],[-123.00319,49.27921],[-123.00317,49.2801]]]}},{"type":"Feature","properties":{"fed":"59003","poll":"128-0","type":"N"},"geometry":{"type":"Polygon","coordinates":[[[-123.0031,49.27017],[-123.00315,49.27195],[-123.00231,49.27196],[-123.00095,49.27196],[-123.00035,49.27284],[-122.99882,49.27377],[-122.998,49.27306],[-122.99622,49.2737],[-122.99585,49.27283],[-122.99755,49.27213],[-122.99793,49.27172],[-122.99774,49.27127],[-122.99598,49.27018],[-122.99747,49.26791],[-123.00021,49.26968],[-123.00309,49.26954],[-123.0031,49.27017]]]}},{"type":"Feature","properties":{"fed":"59002","poll":"34-0","type":"N"},"geometry":{"type":"Polygon","coordinates":[[[-123.01588,49.23283],[-123.01587,49.23479],[-123.01587,49.23551],[-123.01111,49.2355],[-123.01111,49.23405],[-123.01351,49.23405],[-123.01351,49.23296],[-123.01242,49.23287],[-123.01262,49.23264],[-123.01588,49.23283]]]}},{"type":"Feature","properties":{"fed":"59002","poll":"39-0","type":"N"},"geometry":{"type":"Polygon","coordinates":[[[-123.00342,49.24301],[-123.00345,49.24629],[-123.00442,49.24833],[-123.00438,49.2518],[-122.99972,49.2518],[-122.99969,49.24874],[-122.99844,49.24867],[-122.99815,49.24569],[-122.99668,49.24569],[-122.99667,49.24699],[-122.99625,49.24766],[-122.99616,49.25051],[-122.99476,49.25141],[-122.9935,49.25112],[-122.99363,49.2488],[-122.99315,49.2432],[-122.99665,49.24287],[-122.99799,49.24307],[-122.99799,49.2417],[-122.99888,49.24172],[-123.00188,49.24281],[-123.00342,49.24301]]]}},{"type":"Feature","properties":{"fed":"59002","poll":"21-0","type":"N"},"geometry":{"type":"Polygon","coordinates":[[[-123.01982,49.25152],[-123.01784,49.2515],[-123.01612,49.25192],[-123.0146,49.25093],[-123.01317,49.25091],[-123.01315,49.25235],[-123.01411,49.25292],[-123.01413,49.25264],[-123.01518,49.25267],[-123.01517,49.25293],[-123.01511,49.25467],[-123.01393,49.25466],[-123.01395,49.25541],[-123.01368,49.25532],[-123.01368,49.25541],[-123.01354,49.25532],[-123.01195,49.25539],[-123.01368,49.25541],[-123.01369,49.25541],[-123.01395,49.25541],[-123.01396,49.25721],[-123.012,49.2572],[-123.01201,49.25667],[-123.01074,49.25468],[-123.0108,49.25067],[-123.01006,49.24957],[-123.01013,49.24921],[-123.0124,49.2492],[-123.0128,49.24869],[-123.01745,49.24883],[-123.01746,49.2497],[-123.01983,49.24972],[-123.01982,49.25152]],[[-123.01346,49.25359],[-123.01314,49.25359],[-123.01314,49.25368],[-123.01346,49.25359]]]}},{"type":"Feature","properties":{"fed":"59002","poll":"27-0","type":"N"},"geometry":{"type":"Polygon","coordinates":[[[-123.02358,49.24299],[-123.01982,49.24297],[-123.01982,49.24131],[-123.01862,49.24131],[-123.01862,49.23987],[-123.01585,49.23985],[-123.01586,49.23877],[-123.01986,49.23879],[-123.01984,49.24021],[-123.02357,49.24024],[-123.02358,49.24299]]]}},{"type":"Feature","properties":{"fed":"59002","poll":"500-0","type":"M"},"geometry":{"type":"Polygon","coordinates":[[[-123.0198,49.25418],[-123.01883,49.25418],[-123.01966,49.25409],[-123.0198,49.25418]]]}},{"type":"Feature","properties":{"fed":"59002","poll":"508-0","type":"M"},"geometry":{"type":"Polygon","coordinates":[[[-123.00559,49.23206],[-123.00585,49.23212],[-123.0058,49.23221],[-123.00559,49.23206]]]}},{"type":"Feature","properties":{"fed":"59002","poll":"502-0","type":"M"},"geometry":{"type":"Polygon","coordinates":[[[-123.01195,49.25539],[-123.01354,49.25532],[-123.01368,49.25541],[-123.01195,49.25539]]]}},{"type":"Feature","properties":{"fed":"59002","poll":"43-0","type":"N"},"geometry":{"type":"Polygon","coordinates":[[[-123.0034,49.23694],[-123.00339,49.23709],[-123.00122,49.23701],[-123.00121,49.2354],[-122.99917,49.2354],[-122.99917,49.23377],[-122.99914,49.23217],[-123.00329,49.23214],[-123.0034,49.23694]]]}},{"type":"Feature","properties":{"fed":"59002","poll":"12-0","type":"N"},"geometry":{"type":"Polygon","coordinates":[[[-123.00325,49.26206],[-123.00324,49.26231],[-123.00043,49.26237],[-123.0004,49.26447],[-122.99764,49.26448],[-122.99765,49.26386],[-122.9977,49.26198],[-122.99832,49.26045],[-122.99905,49.26015],[-123.00384,49.26019],[-123.00325,49.26206]]]}},{"type":"Feature","properties":{"fed":"59003","poll":"97-0","type":"N"},"geometry":{"type":"Polygon","coordinates":[[[-123.01619,49.28562],[-123.01855,49.28563],[-123.01855,49.28654],[-123.01617,49.28654],[-123.00855,49.28648],[-123.00859,49.28555],[-123.01133,49.28558],[-123.01135,49.28469],[-123.01413,49.2847],[-123.0162,49.28472],[-123.01619,49.28562]]]}},{"type":"Feature","properties":{"fed":"59003","poll":"114-0","type":"N"},"geometry":{"type":"Polygon","coordinates":[[[-123.01867,49.2793],[-123.01866,49.2802],[-123.0163,49.28018],[-123.01629,49.28106],[-123.01418,49.28105],[-123.01421,49.28017],[-123.01423,49.27927],[-123.01148,49.27924],[-123.01149,49.27835],[-123.01426,49.27837],[-123.01427,49.27747],[-123.01631,49.27749],[-123.01631,49.27839],[-123.01865,49.27841],[-123.01867,49.2793]]]}},{"type":"Feature","properties":{"fed":"59003","poll":"96-0","type":"N"},"geometry":{"type":"Polygon","coordinates":[[[-123.01615,49.28833],[-123.0085,49.28829],[-123.00853,49.28737],[-123.00855,49.28648],[-123.01617,49.28654],[-123.01615,49.28833]]]}},{"type":"Feature","properties":{"fed":"59003","poll":"99-0","type":"N"},"geometry":{"type":"Polygon","coordinates":[[[-123.01418,49.28105],[-123.01419,49.28199],[-123.01144,49.28196],[-123.0114,49.28287],[-123.00865,49.28286],[-123.00867,49.28194],[-123.00869,49.28104],[-123.00868,49.28012],[-123.01421,49.28017],[-123.01418,49.28105]]]}},{"type":"Feature","properties":{"fed":"59003","poll":"125-0","type":"N"},"geometry":{"type":"Polygon","coordinates":[[[-123.00603,49.27471],[-123.00876,49.27473],[-123.00874,49.27562],[-123.00314,49.2756],[-123.00033,49.27557],[-123.00034,49.27466],[-122.99758,49.27465],[-122.99733,49.27437],[-122.9978,49.27418],[-123.00039,49.2741],[-123.0017,49.27319],[-123.00231,49.27196],[-123.00315,49.27195],[-123.00462,49.27197],[-123.0046,49.27377],[-123.00602,49.2738],[-123.00603,49.27471]]]}},{"type":"Feature","properties":{"fed":"59003","poll":"130-0","type":"N"},"geometry":{"type":"Polygon","coordinates":[[[-123.01282,49.27023],[-123.01319,49.26943],[-123.01425,49.27029],[-123.01361,49.27048],[-123.01358,49.27365],[-123.01427,49.27389],[-123.01151,49.27385],[-123.01153,49.2743],[-123.01426,49.27433],[-123.01426,49.27478],[-123.01428,49.27567],[-123.01155,49.27564],[-123.00874,49.27562],[-123.00876,49.27473],[-123.00878,49.27202],[-123.0121,49.27205],[-123.01282,49.27023]]]}},{"type":"Feature","properties":{"fed":"59002","poll":"19-0","type":"N"},"geometry":{"type":"Polygon","coordinates":[[[-123.02353,49.25066],[-123.02353,49.25151],[-123.02353,49.25242],[-123.01982,49.2524],[-123.01982,49.25152],[-123.01983,49.24972],[-123.01982,49.24883],[-123.02355,49.24884],[-123.02353,49.25066]]]}},{"type":"Feature","properties":{"fed":"59002","poll":"13-0","type":"N"},"geometry":{"type":"Polygon","coordinates":[[[-123.02354,49.25988],[-123.02353,49.26233],[-123.01419,49.2622],[-123.0088,49.26213],[-123.00325,49.26206],[-123.00384,49.26019],[-123.00418,49.25752],[-122.98914,49.25775],[-122.98902,49.25615],[-122.99333,49.25628],[-122.99355,49.25445],[-122.99666,49.25468],[-123.00435,49.25469],[-123.00432,49.25626],[-123.00476,49.25679],[-123.00559,49.25716],[-123.00844,49.25755],[-123.01201,49.25753],[-123.01206,49.25811],[-123.01581,49.25817],[-123.01953,49.25869],[-123.02258,49.26047],[-123.02354,49.25988]]]}},{"type":"Feature","properties":{"fed":"59002","poll":"33-0","type":"N"},"geometry":{"type":"Polygon","coordinates":[[[-123.01879,49.23264],[-123.01994,49.2333],[-123.01992,49.23486],[-123.01587,49.23479],[-123.01588,49.23283],[-123.01879,49.23264]]]}},{"type":"Feature","properties":{"fed":"59002","poll":"14-0","type":"N"},"geometry":{"type":"Polygon","coordinates":[[[-123.00384,49.26019],[-122.99905,49.26015],[-122.99832,49.26045],[-122.9977,49.26198],[-122.99765,49.26386],[-122.9953,49.26372],[-122.99223,49.26389],[-122.99223,49.26501],[-122.98942,49.26379],[-122.99218,49.26345],[-122.99204,49.26189],[-122.98557,49.26181],[-122.98329,49.25939],[-122.98284,49.2576],[-122.98533,49.25796],[-122.98923,49.25796],[-122.98914,49.25775],[-123.00418,49.25752],[-123.00384,49.26019]]]}},{"type":"Feature","properties":{"fed":"59002","poll":"89-0","type":"N"},"geometry":{"type":"Polygon","coordinates":[[[-123.00261,49.22856],[-123.00287,49.22832],[-123.0037,49.2287],[-123.00267,49.22951],[-123.0019,49.22925],[-123.00261,49.22856]]]}},{"type":"Feature","properties":{"fed":"59002","poll":"9-0","type":"N"},"geometry":{"type":"Polygon","coordinates":[[[-123.00603,49.26443],[-123.00314,49.26444],[-123.00324,49.26231],[-123.00589,49.2633],[-123.00603,49.26443]]]}},{"type":"Feature","properties":{"fed":"59002","poll":"18-0","type":"N"},"geometry":{"type":"Polygon","coordinates":[[[-123.02352,49.25332],[-123.01761,49.25317],[-123.01728,49.25373],[-123.0167,49.25381],[-123.01639,49.25361],[-123.01649,49.25289],[-123.01517,49.25293],[-123.01518,49.25267],[-123.01413,49.25264],[-123.01411,49.25292],[-123.01315,49.25235],[-123.01317,49.25091],[-123.0146,49.25093],[-123.01612,49.25192],[-123.01784,49.2515],[-123.01982,49.25152],[-123.01982,49.2524],[-123.02353,49.25242],[-123.02352,49.25332]]]}},{"type":"Feature","properties":{"fed":"59002","poll":"30-0","type":"N"},"geometry":{"type":"Polygon","coordinates":[[[-123.01586,49.23877],[-123.01585,49.23985],[-123.01862,49.23987],[-123.01862,49.24131],[-123.01584,49.24129],[-123.01351,49.24127],[-123.01351,49.24046],[-123.01352,49.23792],[-123.01108,49.23718],[-123.01108,49.23694],[-123.01586,49.23696],[-123.01586,49.23877]]]}},{"type":"Feature","properties":{"fed":"59002","poll":"20-0","type":"N"},"geometry":{"type":"Polygon","coordinates":[[[-123.02356,49.24705],[-123.02355,49.24884],[-123.01982,49.24883],[-123.01982,49.247],[-123.01982,49.24523],[-123.01711,49.24511],[-123.01711,49.2444],[-123.01982,49.24441],[-123.01982,49.24485],[-123.02357,49.2449],[-123.02356,49.24705]]]}},{"type":"Feature","properties":{"fed":"59002","poll":"24-0","type":"N"},"geometry":{"type":"Polygon","coordinates":[[[-123.01255,49.24782],[-123.0128,49.24869],[-123.0124,49.2492],[-123.01013,49.24921],[-123.01006,49.24957],[-123.0108,49.25067],[-123.01074,49.25468],[-123.00435,49.25469],[-122.99666,49.25468],[-122.99355,49.25445],[-122.99449,49.25239],[-122.99737,49.25071],[-122.99814,49.24958],[-122.99799,49.24791],[-122.99625,49.24766],[-122.99667,49.24699],[-122.99668,49.24569],[-122.99815,49.24569],[-122.99844,49.24867],[-122.99969,49.24874],[-122.99972,49.2518],[-123.00438,49.2518],[-123.00442,49.24833],[-123.00345,49.24629],[-123.00342,49.24301],[-123.00342,49.24293],[-123.005,49.24291],[-123.00725,49.24296],[-123.00734,49.24247],[-123.00801,49.24245],[-123.00805,49.24296],[-123.00978,49.24296],[-123.00977,49.24475],[-123.007,49.24475],[-123.00698,49.24663],[-123.01112,49.24664],[-123.01114,49.24475],[-123.01256,49.24476],[-123.01252,49.24609],[-123.01255,49.24782]]]}},{"type":"Feature","properties":{"fed":"59002","poll":"4-0","type":"N"},"geometry":{"type":"Polygon","coordinates":[[[-123.0088,49.2664],[-123.00603,49.26645],[-123.00603,49.26443],[-123.00878,49.26445],[-123.00812,49.26474],[-123.00815,49.26579],[-123.0088,49.2664]]]}},{"type":"Feature","properties":{"fed":"59002","poll":"501-0","type":"M"},"geometry":{"type":"Polygon","coordinates":[[[-123.01368,49.25541],[-123.01368,49.25532],[-123.01395,49.25541],[-123.01369,49.25541],[-123.01368,49.25541]]]}},{"type":"Feature","properties":{"fed":"59002","poll":"28-0","type":"N"},"geometry":{"type":"Polygon","coordinates":[[[-123.01115,49.24296],[-123.01114,49.24475],[-123.01112,49.24664],[-123.00698,49.24663],[-123.007,49.24475],[-123.00977,49.24475],[-123.00978,49.24296],[-123.00805,49.24296],[-123.00801,49.24245],[-123.00734,49.24247],[-123.00725,49.24296],[-123.005,49.24291],[-123.00501,49.24162],[-123.00578,49.24075],[-123.00725,49.24052],[-123.01065,49.24177],[-123.01104,49.24097],[-123.01351,49.24127],[-123.01351,49.24296],[-123.01115,49.24296]]]}},{"type":"Feature","properties":{"fed":"59002","poll":"59-0","type":"N"},"geometry":{"type":"Polygon","coordinates":[[[-123.02349,49.2323],[-123.02347,49.23433],[-123.02345,49.23622],[-123.02344,49.23699],[-123.02331,49.2369],[-123.02233,49.23699],[-123.01989,49.23698],[-123.01992,49.23486],[-123.01994,49.2333],[-123.01879,49.23264],[-123.02349,49.2323]]]}},{"type":"Feature","properties":{"fed":"59002","poll":"55-0","type":"N"},"geometry":{"type":"Polygon","coordinates":[[[-123.00559,49.23206],[-123.0058,49.23221],[-123.00585,49.23212],[-123.00677,49.23236],[-123.00769,49.23259],[-123.00747,49.23419],[-123.00621,49.23418],[-123.00621,49.23695],[-123.00577,49.23695],[-123.0034,49.23694],[-123.00329,49.23214],[-123.00341,49.2315],[-123.00559,49.23206]]]}},{"type":"Feature","properties":{"fed":"59003","poll":"131-0","type":"N"},"geometry":{"type":"Polygon","coordinates":[[[-123.00876,49.27473],[-123.00603,49.27471],[-123.00602,49.2738],[-123.0046,49.27377],[-123.00462,49.27197],[-123.00464,49.27016],[-123.0074,49.27019],[-123.00739,49.27201],[-123.00878,49.27202],[-123.00876,49.27473]]]}},{"type":"Feature","properties":{"fed":"59003","poll":"38-0","type":"N"},"geometry":{"type":"Polygon","coordinates":[[[-123.02997,49.29963],[-123.02975,49.30456],[-123.03094,49.30483],[-123.0295,49.30472],[-123.02951,49.30792],[-123.0289,49.30902],[-123.02891,49.31064],[-123.02917,49.31126],[-123.02831,49.31126],[-123.02802,49.31122],[-123.02781,49.30937],[-123.02696,49.30937],[-123.02695,49.30865],[-123.02366,49.30879],[-123.02335,49.31058],[-123.02563,49.31106],[-123.02453,49.31241],[-123.02201,49.31247],[-123.01984,49.31233],[-123.01932,49.31256],[-123.01878,49.31231],[-123.01816,49.31182],[-123.01988,49.31089],[-123.02137,49.30988],[-123.02178,49.30917],[-123.02185,49.30847],[-123.02116,49.30651],[-123.02138,49.30577],[-123.02206,49.30524],[-123.02449,49.30384],[-123.02568,49.30275],[-123.0253,49.30184],[-123.02392,49.30067],[-123.02282,49.29902],[-123.02303,49.2985],[-123.02274,49.29776],[-123.02317,49.29758],[-123.02362,49.29741],[-123.0234,49.29645],[-123.02381,49.29625],[-123.02484,49.29625],[-123.02539,49.29942],[-123.02642,49.29895],[-123.02649,49.2983],[-123.02677,49.29828],[-123.027,49.30153],[-123.02828,49.3015],[-123.02838,49.29948],[-123.02945,49.29939],[-123.02997,49.29963]]]}},{"type":"Feature","properties":{"fed":"59002","poll":"31-0","type":"N"},"geometry":{"type":"Polygon","coordinates":[[[-123.01104,49.24097],[-123.01065,49.24177],[-123.00725,49.24052],[-123.00578,49.24075],[-123.00501,49.24162],[-123.005,49.24291],[-123.00342,49.24293],[-123.00339,49.23863],[-123.00339,49.23709],[-123.0034,49.23694],[-123.00577,49.23695],[-123.00682,49.2388],[-123.00817,49.23992],[-123.00905,49.23933],[-123.01141,49.24015],[-123.01351,49.24046],[-123.01351,49.24127],[-123.01104,49.24097]]]}},{"type":"Feature","properties":{"fed":"59002","poll":"3-0","type":"N"},"geometry":{"type":"Polygon","coordinates":[[[-123.00879,49.26526],[-123.0088,49.2664],[-123.00815,49.26579],[-123.00812,49.26474],[-123.00878,49.26445],[-123.00879,49.26526]]]}},{"type":"Feature","properties":{"fed":"59002","poll":"120-0","type":"N"},"geometry":{"type":"Polygon","coordinates":[[[-123.00989,49.22417],[-123.00703,49.22688],[-123.00612,49.22647],[-123.00899,49.22374],[-123.00989,49.22417]]]}},{"type":"Feature","properties":{"fed":"59002","poll":"99-0","type":"N"},"geometry":{"type":"Polygon","coordinates":[[[-123.01088,49.22196],[-123.01091,49.22381],[-123.01137,49.22409],[-123.01082,49.2246],[-123.00989,49.22417],[-123.00899,49.22374],[-123.00806,49.22332],[-123.0077,49.22314],[-123.00769,49.22196],[-123.00877,49.22196],[-123.01088,49.22196]]]}},{"type":"Feature","properties":{"fed":"59002","poll":"118-0","type":"N"},"geometry":{"type":"Polygon","coordinates":[[[-123.01264,49.22525],[-123.01265,49.22685],[-123.01172,49.22621],[-123.01144,49.22629],[-123.00984,49.22555],[-123.01082,49.2246],[-123.01204,49.2252],[-123.01264,49.22525]]]}},{"type":"Feature","properties":{"fed":"59002","poll":"94-0","type":"N"},"geometry":{"type":"Polygon","coordinates":[[[-122.99423,49.22519],[-122.99635,49.2252],[-122.9969,49.22496],[-123.0028,49.22588],[-123.0035,49.2262],[-123.00263,49.22713],[-123.00158,49.22813],[-123.00079,49.22887],[-122.99773,49.22786],[-122.99424,49.22672],[-122.99423,49.22519]]]}},{"type":"Feature","properties":{"fed":"59002","poll":"119-0","type":"N"},"geometry":{"type":"Polygon","coordinates":[[[-123.01082,49.2246],[-123.00984,49.22555],[-123.0079,49.22727],[-123.00703,49.22688],[-123.00989,49.22417],[-123.01082,49.2246]]]}},{"type":"Feature","properties":{"fed":"59002","poll":"92-0","type":"N"},"geometry":{"type":"Polygon","coordinates":[[[-123.00263,49.22713],[-123.00366,49.22757],[-123.00287,49.22832],[-123.00261,49.22856],[-123.00158,49.22813],[-123.00263,49.22713]]]}},{"type":"Feature","properties":{"fed":"59002","poll":"36-0","type":"N"},"geometry":{"type":"Polygon","coordinates":[[[-123.01111,49.23405],[-123.00884,49.23404],[-123.00884,49.23285],[-123.00769,49.23259],[-123.00983,49.23185],[-123.01139,49.23235],[-123.01109,49.23272],[-123.01111,49.23405]]]}},{"type":"Feature","properties":{"fed":"59002","poll":"58-0","type":"N"},"geometry":{"type":"Polygon","coordinates":[[[-123.00788,49.23122],[-123.00677,49.23236],[-123.00585,49.23212],[-123.00559,49.23206],[-123.00341,49.2315],[-123.00479,49.23021],[-123.00788,49.23122]]]}},{"type":"Feature","properties":{"fed":"59002","poll":"504-0","type":"M"},"geometry":{"type":"Polygon","coordinates":[[[-123.02344,49.23699],[-123.02289,49.23699],[-123.02233,49.23699],[-123.02331,49.2369],[-123.02344,49.23699]]]}},{"type":"Feature","properties":{"fed":"59002","poll":"503-0","type":"M"},"geometry":{"type":"Polygon","coordinates":[[[-123.01314,49.25368],[-123.01314,49.25359],[-123.01346,49.25359],[-123.01314,49.25368]]]}},{"type":"Feature","properties":{"fed":"59003","poll":"64-0","type":"N"},"geometry":{"type":"Polygon","coordinates":[[[-123.03339,49.31378],[-123.03336,49.31385],[-123.02881,49.31206],[-123.02802,49.31122],[-123.02831,49.31126],[-123.02842,49.31145],[-123.03133,49.31151],[-123.03134,49.31214],[-123.03259,49.3122],[-123.03255,49.31327],[-123.03357,49.31327],[-123.03339,49.31378]]]}},{"type":"Feature","properties":{"fed":"59003","poll":"35-0","type":"N"},"geometry":{"type":"Polygon","coordinates":[[[-123.03336,49.31385],[-123.03296,49.31666],[-123.02901,49.32179],[-123.02566,49.31998],[-123.02568,49.31973],[-123.02768,49.31762],[-123.02776,49.31311],[-123.02834,49.31274],[-123.028,49.31232],[-123.02522,49.31244],[-123.02453,49.31241],[-123.02563,49.31106],[-123.02335,49.31058],[-123.02366,49.30879],[-123.02695,49.30865],[-123.02696,49.30937],[-123.02781,49.30937],[-123.02802,49.31122],[-123.02881,49.31206],[-123.03336,49.31385]]]}},{"type":"Feature","properties":{"fed":"59003","poll":"36-0","type":"N"},"geometry":{"type":"Polygon","coordinates":[[[-123.02768,49.31762],[-123.02568,49.31973],[-123.02524,49.31935],[-123.02374,49.31885],[-123.02399,49.31761],[-123.02402,49.31566],[-123.02554,49.31444],[-123.02554,49.31414],[-123.0263,49.314],[-123.02776,49.31311],[-123.02768,49.31762]]]}},{"type":"Feature","properties":{"fed":"59003","poll":"37-0","type":"N"},"geometry":{"type":"Polygon","coordinates":[[[-123.02776,49.31311],[-123.0263,49.314],[-123.02554,49.31414],[-123.02554,49.31444],[-123.02402,49.31566],[-123.02399,49.31761],[-123.02094,49.3176],[-123.02071,49.3173],[-123.02094,49.31608],[-123.01889,49.31505],[-123.02522,49.31244],[-123.028,49.31232],[-123.02834,49.31274],[-123.02776,49.31311]]]}},{"type":"Feature","properties":{"fed":"59003","poll":"23-0","type":"N"},"geometry":{"type":"Polygon","coordinates":[[[-123.01889,49.31505],[-123.02094,49.31608],[-123.02071,49.3173],[-123.02094,49.3176],[-123.02399,49.31761],[-123.02374,49.31885],[-123.02524,49.31935],[-123.02568,49.31973],[-123.02566,49.31998],[-123.02901,49.32179],[-123.02869,49.32325],[-123.02753,49.32421],[-123.02334,49.32686],[-123.02321,49.32742],[-123.02439,49.32875],[-123.02446,49.32922],[-123.02422,49.33044],[-123.02343,49.33124],[-123.02358,49.33195],[-123.02063,49.33301],[-123.0192,49.33444],[-123.01718,49.33503],[-123.01509,49.33628],[-123.01467,49.33679],[-123.01472,49.33897],[-123.01612,49.3408],[-123.01625,49.34255],[-123.01791,49.3438],[-123.01952,49.34432],[-123.01985,49.34515],[-123.02085,49.34578],[-123.02106,49.34628],[-123.02051,49.34715],[-123.02049,49.34813],[-123.01986,49.34973],[-123.01898,49.35072],[-123.01894,49.35121],[-123.02219,49.35472],[-123.02264,49.35556],[-123.02483,49.35667],[-123.02693,49.35952],[-123.02751,49.36078],[-123.02619,49.36103],[-123.00816,49.36094],[-123.00927,49.36735],[-123.00811,49.37017],[-123.00633,49.37376],[-123.00086,49.38265],[-123.00035,49.38398],[-123.00014,49.38385],[-122.99634,49.38793],[-122.99619,49.38978],[-122.99546,49.39034],[-122.99359,49.39102],[-122.99018,49.39422],[-122.98978,49.39509],[-122.98985,49.39627],[-122.99081,49.39863],[-122.9909,49.39984],[-122.98943,49.40216],[-122.98942,49.40415],[-122.98612,49.40878],[-122.98288,49.40884],[-122.98238,49.40772],[-122.98116,49.40704],[-122.98079,49.40642],[-122.98459,49.40465],[-122.98575,49.40447],[-122.9862,49.40415],[-122.98627,49.40297],[-122.98517,49.40178],[-122.98706,49.39984],[-122.98709,49.39816],[-122.98822,49.39702],[-122.98833,49.3964],[-122.98772,49.39499],[-122.9864,49.39402],[-122.98459,49.39321],[-122.98469,49.39269],[-122.98618,49.39133],[-122.9875,49.39064],[-122.98861,49.39048],[-122.99146,49.39058],[-122.99249,49.39025],[-122.99471,49.38799],[-122.99489,49.38705],[-122.99397,49.38373],[-122.99274,49.3822],[-122.99253,49.38059],[-122.99125,49.37902],[-122.99128,49.37821],[-122.99434,49.37573],[-122.99857,49.37437],[-122.99938,49.37378],[-123.00032,49.372],[-123.0001,49.37009],[-123.00066,49.36855],[-123.0024,49.36769],[-123.00249,49.36721],[-123.00295,49.3674],[-123.00372,49.36641],[-123.00383,49.36553],[-123.00357,49.36515],[-123.00006,49.36341],[-122.99916,49.36167],[-122.99926,49.36067],[-123.00053,49.35839],[-123.00142,49.35775],[-123.00376,49.35694],[-123.00413,49.35642],[-123.00409,49.35541],[-123.00226,49.35436],[-123.00191,49.35325],[-123.00439,49.35061],[-123.00543,49.3484],[-123.00512,49.34734],[-123.00436,49.34686],[-123.00117,49.34658],[-123.00285,49.34493],[-123.0016,49.34014],[-123.00383,49.33502],[-123.00496,49.33148],[-123.00547,49.33097],[-123.00838,49.32979],[-123.00921,49.32935],[-123.01291,49.32485],[-123.01444,49.32193],[-123.01435,49.32057],[-123.01731,49.31511],[-123.02201,49.31247],[-123.02453,49.31241],[-123.02522,49.31244],[-123.01889,49.31505]]]}},{"type":"Feature","properties":{"fed":"59003","poll":"18-0","type":"N"},"geometry":{"type":"Polygon","coordinates":[[[-123.00623,49.31466],[-123.00689,49.31508],[-123.00738,49.31654],[-123.00748,49.31821],[-123.00353,49.31813],[-123.00359,49.31594],[-123.00158,49.31592],[-123.0018,49.31578],[-123.00135,49.31533],[-123.00126,49.31524],[-123.00474,49.31367],[-123.00623,49.31466]]]}},{"type":"Feature","properties":{"fed":"59003","poll":"68-0","type":"N"},"geometry":{"type":"Polygon","coordinates":[[[-123.03208,49.30517],[-123.03199,49.30882],[-123.02951,49.30879],[-123.02946,49.30927],[-123.02951,49.30792],[-123.0295,49.30472],[-123.03094,49.30483],[-123.02975,49.30456],[-123.02997,49.29963],[-123.02945,49.29939],[-123.02838,49.29948],[-123.02828,49.3015],[-123.027,49.30153],[-123.02677,49.29828],[-123.02649,49.2983],[-123.02642,49.29895],[-123.02539,49.29942],[-123.02484,49.29625],[-123.02381,49.29625],[-123.0234,49.29645],[-123.02362,49.29741],[-123.02317,49.29758],[-123.02311,49.29444],[-123.02616,49.29457],[-123.03875,49.29546],[-123.0383,49.30216],[-123.03857,49.30235],[-123.03848,49.30517],[-123.03898,49.30688],[-123.03208,49.30517]]]}},{"type":"Feature","properties":{"fed":"59003","poll":"121-0","type":"N"},"geometry":{"type":"Polygon","coordinates":[[[-123.00026,49.28101],[-123.00025,49.28188],[-122.99337,49.28188],[-122.99334,49.28363],[-122.99201,49.28362],[-122.992,49.28382],[-122.99054,49.28293],[-122.99058,49.28025],[-122.99212,49.28022],[-122.99259,49.28006],[-122.9975,49.28009],[-122.99749,49.28099],[-123.00026,49.28101]]]}},{"type":"Feature","properties":{"fed":"59003","poll":"123-0","type":"N"},"geometry":{"type":"Polygon","coordinates":[[[-123.00316,49.27827],[-123.00319,49.27921],[-123.00031,49.27919],[-123.00031,49.27828],[-122.99753,49.27827],[-122.99754,49.27736],[-123.00032,49.27738],[-123.00033,49.27557],[-123.00314,49.2756],[-123.00316,49.27827]]]}},{"type":"Feature","properties":{"fed":"59003","poll":"126-0","type":"N"},"geometry":{"type":"Polygon","coordinates":[[[-123.00095,49.27196],[-123.00231,49.27196],[-123.0017,49.27319],[-123.00039,49.2741],[-122.9978,49.27418],[-122.99733,49.27437],[-122.99758,49.27465],[-123.00034,49.27466],[-123.00033,49.27557],[-123.00032,49.27738],[-122.99754,49.27736],[-122.99477,49.27735],[-122.99479,49.27555],[-122.99216,49.27555],[-122.99218,49.27461],[-122.99217,49.27372],[-122.99622,49.2737],[-122.998,49.27306],[-122.99882,49.27377],[-123.00035,49.27284],[-123.00095,49.27196]]]}},{"type":"Feature","properties":{"fed":"59003","poll":"170-0","type":"N"},"geometry":{"type":"Polygon","coordinates":[[[-123.00601,49.26745],[-123.00587,49.26754],[-123.006,49.26807],[-123.00652,49.26807],[-123.00654,49.26984],[-123.0034,49.26984],[-123.0031,49.27017],[-123.00309,49.26954],[-123.00308,49.26805],[-123.0031,49.26749],[-123.00311,49.26713],[-123.00313,49.26637],[-123.00603,49.26645],[-123.00601,49.26745]]]}},{"type":"Feature","properties":{"fed":"59003","poll":"172-0","type":"N"},"geometry":{"type":"Polygon","coordinates":[[[-123.00311,49.26713],[-123.00263,49.26714],[-123.00265,49.26806],[-123.00308,49.26805],[-123.00309,49.26954],[-123.00021,49.26968],[-122.99747,49.26791],[-122.99764,49.26695],[-122.99764,49.26687],[-123.00039,49.26701],[-123.00036,49.26633],[-123.00313,49.26637],[-123.00311,49.26713]]]}},{"type":"Feature","properties":{"fed":"59003","poll":"19-0","type":"N"},"geometry":{"type":"Polygon","coordinates":[[[-123.00359,49.31594],[-123.00353,49.31813],[-123.00158,49.3181],[-123.00169,49.31915],[-123.00034,49.31905],[-122.99991,49.31927],[-122.99833,49.31927],[-122.99828,49.31962],[-122.99779,49.31983],[-122.9981,49.31807],[-122.99513,49.31798],[-122.99513,49.3166],[-122.99366,49.31575],[-122.99928,49.31587],[-123.00135,49.31533],[-123.0018,49.31578],[-123.00158,49.31592],[-123.00359,49.31594]]]}},{"type":"Feature","properties":{"fed":"59003","poll":"58-0","type":"N"},"geometry":{"type":"Polygon","coordinates":[[[-123.05473,49.31979],[-123.0547,49.32073],[-123.05072,49.3207],[-123.04173,49.32073],[-123.04062,49.31932],[-123.04478,49.31767],[-123.04566,49.3185],[-123.0476,49.31764],[-123.05476,49.31772],[-123.05473,49.31979]]]}},{"type":"Feature","properties":{"fed":"59003","poll":"61-0","type":"N"},"geometry":{"type":"Polygon","coordinates":[[[-123.04896,49.31341],[-123.04306,49.31601],[-123.04478,49.31767],[-123.04062,49.31932],[-123.03755,49.31573],[-123.03767,49.31562],[-123.03991,49.31421],[-123.04036,49.3133],[-123.04896,49.31341]]]}},{"type":"Feature","properties":{"fed":"59003","poll":"62-0","type":"N"},"geometry":{"type":"Polygon","coordinates":[[[-123.03817,49.31327],[-123.04036,49.3133],[-123.03991,49.31421],[-123.03767,49.31562],[-123.03656,49.31494],[-123.03339,49.31378],[-123.03357,49.31327],[-123.03391,49.3123],[-123.03519,49.31098],[-123.03803,49.30995],[-123.03817,49.30971],[-123.03817,49.31327]]]}},{"type":"Feature","properties":{"fed":"59003","poll":"59-0","type":"N"},"geometry":{"type":"Polygon","coordinates":[[[-123.05476,49.31772],[-123.0476,49.31764],[-123.04566,49.3185],[-123.04478,49.31767],[-123.05176,49.31458],[-123.0548,49.31459],[-123.05476,49.31772]]]}},{"type":"Feature","properties":{"fed":"59003","poll":"60-0","type":"N"},"geometry":{"type":"Polygon","coordinates":[[[-123.052,49.31344],[-123.05482,49.31348],[-123.0548,49.31459],[-123.05176,49.31458],[-123.04478,49.31767],[-123.04306,49.31601],[-123.04896,49.31341],[-123.052,49.31344]]]}},{"type":"Feature","properties":{"fed":"59003","poll":"69-0","type":"N"},"geometry":{"type":"Polygon","coordinates":[[[-123.02138,49.30577],[-123.02116,49.30651],[-123.02185,49.30847],[-123.02178,49.30917],[-123.02137,49.30988],[-123.01988,49.31089],[-123.01851,49.31051],[-123.01473,49.311],[-123.01477,49.30766],[-123.01752,49.30712],[-123.01902,49.3057],[-123.01893,49.30544],[-123.02206,49.30524],[-123.02138,49.30577]]]}},{"type":"Feature","properties":{"fed":"59003","poll":"70-0","type":"N"},"geometry":{"type":"Polygon","coordinates":[[[-123.01893,49.30544],[-123.01902,49.3057],[-123.01752,49.30712],[-123.01477,49.30766],[-123.01473,49.311],[-123.01061,49.31051],[-123.0092,49.31088],[-123.00756,49.31187],[-123.00855,49.31171],[-123.00984,49.31265],[-123.00623,49.31466],[-123.00474,49.31367],[-123.00126,49.31524],[-123.00018,49.31508],[-122.99657,49.31157],[-122.99624,49.31079],[-122.99691,49.31104],[-123.00579,49.30774],[-123.00682,49.3076],[-123.00791,49.29411],[-123.02311,49.29444],[-123.02317,49.29758],[-123.02274,49.29776],[-123.02303,49.2985],[-123.02282,49.29902],[-123.02392,49.30067],[-123.0253,49.30184],[-123.02568,49.30275],[-123.02449,49.30384],[-123.02206,49.30524],[-123.01893,49.30544]],[[-123.00492,49.31244],[-123.00387,49.31279],[-123.00486,49.31256],[-123.00492,49.31244]]]}},{"type":"Feature","properties":{"fed":"59003","poll":"63-0","type":"N"},"geometry":{"type":"Polygon","coordinates":[[[-123.01446,49.31176],[-123.01374,49.31247],[-123.01459,49.31378],[-123.01201,49.31508],[-123.01155,49.31581],[-123.01149,49.31693],[-123.01172,49.31806],[-123.01435,49.32057],[-123.01444,49.32193],[-123.01291,49.32485],[-123.00921,49.32935],[-123.00838,49.32979],[-123.00418,49.33007],[-123.00843,49.3241],[-123.0089,49.32386],[-123.00741,49.32178],[-123.00884,49.32176],[-123.00878,49.31837],[-123.00748,49.31821],[-123.00738,49.31654],[-123.00689,49.31508],[-123.00623,49.31466],[-123.00984,49.31265],[-123.00855,49.31171],[-123.00756,49.31187],[-123.0092,49.31088],[-123.01061,49.31051],[-123.01473,49.311],[-123.01446,49.31176]]]}},{"type":"Feature","properties":{"fed":"59003","poll":"20-0","type":"N"},"geometry":{"type":"Polygon","coordinates":[[[-123.00579,49.30774],[-122.99691,49.31104],[-122.99624,49.31079],[-122.99657,49.31157],[-123.00018,49.31508],[-123.00126,49.31524],[-123.00135,49.31533],[-122.99928,49.31587],[-122.99366,49.31575],[-122.99369,49.31523],[-122.99223,49.31499],[-122.99262,49.31376],[-122.9919,49.31227],[-122.99218,49.31188],[-122.99292,49.31157],[-122.99216,49.31061],[-122.99125,49.31085],[-122.99129,49.3079],[-122.99059,49.30753],[-122.9886,49.30743],[-122.98719,49.30826],[-122.98587,49.30845],[-122.98329,49.30767],[-122.98019,49.30738],[-122.97802,49.30688],[-122.97649,49.30626],[-122.97153,49.30351],[-122.96946,49.30314],[-122.97005,49.29616],[-122.97309,49.2967],[-122.98238,49.2983],[-122.9862,49.29897],[-123.00183,49.29396],[-123.00791,49.29411],[-123.00682,49.3076],[-123.00579,49.30774]]]}},{"type":"Feature","properties":{"fed":"59003","poll":"401-0","type":"S"},"geometry":{"type":"Polygon","coordinates":[[[-123.0209,49.28836],[-123.02117,49.28836],[-123.02103,49.28845],[-123.0209,49.28836]]]}},{"type":"Feature","properties":{"fed":"59022","poll":"132-0","type":"N"},"geometry":{"type":"Polygon","coordinates":[[[-123.07143,49.31463],[-123.07449,49.31596],[-123.07397,49.31647],[-123.07202,49.31566],[-123.07114,49.3157],[-123.07055,49.31547],[-123.07143,49.31463]]]}},{"type":"Feature","properties":{"fed":"59022","poll":"131-0","type":"N"},"geometry":{"type":"Polygon","coordinates":[[[-123.07312,49.31732],[-123.07258,49.3179],[-123.07019,49.31684],[-123.06935,49.31683],[-123.06947,49.31655],[-123.07055,49.31547],[-123.07114,49.3157],[-123.07202,49.31566],[-123.07397,49.31647],[-123.07312,49.31732]]]}},{"type":"Feature","properties":{"fed":"59022","poll":"128-0","type":"N"},"geometry":{"type":"Polygon","coordinates":[[[-123.07569,49.31921],[-123.07764,49.32005],[-123.07551,49.32003],[-123.07239,49.31997],[-123.07241,49.31896],[-123.07258,49.3179],[-123.07438,49.31869],[-123.07445,49.31897],[-123.07569,49.31921]]]}},{"type":"Feature","properties":{"fed":"59022","poll":"148-0","type":"N"},"geometry":{"type":"Polygon","coordinates":[[[-123.07514,49.32024],[-123.07515,49.32107],[-123.07236,49.32102],[-123.07239,49.31997],[-123.07551,49.32003],[-123.07514,49.32024]]]}},{"type":"Feature","properties":{"fed":"59022","poll":"156-0","type":"N"},"geometry":{"type":"Polygon","coordinates":[[[-123.09475,49.31805],[-123.09466,49.32112],[-123.09142,49.32002],[-123.09159,49.31906],[-123.09257,49.31899],[-123.09383,49.31812],[-123.09475,49.31805]]]}},{"type":"Feature","properties":{"fed":"59022","poll":"113-0","type":"N"},"geometry":{"type":"Polygon","coordinates":[[[-123.10249,49.29779],[-123.10226,49.32172],[-123.10021,49.32309],[-123.10216,49.32376],[-123.10191,49.32472],[-123.1009,49.3247],[-123.10124,49.3236],[-123.09978,49.32329],[-123.09459,49.32324],[-123.09466,49.32112],[-123.09475,49.31805],[-123.09383,49.31812],[-123.09257,49.31899],[-123.09159,49.31906],[-123.0923,49.29743],[-123.09806,49.29769],[-123.10249,49.29779]]]}},{"type":"Feature","properties":{"fed":"59024","poll":"1-0","type":"N"},"geometry":{"type":"Polygon","coordinates":[[[-122.61148,49.26579],[-122.61229,49.27017],[-122.60119,49.27056],[-122.6012,49.2909],[-122.6007,49.315],[-122.60056,49.32476],[-122.59785,49.32477],[-122.59773,49.32632],[-122.59579,49.32634],[-122.5957,49.32831],[-122.5933,49.32834],[-122.59305,49.33858],[-122.5816,49.34812],[-122.57541,49.35244],[-122.57924,49.35224],[-122.60331,49.35313],[-122.59719,49.35553],[-122.59052,49.35911],[-122.56316,49.39144],[-122.56239,49.39314],[-122.55551,49.41595],[-122.55008,49.42345],[-122.54262,49.43187],[-122.53521,49.44349],[-122.53226,49.45064],[-122.52813,49.45787],[-122.52718,49.46022],[-122.52685,49.46235],[-122.52724,49.46536],[-122.52787,49.46654],[-122.53297,49.47253],[-122.54025,49.47632],[-122.55858,49.48306],[-122.57287,49.4859],[-122.57527,49.4868],[-122.5817,49.49058],[-122.58745,49.49838],[-122.58856,49.5013],[-122.59453,49.51278],[-122.60231,49.52447],[-122.60454,49.53761],[-122.60534,49.53925],[-122.6066,49.53972],[-122.60768,49.53954],[-122.60804,49.53981],[-122.60816,49.54171],[-122.61375,49.54071],[-122.62988,49.54041],[-122.6388,49.53925],[-122.64777,49.53909],[-122.65544,49.53965],[-122.65912,49.54109],[-122.68316,49.55348],[-122.68989,49.56289],[-122.69274,49.56885],[-122.69819,49.57129],[-122.7001,49.57356],[-122.74744,49.57389],[-122.74943,49.5736],[-122.75075,49.57393],[-122.7799,49.57428],[-122.80172,49.57254],[-122.80818,49.57271],[-122.8078,49.5723],[-122.8161,49.57236],[-122.82708,49.58706],[-122.8323,49.59015],[-122.83157,49.59439],[-122.83559,49.59966],[-122.8409,49.60289],[-122.84626,49.60517],[-122.8521,49.60805],[-122.84941,49.61365],[-122.84531,49.61352],[-122.82774,49.61281],[-122.81138,49.61924],[-122.80909,49.62576],[-122.81576,49.62778],[-122.821,49.63198],[-122.82123,49.6358],[-122.82565,49.63918],[-122.82835,49.64305],[-122.82583,49.6484],[-122.83006,49.65204],[-122.83124,49.65809],[-122.83685,49.66019],[-122.84188,49.66116],[-122.84748,49.66388],[-122.85385,49.66597],[-122.85244,49.67151],[-122.84567,49.67651],[-122.83024,49.68622],[-122.81699,49.69497],[-122.8153,49.69631],[-122.81569,49.69814],[-122.81354,49.70065],[-122.81422,49.71125],[-122.81695,49.71409],[-122.82499,49.71587],[-122.83096,49.72263],[-122.8322,49.72598],[-122.83468,49.72991],[-122.84223,49.73437],[-122.84649,49.73719],[-122.85038,49.74105],[-122.85594,49.74278],[-122.85533,49.74347],[-122.85443,49.74814],[-122.85428,49.75087],[-122.85505,49.75474],[-122.85581,49.75619],[-122.87145,49.77048],[-122.86761,49.77567],[-122.88706,49.79446],[-122.88985,49.79878],[-122.88993,49.80196],[-122.87369,49.81848],[-122.87222,49.82196],[-122.87479,49.82338],[-122.87776,49.82442],[-122.88057,49.827],[-122.88774,49.82734],[-122.89212,49.82632],[-122.90196,49.82466],[-122.90743,49.8264],[-122.91625,49.83036],[-122.92492,49.83199],[-122.94465,49.83368],[-122.95349,49.83362],[-122.96467,49.835],[-122.9719,49.83914],[-122.97553,49.84289],[-122.97917,49.84689],[-122.98526,49.85748],[-122.98923,49.85761],[-122.99641,49.85434],[-123.00038,49.85447],[-123.0025,49.85611],[-122.98704,49.873],[-122.98645,49.87435],[-122.98536,49.87735],[-122.98051,49.88091],[-122.97391,49.88281],[-122.96913,49.88894],[-122.96451,49.89971],[-122.96203,49.90258],[-122.95458,49.90447],[-122.95075,49.91117],[-122.94372,49.91314],[-122.9365,49.91741],[-122.93006,49.91716],[-122.91637,49.91314],[-122.90607,49.90438],[-122.90287,49.8987],[-122.89658,49.89482],[-122.89247,49.89401],[-122.88734,49.89532],[-122.86995,49.90352],[-122.86089,49.91599],[-122.85716,49.91816],[-122.85063,49.91862],[-122.82936,49.91788],[-122.82369,49.91938],[-122.80976,49.91836],[-122.80058,49.92061],[-122.79757,49.92787],[-122.79523,49.9309],[-122.79542,49.93619],[-122.78816,49.93536],[-122.78333,49.93319],[-122.77584,49.93132],[-122.77091,49.93402],[-122.76781,49.93272],[-122.76742,49.93122],[-122.75891,49.92753],[-122.75594,49.92452],[-122.75276,49.91853],[-122.75179,49.91371],[-122.74617,49.90807],[-122.74549,49.90766],[-122.74884,49.90397],[-122.74618,49.89644],[-122.74658,49.89143],[-122.73923,49.89165],[-122.73024,49.89049],[-122.71995,49.89204],[-122.71454,49.89096],[-122.70969,49.88871],[-122.69954,49.87963],[-122.69236,49.87698],[-122.67693,49.87388],[-122.66526,49.87275],[-122.64599,49.87373],[-122.63913,49.87235],[-122.62677,49.87652],[-122.61197,49.87506],[-122.6015,49.87628],[-122.59505,49.87892],[-122.58648,49.87808],[-122.57937,49.87324],[-122.57817,49.87213],[-122.57869,49.87025],[-122.58481,49.86698],[-122.59179,49.86385],[-122.59942,49.86353],[-122.60848,49.86103],[-122.61136,49.85665],[-122.61237,49.85215],[-122.61215,49.84863],[-122.60848,49.84269],[-122.6107,49.83806],[-122.61624,49.83506],[-122.62194,49.83569],[-122.62654,49.83862],[-122.63059,49.83819],[-122.63449,49.83549],[-122.64236,49.83656],[-122.65178,49.83691],[-122.66091,49.82828],[-122.66486,49.82378],[-122.66229,49.81914],[-122.6542,49.81893],[-122.64706,49.81466],[-122.64191,49.81207],[-122.63736,49.80574],[-122.64802,49.796],[-122.64844,49.79428],[-122.64785,49.79093],[-122.64883,49.78764],[-122.64853,49.78577],[-122.64739,49.78399],[-122.64297,49.78156],[-122.63879,49.77529],[-122.63382,49.77442],[-122.62603,49.77609],[-122.62036,49.77624],[-122.61499,49.77787],[-122.60836,49.77796],[-122.60253,49.77678],[-122.58462,49.78287],[-122.55156,49.78227],[-122.54629,49.78366],[-122.54186,49.78083],[-122.52612,49.77868],[-122.52063,49.78054],[-122.51678,49.78459],[-122.50996,49.78405],[-122.50317,49.77911],[-122.49556,49.7791],[-122.48492,49.77779],[-122.48049,49.77231],[-122.47004,49.7668],[-122.45384,49.74978],[-122.4475,49.74986],[-122.44384,49.75575],[-122.43105,49.75775],[-122.42223,49.75427],[-122.4181,49.74817],[-122.42249,49.74721],[-122.42425,49.74248],[-122.43068,49.74109],[-122.43188,49.73371],[-122.42563,49.72549],[-122.41947,49.72628],[-122.41708,49.72037],[-122.42101,49.71439],[-122.42414,49.71334],[-122.44309,49.71469],[-122.44455,49.71446],[-122.45148,49.71564],[-122.45766,49.71355],[-122.4678,49.70628],[-122.47248,49.69958],[-122.4751,49.69451],[-122.46661,49.68498],[-122.47039,49.68135],[-122.47163,49.67798],[-122.47532,49.67663],[-122.47085,49.67383],[-122.46223,49.66749],[-122.46091,49.66487],[-122.46082,49.66183],[-122.46172,49.65826],[-122.46157,49.65709],[-122.46013,49.65471],[-122.456,49.65193],[-122.45436,49.64891],[-122.45528,49.64614],[-122.45571,49.64355],[-122.45445,49.64101],[-122.44843,49.63743],[-122.44577,49.636],[-122.42961,49.63878],[-122.41238,49.6413],[-122.40291,49.64017],[-122.39851,49.63401],[-122.38884,49.62715],[-122.38095,49.62564],[-122.36615,49.62197],[-122.3569,49.62142],[-122.34506,49.62133],[-122.34201,49.62715],[-122.34038,49.63474],[-122.34452,49.6411],[-122.34569,49.64886],[-122.34947,49.65299],[-122.35012,49.65675],[-122.34868,49.65927],[-122.34226,49.66225],[-122.33337,49.66372],[-122.32749,49.66325],[-122.31973,49.66209],[-122.30782,49.66233],[-122.29681,49.6633],[-122.28825,49.66201],[-122.28274,49.65765],[-122.28084,49.65035],[-122.28196,49.64387],[-122.28552,49.63809],[-122.28912,49.63118],[-122.293,49.6198],[-122.29375,49.61385],[-122.29276,49.61082],[-122.28883,49.60767],[-122.27885,49.6036],[-122.27091,49.6019],[-122.26005,49.60027],[-122.25369,49.59976],[-122.25239,49.59654],[-122.25223,49.59476],[-122.25022,49.59075],[-122.24493,49.58745],[-122.23682,49.58651],[-122.22092,49.5874],[-122.21182,49.58914],[-122.20206,49.58948],[-122.19343,49.59045],[-122.18586,49.59433],[-122.17832,49.59962],[-122.17474,49.60083],[-122.16484,49.60661],[-122.15816,49.60845],[-122.15505,49.60847],[-122.15171,49.60644],[-122.14736,49.60312],[-122.14036,49.6014],[-122.13104,49.60168],[-122.11654,49.60472],[-122.10851,49.60803],[-122.10299,49.60897],[-122.09401,49.60781],[-122.09223,49.60535],[-122.09112,49.60237],[-122.09097,49.60079],[-122.09336,49.59827],[-122.09432,49.59551],[-122.09203,49.59262],[-122.0878,49.58885],[-122.08204,49.58631],[-122.07777,49.58407],[-122.07378,49.58338],[-122.07175,49.58121],[-122.07063,49.57661],[-122.07218,49.57263],[-122.08003,49.56423],[-122.08127,49.55985],[-122.07861,49.55312],[-122.07801,49.54661],[-122.0805,49.54223],[-122.08601,49.54029],[-122.09333,49.53846],[-122.10637,49.53299],[-122.1123,49.52999],[-122.11566,49.52633],[-122.12107,49.52269],[-122.12746,49.5174],[-122.13105,49.51265],[-122.13325,49.50673],[-122.13449,49.50051],[-122.12679,49.49069],[-122.12703,49.48733],[-122.13272,49.48396],[-122.13941,49.48226],[-122.13876,49.47681],[-122.14684,49.46888],[-122.14528,49.46458],[-122.14717,49.45822],[-122.1461,49.45612],[-122.21917,49.45931],[-122.22141,49.45698],[-122.22482,49.45453],[-122.23022,49.45216],[-122.26684,49.43083],[-122.28314,49.41606],[-122.28549,49.39008],[-122.30101,49.35583],[-122.33281,49.35399],[-122.36551,49.35333],[-122.40998,49.35296],[-122.40988,49.33274],[-122.40866,49.29337],[-122.40916,49.26428],[-122.4243,49.26408],[-122.44287,49.26195],[-122.45874,49.25769],[-122.47512,49.24843],[-122.47585,49.24224],[-122.49046,49.2423],[-122.49105,49.25056],[-122.51072,49.25193],[-122.52004,49.25297],[-122.53097,49.25561],[-122.53143,49.25305],[-122.5327,49.25194],[-122.53814,49.24976],[-122.54419,49.2495],[-122.55724,49.24828],[-122.558,49.25208],[-122.56847,49.25222],[-122.56875,49.25871],[-122.57607,49.25886],[-122.5779,49.2588],[-122.57956,49.25832],[-122.58033,49.25836],[-122.58059,49.25474],[-122.58213,49.25428],[-122.58376,49.25441],[-122.58424,49.25531],[-122.58511,49.25531],[-122.58501,49.25438],[-122.58593,49.25416],[-122.5864,49.2546],[-122.58743,49.25469],[-122.58864,49.2528],[-122.58779,49.253],[-122.587,49.25291],[-122.58724,49.25212],[-122.58766,49.25175],[-122.58867,49.25156],[-122.5898,49.25167],[-122.59424,49.25085],[-122.59501,49.25026],[-122.59508,49.24946],[-122.60083,49.24964],[-122.60056,49.25666],[-122.60124,49.26419],[-122.61172,49.26429],[-122.61148,49.26579]]]}},{"type":"Feature","properties":{"fed":"59022","poll":"164-1","type":"N"},"geometry":{"type":"Polygon","coordinates":[[[-123.08848,49.31893],[-123.08842,49.31909],[-123.08428,49.31896],[-123.08156,49.31778],[-123.08244,49.31691],[-123.08582,49.3184],[-123.08584,49.31727],[-123.08741,49.31796],[-123.0872,49.31838],[-123.08848,49.31893]]]}},{"type":"Feature","properties":{"fed":"59022","poll":"107-0","type":"N"},"geometry":{"type":"Polygon","coordinates":[[[-123.11758,49.32215],[-123.11484,49.32212],[-123.11343,49.32211],[-123.11345,49.3214],[-123.1111,49.32137],[-123.1111,49.31878],[-123.11222,49.3188],[-123.11226,49.31809],[-123.11425,49.31811],[-123.11432,49.31882],[-123.11536,49.31883],[-123.11537,49.31811],[-123.11755,49.31812],[-123.11758,49.32215]]]}},{"type":"Feature","properties":{"fed":"59022","poll":"108-0","type":"N"},"geometry":{"type":"Polygon","coordinates":[[[-123.12015,49.32218],[-123.11758,49.32215],[-123.11755,49.31812],[-123.11537,49.31811],[-123.11536,49.31883],[-123.11432,49.31882],[-123.11425,49.31811],[-123.11226,49.31809],[-123.11222,49.3188],[-123.1111,49.31878],[-123.1111,49.32137],[-123.10783,49.32115],[-123.10794,49.31755],[-123.12063,49.3177],[-123.12015,49.31849],[-123.12016,49.32136],[-123.12015,49.32218]]]}},{"type":"Feature","properties":{"fed":"59022","poll":"112-0","type":"N"},"geometry":{"type":"Polygon","coordinates":[[[-123.10794,49.31755],[-123.10783,49.32115],[-123.10779,49.32385],[-123.10771,49.32517],[-123.10194,49.32514],[-123.10191,49.32472],[-123.10216,49.32376],[-123.10021,49.32309],[-123.10226,49.32172],[-123.10249,49.29779],[-123.10439,49.29787],[-123.10878,49.30024],[-123.12881,49.31012],[-123.12284,49.31601],[-123.12131,49.31739],[-123.12063,49.3177],[-123.10794,49.31755]]]}},{"type":"Feature","properties":{"fed":"59022","poll":"121-0","type":"N"},"geometry":{"type":"Polygon","coordinates":[[[-123.09142,49.32002],[-123.09118,49.3243],[-123.08738,49.32637],[-123.08638,49.3274],[-123.08575,49.32776],[-123.08472,49.32775],[-123.08714,49.32158],[-123.0879,49.3209],[-123.08792,49.31998],[-123.09142,49.32002]]]}},{"type":"Feature","properties":{"fed":"59022","poll":"122-0","type":"N"},"geometry":{"type":"Polygon","coordinates":[[[-123.08792,49.31998],[-123.0879,49.3209],[-123.08714,49.32158],[-123.08472,49.32775],[-123.08205,49.32773],[-123.08154,49.32737],[-123.0815,49.32937],[-123.07841,49.32933],[-123.07849,49.3263],[-123.08156,49.32633],[-123.08161,49.32425],[-123.08163,49.3232],[-123.08478,49.32323],[-123.0848,49.32221],[-123.08486,49.31994],[-123.08792,49.31998]]]}},{"type":"Feature","properties":{"fed":"59022","poll":"157-0","type":"N"},"geometry":{"type":"Polygon","coordinates":[[[-123.09159,49.31906],[-123.09142,49.32002],[-123.08792,49.31998],[-123.08486,49.31994],[-123.0848,49.32221],[-123.08165,49.32218],[-123.08174,49.32008],[-123.07955,49.32006],[-123.07997,49.31995],[-123.07986,49.31951],[-123.08156,49.31778],[-123.08428,49.31896],[-123.08842,49.31909],[-123.08848,49.31893],[-123.09159,49.31906]]]}},{"type":"Feature","properties":{"fed":"59022","poll":"130-0","type":"N"},"geometry":{"type":"Polygon","coordinates":[[[-123.07592,49.31782],[-123.07492,49.3181],[-123.07312,49.31732],[-123.07397,49.31647],[-123.07449,49.31596],[-123.07757,49.31731],[-123.07675,49.31816],[-123.07592,49.31782]]]}},{"type":"Feature","properties":{"fed":"59022","poll":"159-0","type":"N"},"geometry":{"type":"Polygon","coordinates":[[[-123.08244,49.31691],[-123.08156,49.31778],[-123.07851,49.31646],[-123.07939,49.31558],[-123.08016,49.3148],[-123.08326,49.31613],[-123.08244,49.31691]]]}},{"type":"Feature","properties":{"fed":"59022","poll":"127-0","type":"N"},"geometry":{"type":"Polygon","coordinates":[[[-123.07986,49.31951],[-123.07997,49.31995],[-123.07955,49.32006],[-123.07864,49.32005],[-123.07764,49.32005],[-123.07569,49.31921],[-123.07675,49.31816],[-123.07757,49.31731],[-123.07851,49.31646],[-123.08156,49.31778],[-123.07986,49.31951]]]}},{"type":"Feature","properties":{"fed":"59022","poll":"129-0","type":"N"},"geometry":{"type":"Polygon","coordinates":[[[-123.07258,49.3179],[-123.07312,49.31732],[-123.07492,49.3181],[-123.07592,49.31782],[-123.07675,49.31816],[-123.07569,49.31921],[-123.07445,49.31897],[-123.07438,49.31869],[-123.07258,49.3179]]]}},{"type":"Feature","properties":{"fed":"59022","poll":"66-0","type":"N"},"geometry":{"type":"Polygon","coordinates":[[[-123.08028,49.31254],[-123.08183,49.31318],[-123.08097,49.31402],[-123.08074,49.31392],[-123.07944,49.31336],[-123.08028,49.31254]]]}},{"type":"Feature","properties":{"fed":"59022","poll":"175-0","type":"N"},"geometry":{"type":"Polygon","coordinates":[[[-123.07867,49.31187],[-123.07949,49.31104],[-123.08081,49.31167],[-123.0826,49.31243],[-123.08183,49.31318],[-123.08028,49.31254],[-123.07867,49.31187]]]}},{"type":"Feature","properties":{"fed":"59022","poll":"67-0","type":"N"},"geometry":{"type":"Polygon","coordinates":[[[-123.07785,49.31267],[-123.07867,49.31187],[-123.08028,49.31254],[-123.07944,49.31336],[-123.07785,49.31267]]]}},{"type":"Feature","properties":{"fed":"59022","poll":"187-0","type":"N"},"geometry":{"type":"Polygon","coordinates":[[[-123.06016,49.3125],[-123.06013,49.31353],[-123.05482,49.31348],[-123.052,49.31344],[-123.05206,49.31144],[-123.0544,49.31146],[-123.05443,49.31047],[-123.05723,49.3105],[-123.06021,49.31053],[-123.06016,49.3125]]]}},{"type":"Feature","properties":{"fed":"59022","poll":"155-0","type":"N"},"geometry":{"type":"Polygon","coordinates":[[[-123.07143,49.31463],[-123.07055,49.31547],[-123.06751,49.31415],[-123.06928,49.31244],[-123.07232,49.31376],[-123.07143,49.31463]]]}},{"type":"Feature","properties":{"fed":"59022","poll":"68-0","type":"N"},"geometry":{"type":"Polygon","coordinates":[[[-123.08627,49.31273],[-123.08616,49.31352],[-123.08568,49.31375],[-123.08493,49.31343],[-123.08417,49.31421],[-123.08183,49.31318],[-123.0826,49.31243],[-123.08081,49.31167],[-123.08149,49.31097],[-123.08169,49.30479],[-123.07667,49.30388],[-123.07753,49.29697],[-123.08571,49.2972],[-123.08627,49.31273]]]}},{"type":"Feature","properties":{"fed":"59022","poll":"190-0","type":"N"},"geometry":{"type":"Polygon","coordinates":[[[-123.06616,49.30588],[-123.06612,49.30675],[-123.06322,49.30675],[-123.0617,49.30717],[-123.06142,49.30754],[-123.06028,49.30756],[-123.06026,49.30851],[-123.05716,49.30845],[-123.05723,49.3105],[-123.05443,49.31047],[-123.0544,49.31146],[-123.05206,49.31144],[-123.0521,49.30941],[-123.04865,49.30937],[-123.05018,49.30839],[-123.05238,49.29601],[-123.06501,49.29643],[-123.06658,49.2965],[-123.06616,49.30588]]]}},{"type":"Feature","properties":{"fed":"59022","poll":"191-0","type":"N"},"geometry":{"type":"Polygon","coordinates":[[[-123.05206,49.31144],[-123.052,49.31344],[-123.04896,49.31341],[-123.04036,49.3133],[-123.03817,49.31327],[-123.03817,49.30971],[-123.03848,49.30918],[-123.03845,49.30768],[-123.03898,49.30688],[-123.03848,49.30517],[-123.03857,49.30235],[-123.0383,49.30216],[-123.03875,49.29546],[-123.05171,49.29599],[-123.05238,49.29601],[-123.05018,49.30839],[-123.04865,49.30937],[-123.0521,49.30941],[-123.05206,49.31144]]]}},{"type":"Feature","properties":{"fed":"59022","poll":"168-0","type":"N"},"geometry":{"type":"Polygon","coordinates":[[[-123.06008,49.31777],[-123.06002,49.31883],[-123.05764,49.31879],[-123.05761,49.31982],[-123.05641,49.31981],[-123.05473,49.31979],[-123.05476,49.31772],[-123.0548,49.31459],[-123.05482,49.31348],[-123.06013,49.31353],[-123.06008,49.31777]]]}},{"type":"Feature","properties":{"fed":"59022","poll":"167-0","type":"N"},"geometry":{"type":"Polygon","coordinates":[[[-123.06619,49.31891],[-123.06312,49.31887],[-123.0631,49.31988],[-123.06307,49.32094],[-123.05999,49.32091],[-123.05997,49.31984],[-123.05761,49.31982],[-123.05764,49.31879],[-123.06002,49.31883],[-123.06008,49.31777],[-123.06315,49.3178],[-123.06318,49.31676],[-123.06622,49.31679],[-123.06619,49.31891]]]}},{"type":"Feature","properties":{"fed":"59022","poll":"160-0","type":"N"},"geometry":{"type":"Polygon","coordinates":[[[-123.08016,49.3148],[-123.08097,49.31402],[-123.08402,49.31535],[-123.08326,49.31613],[-123.08016,49.3148]]]}},{"type":"Feature","properties":{"fed":"59022","poll":"507-0","type":"M"},"geometry":{"type":"Polygon","coordinates":[[[-123.08074,49.31392],[-123.08097,49.31402],[-123.08078,49.31405],[-123.08074,49.31392]]]}},{"type":"Feature","properties":{"fed":"59022","poll":"163-0","type":"N"},"geometry":{"type":"Polygon","coordinates":[[[-123.07704,49.31343],[-123.08016,49.3148],[-123.07939,49.31558],[-123.07629,49.31422],[-123.07704,49.31343]]]}},{"type":"Feature","properties":{"fed":"59022","poll":"147-0","type":"N"},"geometry":{"type":"Polygon","coordinates":[[[-123.07704,49.31343],[-123.07785,49.31267],[-123.07944,49.31336],[-123.08074,49.31392],[-123.08078,49.31405],[-123.08097,49.31402],[-123.08016,49.3148],[-123.07704,49.31343]]]}},{"type":"Feature","properties":{"fed":"59022","poll":"162-0","type":"N"},"geometry":{"type":"Polygon","coordinates":[[[-123.07629,49.31422],[-123.07939,49.31558],[-123.07851,49.31646],[-123.07537,49.31509],[-123.07629,49.31422]]]}},{"type":"Feature","properties":{"fed":"59022","poll":"55-0","type":"N"},"geometry":{"type":"Polygon","coordinates":[[[-123.14421,49.32794],[-123.14357,49.32885],[-123.14283,49.32861],[-123.13779,49.32706],[-123.13273,49.32565],[-123.13197,49.32692],[-123.12891,49.32621],[-123.13114,49.32353],[-123.13019,49.32319],[-123.13153,49.32176],[-123.12916,49.32101],[-123.12847,49.32145],[-123.12675,49.3206],[-123.12755,49.31989],[-123.12685,49.31937],[-123.12261,49.31788],[-123.12063,49.3177],[-123.12131,49.31739],[-123.12284,49.31601],[-123.12881,49.31012],[-123.13493,49.31367],[-123.13277,49.31568],[-123.13316,49.31611],[-123.13288,49.31663],[-123.1356,49.31871],[-123.1344,49.32],[-123.13675,49.32111],[-123.13814,49.3195],[-123.148,49.32293],[-123.14421,49.32794]]]}},{"type":"Feature","properties":{"fed":"59022","poll":"40-0","type":"N"},"geometry":{"type":"Polygon","coordinates":[[[-123.1542,49.32356],[-123.15433,49.32479],[-123.15212,49.32693],[-123.15536,49.32738],[-123.15533,49.32778],[-123.15679,49.32782],[-123.15678,49.32879],[-123.15434,49.32873],[-123.15158,49.32868],[-123.15159,49.3277],[-123.15064,49.32811],[-123.14888,49.32834],[-123.1469,49.32834],[-123.14421,49.32794],[-123.148,49.32293],[-123.13814,49.3195],[-123.13675,49.32111],[-123.1344,49.32],[-123.1356,49.31871],[-123.13288,49.31663],[-123.13316,49.31611],[-123.13277,49.31568],[-123.13493,49.31367],[-123.1384,49.31572],[-123.13781,49.31636],[-123.14168,49.31807],[-123.14439,49.31897],[-123.15045,49.32016],[-123.1542,49.32356]]]}},{"type":"Feature","properties":{"fed":"59022","poll":"57-0","type":"N"},"geometry":{"type":"Polygon","coordinates":[[[-123.12685,49.31937],[-123.12755,49.31989],[-123.12675,49.3206],[-123.12443,49.32261],[-123.12347,49.32221],[-123.12115,49.32219],[-123.12119,49.32136],[-123.12016,49.32136],[-123.12015,49.31849],[-123.12063,49.3177],[-123.12261,49.31788],[-123.12685,49.31937]]]}},{"type":"Feature","properties":{"fed":"59022","poll":"145-0","type":"N"},"geometry":{"type":"Polygon","coordinates":[[[-123.08568,49.31375],[-123.08595,49.31405],[-123.08589,49.31616],[-123.08489,49.31573],[-123.08413,49.31651],[-123.08326,49.31613],[-123.08402,49.31535],[-123.08487,49.31452],[-123.08417,49.31421],[-123.08493,49.31343],[-123.08568,49.31375]]]}},{"type":"Feature","properties":{"fed":"59022","poll":"180-0","type":"N"},"geometry":{"type":"Polygon","coordinates":[[[-123.077,49.3093],[-123.07818,49.30981],[-123.07868,49.31032],[-123.07994,49.31063],[-123.07949,49.31104],[-123.07665,49.30983],[-123.07642,49.30974],[-123.077,49.3093]]]}},{"type":"Feature","properties":{"fed":"59022","poll":"171-0","type":"N"},"geometry":{"type":"Polygon","coordinates":[[[-123.06622,49.31679],[-123.06318,49.31676],[-123.06315,49.3178],[-123.06008,49.31777],[-123.06013,49.31353],[-123.06324,49.31357],[-123.06323,49.3147],[-123.06536,49.31472],[-123.06627,49.31516],[-123.06622,49.31679]]]}},{"type":"Feature","properties":{"fed":"59022","poll":"158-0","type":"N"},"geometry":{"type":"Polygon","coordinates":[[[-123.08584,49.31727],[-123.08582,49.3184],[-123.08244,49.31691],[-123.08326,49.31613],[-123.08413,49.31651],[-123.08489,49.31573],[-123.08589,49.31616],[-123.08584,49.31727]]]}},{"type":"Feature","properties":{"fed":"59022","poll":"161-0","type":"N"},"geometry":{"type":"Polygon","coordinates":[[[-123.07449,49.31596],[-123.07537,49.31509],[-123.07851,49.31646],[-123.07757,49.31731],[-123.07449,49.31596]]]}},{"type":"Feature","properties":{"fed":"59022","poll":"154-0","type":"N"},"geometry":{"type":"Polygon","coordinates":[[[-123.07232,49.31376],[-123.07537,49.31509],[-123.07449,49.31596],[-123.07143,49.31463],[-123.07232,49.31376]]]}},{"type":"Feature","properties":{"fed":"59022","poll":"186-0","type":"N"},"geometry":{"type":"Polygon","coordinates":[[[-123.0672,49.31024],[-123.07016,49.31158],[-123.06928,49.31244],[-123.06597,49.31099],[-123.06592,49.31222],[-123.06444,49.31158],[-123.06319,49.31153],[-123.06323,49.30953],[-123.06556,49.30952],[-123.06603,49.30972],[-123.06609,49.30763],[-123.06878,49.30874],[-123.0672,49.31024]]]}},{"type":"Feature","properties":{"fed":"59022","poll":"189-0","type":"N"},"geometry":{"type":"Polygon","coordinates":[[[-123.07338,49.30847],[-123.0726,49.30925],[-123.07177,49.31003],[-123.06878,49.30874],[-123.07009,49.30745],[-123.06616,49.30588],[-123.06658,49.2965],[-123.07753,49.29697],[-123.07667,49.30388],[-123.077,49.3093],[-123.07642,49.30974],[-123.07338,49.30847]]]}},{"type":"Feature","properties":{"fed":"59022","poll":"188-0","type":"N"},"geometry":{"type":"Polygon","coordinates":[[[-123.06878,49.30874],[-123.06609,49.30763],[-123.06603,49.30972],[-123.06556,49.30952],[-123.06323,49.30953],[-123.0633,49.30756],[-123.06142,49.30754],[-123.0617,49.30717],[-123.06322,49.30675],[-123.06612,49.30675],[-123.06616,49.30588],[-123.07009,49.30745],[-123.06878,49.30874]]]}},{"type":"Feature","properties":{"fed":"59022","poll":"185-0","type":"N"},"geometry":{"type":"Polygon","coordinates":[[[-123.07177,49.31003],[-123.07097,49.31079],[-123.07016,49.31158],[-123.0672,49.31024],[-123.06878,49.30874],[-123.07177,49.31003]]]}},{"type":"Feature","properties":{"fed":"59022","poll":"400-0","type":"S"},"geometry":{"type":"Polygon","coordinates":[[[-123.07642,49.30974],[-123.07665,49.30983],[-123.07657,49.30991],[-123.07642,49.30974]]]}},{"type":"Feature","properties":{"fed":"59022","poll":"166-0","type":"N"},"geometry":{"type":"Polygon","coordinates":[[[-123.06927,49.31994],[-123.06924,49.32102],[-123.06921,49.32205],[-123.06908,49.32195],[-123.06614,49.32202],[-123.06611,49.32303],[-123.05754,49.32295],[-123.05756,49.32187],[-123.05635,49.32188],[-123.05641,49.31981],[-123.05761,49.31982],[-123.05997,49.31984],[-123.05999,49.32091],[-123.06307,49.32094],[-123.0631,49.31988],[-123.06927,49.31994]]]}},{"type":"Feature","properties":{"fed":"59022","poll":"172-0","type":"N"},"geometry":{"type":"Polygon","coordinates":[[[-123.06947,49.31655],[-123.06627,49.31516],[-123.06536,49.31472],[-123.06323,49.3147],[-123.06324,49.31357],[-123.06013,49.31353],[-123.06016,49.3125],[-123.06591,49.31256],[-123.0659,49.31358],[-123.06751,49.31415],[-123.07055,49.31547],[-123.06947,49.31655]]]}},{"type":"Feature","properties":{"fed":"59022","poll":"173-0","type":"N"},"geometry":{"type":"Polygon","coordinates":[[[-123.06751,49.31415],[-123.0659,49.31358],[-123.06591,49.31256],[-123.06016,49.3125],[-123.06021,49.31053],[-123.06024,49.30951],[-123.06323,49.30953],[-123.06319,49.31153],[-123.06444,49.31158],[-123.06592,49.31222],[-123.06597,49.31099],[-123.06928,49.31244],[-123.06751,49.31415]]]}},{"type":"Feature","properties":{"fed":"59022","poll":"174-0","type":"N"},"geometry":{"type":"Polygon","coordinates":[[[-123.06323,49.30953],[-123.06024,49.30951],[-123.06021,49.31053],[-123.05723,49.3105],[-123.05716,49.30845],[-123.06026,49.30851],[-123.06028,49.30756],[-123.06142,49.30754],[-123.0633,49.30756],[-123.06323,49.30953]]]}},{"type":"Feature","properties":{"fed":"59022","poll":"176-0","type":"N"},"geometry":{"type":"Polygon","coordinates":[[[-123.0732,49.3129],[-123.07629,49.31422],[-123.07537,49.31509],[-123.07232,49.31376],[-123.0732,49.3129]]]}},{"type":"Feature","properties":{"fed":"59022","poll":"177-0","type":"N"},"geometry":{"type":"Polygon","coordinates":[[[-123.07403,49.31211],[-123.07704,49.31343],[-123.07629,49.31422],[-123.0732,49.3129],[-123.07403,49.31211]]]}},{"type":"Feature","properties":{"fed":"59022","poll":"178-0","type":"N"},"geometry":{"type":"Polygon","coordinates":[[[-123.07479,49.31134],[-123.07785,49.31267],[-123.07704,49.31343],[-123.07403,49.31211],[-123.07479,49.31134]]]}},{"type":"Feature","properties":{"fed":"59022","poll":"179-0","type":"N"},"geometry":{"type":"Polygon","coordinates":[[[-123.07949,49.31104],[-123.07867,49.31187],[-123.07785,49.31267],[-123.07479,49.31134],[-123.07559,49.31055],[-123.07949,49.31104]]]}},{"type":"Feature","properties":{"fed":"59022","poll":"181-0","type":"N"},"geometry":{"type":"Polygon","coordinates":[[[-123.0732,49.3129],[-123.07232,49.31376],[-123.06928,49.31244],[-123.07016,49.31158],[-123.07097,49.31079],[-123.07403,49.31211],[-123.0732,49.3129]]]}},{"type":"Feature","properties":{"fed":"59022","poll":"182-0","type":"N"},"geometry":{"type":"Polygon","coordinates":[[[-123.07479,49.31134],[-123.07403,49.31211],[-123.07097,49.31079],[-123.07177,49.31003],[-123.0726,49.30925],[-123.07559,49.31055],[-123.07479,49.31134]]]}},{"type":"Feature","properties":{"fed":"59022","poll":"183-0","type":"N"},"geometry":{"type":"Polygon","coordinates":[[[-123.07642,49.30974],[-123.07657,49.30991],[-123.07665,49.30983],[-123.07949,49.31104],[-123.07559,49.31055],[-123.0726,49.30925],[-123.07338,49.30847],[-123.07642,49.30974]]]}},{"type":"Feature","properties":{"fed":"59022","poll":"184-0","type":"N"},"geometry":{"type":"Polygon","coordinates":[[[-123.08149,49.31097],[-123.08081,49.31167],[-123.07949,49.31104],[-123.07994,49.31063],[-123.07868,49.31032],[-123.07818,49.30981],[-123.077,49.3093],[-123.07667,49.30388],[-123.08169,49.30479],[-123.08149,49.31097]]]}},{"type":"Feature","properties":{"fed":"59022","poll":"146-0","type":"N"},"geometry":{"type":"Polygon","coordinates":[[[-123.08097,49.31402],[-123.08183,49.31318],[-123.08417,49.31421],[-123.08487,49.31452],[-123.08402,49.31535],[-123.08097,49.31402]]]}},{"type":"Feature","properties":{"fed":"59022","poll":"150-0","type":"N"},"geometry":{"type":"Polygon","coordinates":[[[-123.06927,49.31994],[-123.07239,49.31997],[-123.07236,49.32102],[-123.06924,49.32102],[-123.06927,49.31994]]]}},{"type":"Feature","properties":{"fed":"59022","poll":"152-0","type":"N"},"geometry":{"type":"Polygon","coordinates":[[[-123.07258,49.3179],[-123.07241,49.31896],[-123.06929,49.31894],[-123.06935,49.31683],[-123.07019,49.31684],[-123.07258,49.3179]]]}},{"type":"Feature","properties":{"fed":"59022","poll":"151-0","type":"N"},"geometry":{"type":"Polygon","coordinates":[[[-123.06929,49.31894],[-123.07241,49.31896],[-123.07239,49.31997],[-123.06927,49.31994],[-123.0631,49.31988],[-123.06312,49.31887],[-123.06619,49.31891],[-123.06929,49.31894]]]}},{"type":"Feature","properties":{"fed":"59022","poll":"153-0","type":"N"},"geometry":{"type":"Polygon","coordinates":[[[-123.06935,49.31683],[-123.06929,49.31894],[-123.06619,49.31891],[-123.06622,49.31679],[-123.06627,49.31516],[-123.06947,49.31655],[-123.06935,49.31683]]]}},{"type":"Feature","properties":{"fed":"59022","poll":"144-0","type":"N"},"geometry":{"type":"Polygon","coordinates":[[[-123.05635,49.32188],[-123.05629,49.32399],[-123.05069,49.32394],[-123.05072,49.3207],[-123.0547,49.32073],[-123.05473,49.31979],[-123.05641,49.31981],[-123.05635,49.32188]]]}},{"type":"Feature","properties":{"fed":"59022","poll":"164-0","type":"N"},"geometry":{"type":"Polygon","coordinates":[[[-123.08571,49.2972],[-123.0923,49.29743],[-123.09159,49.31906],[-123.08848,49.31893],[-123.0872,49.31838],[-123.08741,49.31796],[-123.08584,49.31727],[-123.08589,49.31616],[-123.08595,49.31405],[-123.08568,49.31375],[-123.08616,49.31352],[-123.08627,49.31273],[-123.08571,49.2972]]]}},{"type":"Feature","properties":{"fed":"59011","poll":"4-0","type":"N"},"geometry":{"type":"Polygon","coordinates":[[[-123.0016,49.13846],[-123.00161,49.14486],[-123.00264,49.14484],[-123.00346,49.14508],[-123.00297,49.14571],[-123.00182,49.14643],[-123.00236,49.14725],[-123.00409,49.15244],[-122.9955,49.1545],[-122.98866,49.15574],[-122.98741,49.15912],[-122.98315,49.16321],[-122.97365,49.16605],[-122.96614,49.16776],[-122.96395,49.16918],[-122.9603,49.17326],[-122.95817,49.17449],[-122.95692,49.17518],[-122.94977,49.17717],[-122.93857,49.18149],[-122.93615,49.18276],[-122.9354,49.18385],[-122.93398,49.18513],[-122.93228,49.18623],[-122.92943,49.18724],[-122.92499,49.19018],[-122.92098,49.19356],[-122.91999,49.19469],[-122.91221,49.19407],[-122.91617,49.18935],[-122.92014,49.18338],[-122.92334,49.17722],[-122.92608,49.17194],[-122.92801,49.16909],[-122.92689,49.16862],[-122.92343,49.16627],[-122.9234,49.16575],[-122.92481,49.16561],[-122.92823,49.16495],[-122.93132,49.16304],[-122.93062,49.16262],[-122.93059,49.16225],[-122.92687,49.15974],[-122.93153,49.15692],[-122.93268,49.15769],[-122.9318,49.15854],[-122.92987,49.15913],[-122.93061,49.15968],[-122.92984,49.16017],[-122.93273,49.16213],[-122.93476,49.16084],[-122.93641,49.16024],[-122.9349,49.15915],[-122.93822,49.15668],[-122.93957,49.15763],[-122.9415,49.15637],[-122.93693,49.14528],[-122.93976,49.14495],[-122.94117,49.14508],[-122.94268,49.14584],[-122.9433,49.14708],[-122.94469,49.1471],[-122.94802,49.14763],[-122.9523,49.14851],[-122.95341,49.14898],[-122.95544,49.14847],[-122.96735,49.14845],[-122.97334,49.14735],[-122.98321,49.14727],[-122.98497,49.14696],[-122.99054,49.14518],[-122.9922,49.14405],[-122.99404,49.14184],[-122.99544,49.14075],[-122.99714,49.13994],[-123.0016,49.13846]]]}},{"type":"Feature","properties":{"fed":"59036","poll":"63-0","type":"N"},"geometry":{"type":"Polygon","coordinates":[[[-123.05972,49.28481],[-123.05973,49.28572],[-123.05777,49.28571],[-123.05654,49.2857],[-123.05459,49.2857],[-123.0546,49.28478],[-123.05972,49.28481]]]}},{"type":"Feature","properties":{"fed":"59036","poll":"62-0","type":"N"},"geometry":{"type":"Polygon","coordinates":[[[-123.06247,49.28572],[-123.05973,49.28572],[-123.05972,49.28481],[-123.05973,49.28392],[-123.06167,49.28392],[-123.06163,49.2848],[-123.06357,49.28481],[-123.06247,49.28572]]]}},{"type":"Feature","properties":{"fed":"59036","poll":"206-0","type":"N"},"geometry":{"type":"Polygon","coordinates":[[[-123.03374,49.25813],[-123.03366,49.2619],[-123.03104,49.26212],[-123.03103,49.2631],[-123.03005,49.26335],[-123.02968,49.26375],[-123.02994,49.26566],[-123.02849,49.26571],[-123.02848,49.26663],[-123.03101,49.26663],[-123.03101,49.26937],[-123.0336,49.26937],[-123.0336,49.26954],[-123.0275,49.26954],[-123.02348,49.26953],[-123.0235,49.26556],[-123.02353,49.26233],[-123.02354,49.25988],[-123.0235,49.25822],[-123.02855,49.25814],[-123.03374,49.25813]]]}},{"type":"Feature","properties":{"fed":"59036","poll":"44-0","type":"N"},"geometry":{"type":"Polygon","coordinates":[[[-123.05932,49.28933],[-123.06001,49.2894],[-123.06002,49.28982],[-123.05674,49.29145],[-123.05163,49.29252],[-123.05197,49.29167],[-123.05458,49.29112],[-123.05458,49.28971],[-123.05654,49.28972],[-123.05657,49.28867],[-123.05657,49.28841],[-123.05774,49.28842],[-123.05771,49.28933],[-123.05932,49.28933]]]}},{"type":"Feature","properties":{"fed":"59036","poll":"56-0","type":"N"},"geometry":{"type":"Polygon","coordinates":[[[-123.06833,49.28027],[-123.06829,49.28217],[-123.06558,49.28214],[-123.06559,49.28122],[-123.06561,49.27968],[-123.06561,49.27932],[-123.06835,49.27936],[-123.06833,49.28027]]]}},{"type":"Feature","properties":{"fed":"59036","poll":"29-0","type":"N"},"geometry":{"type":"Polygon","coordinates":[[[-123.09698,49.27762],[-123.09974,49.27769],[-123.09979,49.27857],[-123.09708,49.27854],[-123.09698,49.27762]]]}},{"type":"Feature","properties":{"fed":"59036","poll":"204-0","type":"N"},"geometry":{"type":"Polygon","coordinates":[[[-123.03384,49.26471],[-123.03383,49.26567],[-123.03368,49.26566],[-123.03256,49.26566],[-123.03229,49.26557],[-123.03228,49.26566],[-123.03209,49.26565],[-123.03186,49.26565],[-123.02994,49.26566],[-123.02968,49.26375],[-123.03005,49.26335],[-123.03103,49.2631],[-123.03104,49.26212],[-123.03366,49.2619],[-123.03384,49.26471]]]}},{"type":"Feature","properties":{"fed":"59036","poll":"65-0","type":"N"},"geometry":{"type":"Polygon","coordinates":[[[-123.05972,49.28481],[-123.0546,49.28478],[-123.05199,49.28479],[-123.05198,49.2839],[-123.05655,49.28391],[-123.05973,49.28392],[-123.05972,49.28481]]]}},{"type":"Feature","properties":{"fed":"59036","poll":"75-0","type":"N"},"geometry":{"type":"Polygon","coordinates":[[[-123.09885,49.26922],[-123.09559,49.26734],[-123.09562,49.26682],[-123.08907,49.2667],[-123.0891,49.26615],[-123.09294,49.26617],[-123.09567,49.26623],[-123.09632,49.26663],[-123.09622,49.26687],[-123.09822,49.26774],[-123.0988,49.26729],[-123.10019,49.26822],[-123.09885,49.26922]]]}},{"type":"Feature","properties":{"fed":"59036","poll":"89-0","type":"N"},"geometry":{"type":"Polygon","coordinates":[[[-123.07351,49.26963],[-123.07348,49.27054],[-123.06966,49.2705],[-123.06969,49.26959],[-123.07159,49.26961],[-123.0716,49.26872],[-123.07354,49.26874],[-123.07351,49.26963]]]}},{"type":"Feature","properties":{"fed":"59036","poll":"140-0","type":"N"},"geometry":{"type":"Polygon","coordinates":[[[-123.02834,49.28296],[-123.02833,49.28387],[-123.02574,49.28388],[-123.02572,49.28568],[-123.02334,49.28567],[-123.02336,49.28386],[-123.02341,49.28115],[-123.02835,49.28114],[-123.02834,49.28296]]]}},{"type":"Feature","properties":{"fed":"59036","poll":"150-0","type":"N"},"geometry":{"type":"Polygon","coordinates":[[[-123.09636,49.25926],[-123.09659,49.25988],[-123.095,49.25979],[-123.09499,49.26068],[-123.09305,49.26066],[-123.09307,49.25977],[-123.0911,49.25975],[-123.08721,49.25973],[-123.08534,49.25971],[-123.08538,49.2588],[-123.09112,49.25883],[-123.09113,49.25796],[-123.08922,49.25795],[-123.08946,49.25717],[-123.0926,49.25728],[-123.09259,49.25757],[-123.09571,49.25925],[-123.09636,49.25926]]]}},{"type":"Feature","properties":{"fed":"59036","poll":"180-0","type":"N"},"geometry":{"type":"Polygon","coordinates":[[[-123.04692,49.27136],[-123.04142,49.27136],[-123.03894,49.27135],[-123.03895,49.2704],[-123.04145,49.27041],[-123.04148,49.26956],[-123.04423,49.26958],[-123.04695,49.26958],[-123.04692,49.27136]]]}},{"type":"Feature","properties":{"fed":"59036","poll":"164-0","type":"N"},"geometry":{"type":"Polygon","coordinates":[[[-123.05211,49.27043],[-123.05206,49.2723],[-123.05203,49.27415],[-123.0494,49.27415],[-123.04946,49.26958],[-123.0495,49.26668],[-123.05216,49.26668],[-123.05211,49.27043]]]}},{"type":"Feature","properties":{"fed":"59036","poll":"189-0","type":"N"},"geometry":{"type":"Polygon","coordinates":[[[-123.06594,49.26139],[-123.06593,49.2623],[-123.06398,49.26228],[-123.06399,49.26143],[-123.06371,49.26132],[-123.06013,49.2613],[-123.06014,49.26039],[-123.05822,49.26037],[-123.05827,49.25827],[-123.06021,49.2591],[-123.06021,49.2586],[-123.06213,49.25862],[-123.06209,49.25953],[-123.06405,49.25953],[-123.06402,49.26041],[-123.06984,49.26045],[-123.06983,49.2614],[-123.06594,49.26139]]]}},{"type":"Feature","properties":{"fed":"59036","poll":"153-0","type":"N"},"geometry":{"type":"Polygon","coordinates":[[[-123.08727,49.25793],[-123.08532,49.25788],[-123.08538,49.2588],[-123.08338,49.25879],[-123.08147,49.25877],[-123.08149,49.25785],[-123.08151,49.25685],[-123.08359,49.25693],[-123.08362,49.25634],[-123.08748,49.25639],[-123.08727,49.25793]]]}},{"type":"Feature","properties":{"fed":"59036","poll":"159-0","type":"N"},"geometry":{"type":"Polygon","coordinates":[[[-123.06587,49.26505],[-123.06584,49.26686],[-123.0639,49.26684],[-123.06387,49.26775],[-123.06195,49.26773],[-123.06194,49.26679],[-123.06195,49.26593],[-123.06392,49.26594],[-123.06394,49.26503],[-123.06199,49.26501],[-123.06202,49.26414],[-123.06393,49.26415],[-123.06399,49.26323],[-123.0659,49.26325],[-123.06587,49.26505]]]}},{"type":"Feature","properties":{"fed":"59036","poll":"201-0","type":"N"},"geometry":{"type":"Polygon","coordinates":[[[-123.0336,49.26937],[-123.03101,49.26937],[-123.03101,49.26663],[-123.02848,49.26663],[-123.02849,49.26571],[-123.02994,49.26566],[-123.03186,49.26565],[-123.03186,49.26575],[-123.03209,49.26565],[-123.03228,49.26566],[-123.03256,49.26566],[-123.03368,49.26566],[-123.03367,49.26588],[-123.03356,49.26588],[-123.03367,49.26597],[-123.0336,49.26937]],[[-123.03102,49.26602],[-123.03115,49.2662],[-123.03115,49.26602],[-123.03102,49.26602]],[[-123.03241,49.26664],[-123.03214,49.26664],[-123.03214,49.26673],[-123.03241,49.26664]]]}},{"type":"Feature","properties":{"fed":"59036","poll":"115-0","type":"N"},"geometry":{"type":"Polygon","coordinates":[[[-123.08528,49.26246],[-123.08524,49.2634],[-123.08331,49.26338],[-123.08135,49.26337],[-123.08141,49.26243],[-123.08528,49.26246]]]}},{"type":"Feature","properties":{"fed":"59036","poll":"118-0","type":"N"},"geometry":{"type":"Polygon","coordinates":[[[-123.06764,49.27303],[-123.06571,49.27302],[-123.06185,49.27298],[-123.06188,49.27124],[-123.06379,49.27125],[-123.06378,49.2721],[-123.06573,49.2721],[-123.06766,49.27214],[-123.06764,49.27303]]]}},{"type":"Feature","properties":{"fed":"59035","poll":"120-0","type":"N"},"geometry":{"type":"Polygon","coordinates":[[[-123.13276,49.27415],[-123.13183,49.27477],[-123.13087,49.27415],[-123.13319,49.27261],[-123.1355,49.27414],[-123.13369,49.27476],[-123.13276,49.27415]]]}},{"type":"Feature","properties":{"fed":"59035","poll":"122-0","type":"N"},"geometry":{"type":"Polygon","coordinates":[[[-123.13063,49.27581],[-123.13095,49.27601],[-123.12931,49.27708],[-123.1288,49.27676],[-123.12778,49.2761],[-123.12804,49.27593],[-123.12955,49.27504],[-123.13063,49.27581]]]}},{"type":"Feature","properties":{"fed":"59035","poll":"154-0","type":"N"},"geometry":{"type":"Polygon","coordinates":[[[-123.11981,49.273],[-123.1189,49.27342],[-123.11892,49.27447],[-123.11933,49.27454],[-123.11943,49.27461],[-123.1193,49.27477],[-123.11818,49.27613],[-123.11805,49.27604],[-123.11716,49.27552],[-123.11753,49.27446],[-123.11711,49.2742],[-123.11731,49.27342],[-123.11593,49.27198],[-123.11476,49.27238],[-123.11477,49.27192],[-123.11695,49.27135],[-123.11863,49.27062],[-123.11879,49.27117],[-123.11783,49.27144],[-123.11981,49.273]]]}},{"type":"Feature","properties":{"fed":"59035","poll":"140-0","type":"N"},"geometry":{"type":"Polygon","coordinates":[[[-123.12803,49.27229],[-123.12836,49.27319],[-123.12753,49.27374],[-123.12674,49.27325],[-123.12803,49.27229]]]}},{"type":"Feature","properties":{"fed":"59035","poll":"135-0","type":"N"},"geometry":{"type":"Polygon","coordinates":[[[-123.13276,49.27415],[-123.13369,49.27476],[-123.13277,49.27537],[-123.13183,49.27477],[-123.13276,49.27415]]]}},{"type":"Feature","properties":{"fed":"59035","poll":"138-0","type":"N"},"geometry":{"type":"Polygon","coordinates":[[[-123.12584,49.27483],[-123.12541,49.27455],[-123.12698,49.27352],[-123.12587,49.27318],[-123.12591,49.27304],[-123.12674,49.27325],[-123.12753,49.27374],[-123.12584,49.27483]]]}},{"type":"Feature","properties":{"fed":"59035","poll":"157-0","type":"N"},"geometry":{"type":"Polygon","coordinates":[[[-123.1211,49.27799],[-123.12268,49.27695],[-123.12363,49.27754],[-123.12335,49.27747],[-123.12203,49.27861],[-123.1211,49.27799]]]}},{"type":"Feature","properties":{"fed":"59035","poll":"148-0","type":"N"},"geometry":{"type":"Polygon","coordinates":[[[-123.11398,49.27759],[-123.11227,49.27872],[-123.11176,49.2784],[-123.1097,49.27742],[-123.10898,49.27682],[-123.11253,49.27513],[-123.11464,49.27588],[-123.11592,49.27484],[-123.1171,49.27556],[-123.11398,49.27759]]]}},{"type":"Feature","properties":{"fed":"59035","poll":"112-0","type":"N"},"geometry":{"type":"Polygon","coordinates":[[[-123.11789,49.28012],[-123.11949,49.27905],[-123.12043,49.27965],[-123.11881,49.28073],[-123.11789,49.28012]]]}},{"type":"Feature","properties":{"fed":"59035","poll":"162-0","type":"N"},"geometry":{"type":"Polygon","coordinates":[[[-123.12329,49.27525],[-123.12169,49.2763],[-123.12268,49.27695],[-123.12011,49.27735],[-123.12143,49.27632],[-123.12108,49.27593],[-123.12268,49.27488],[-123.12329,49.27525]]]}},{"type":"Feature","properties":{"fed":"59035","poll":"155-0","type":"N"},"geometry":{"type":"Polygon","coordinates":[[[-123.11731,49.27342],[-123.11711,49.2742],[-123.11753,49.27446],[-123.1165,49.27449],[-123.11592,49.27484],[-123.11497,49.27412],[-123.11464,49.27421],[-123.11476,49.27238],[-123.11593,49.27198],[-123.11731,49.27342]]]}},{"type":"Feature","properties":{"fed":"59035","poll":"115-0","type":"N"},"geometry":{"type":"Polygon","coordinates":[[[-123.11789,49.28012],[-123.1169,49.27948],[-123.11846,49.27844],[-123.11949,49.27905],[-123.11789,49.28012]]]}},{"type":"Feature","properties":{"fed":"59035","poll":"136-0","type":"N"},"geometry":{"type":"Polygon","coordinates":[[[-123.13183,49.27477],[-123.13213,49.27516],[-123.13116,49.27587],[-123.13063,49.27581],[-123.12955,49.27504],[-123.13087,49.27415],[-123.13183,49.27477]]]}},{"type":"Feature","properties":{"fed":"59035","poll":"128-0","type":"N"},"geometry":{"type":"Polygon","coordinates":[[[-123.12487,49.27421],[-123.12541,49.27455],[-123.12584,49.27483],[-123.12427,49.2759],[-123.12329,49.27525],[-123.12268,49.27488],[-123.12429,49.27383],[-123.12487,49.27421]]]}},{"type":"Feature","properties":{"fed":"59035","poll":"73-0","type":"N"},"geometry":{"type":"Polygon","coordinates":[[[-123.12498,49.28189],[-123.12695,49.28322],[-123.12593,49.2839],[-123.12444,49.28223],[-123.12498,49.28189]]]}},{"type":"Feature","properties":{"fed":"59035","poll":"78-0","type":"N"},"geometry":{"type":"Polygon","coordinates":[[[-123.13126,49.2832],[-123.13021,49.28389],[-123.12917,49.28321],[-123.12877,49.28347],[-123.1276,49.2828],[-123.12806,49.2825],[-123.12911,49.2818],[-123.12931,49.28193],[-123.1294,49.28186],[-123.12911,49.2818],[-123.13017,49.28111],[-123.13126,49.2832]]]}},{"type":"Feature","properties":{"fed":"59035","poll":"57-0","type":"N"},"geometry":{"type":"Polygon","coordinates":[[[-123.12535,49.28714],[-123.12689,49.28814],[-123.12421,49.28786],[-123.122,49.28647],[-123.12281,49.28626],[-123.12442,49.28728],[-123.12535,49.28714]]]}},{"type":"Feature","properties":{"fed":"59035","poll":"51-0","type":"N"},"geometry":{"type":"Polygon","coordinates":[[[-123.12996,49.28792],[-123.13113,49.28867],[-123.13005,49.28937],[-123.12888,49.2886],[-123.12748,49.28773],[-123.12855,49.28701],[-123.12996,49.28792]]]}},{"type":"Feature","properties":{"fed":"59035","poll":"40-0","type":"N"},"geometry":{"type":"Polygon","coordinates":[[[-123.1418,49.28309],[-123.1408,49.28379],[-123.13975,49.2845],[-123.13858,49.28375],[-123.14074,49.28237],[-123.13953,49.28158],[-123.13907,49.28129],[-123.14087,49.28091],[-123.14254,49.28289],[-123.1418,49.28309]]]}},{"type":"Feature","properties":{"fed":"59035","poll":"56-0","type":"N"},"geometry":{"type":"Polygon","coordinates":[[[-123.12535,49.28714],[-123.12594,49.28675],[-123.12748,49.28773],[-123.12689,49.28814],[-123.12535,49.28714]]]}},{"type":"Feature","properties":{"fed":"59035","poll":"41-0","type":"N"},"geometry":{"type":"Polygon","coordinates":[[[-123.13858,49.28375],[-123.1375,49.28446],[-123.13632,49.28372],[-123.13741,49.28299],[-123.13845,49.28234],[-123.13858,49.28375]]]}},{"type":"Feature","properties":{"fed":"59035","poll":"168-0","type":"N"},"geometry":{"type":"Polygon","coordinates":[[[-123.11477,49.27192],[-123.11476,49.27238],[-123.11106,49.27338],[-123.10294,49.2727],[-123.10185,49.27299],[-123.1021,49.27174],[-123.10242,49.27113],[-123.10252,49.27137],[-123.10342,49.27146],[-123.10398,49.27048],[-123.10375,49.27018],[-123.10464,49.2702],[-123.10461,49.27098],[-123.10719,49.27101],[-123.10941,49.27104],[-123.10942,49.27027],[-123.11083,49.26978],[-123.11395,49.26823],[-123.11482,49.26806],[-123.11477,49.27192]]]}},{"type":"Feature","properties":{"fed":"59035","poll":"174-0","type":"N"},"geometry":{"type":"Polygon","coordinates":[[[-123.10658,49.27024],[-123.10719,49.27025],[-123.10719,49.27101],[-123.10461,49.27098],[-123.10464,49.2702],[-123.10658,49.27024]]]}},{"type":"Feature","properties":{"fed":"59035","poll":"149-0","type":"N"},"geometry":{"type":"Polygon","coordinates":[[[-123.11084,49.27876],[-123.10985,49.27815],[-123.10871,49.27866],[-123.10765,49.27807],[-123.10769,49.27714],[-123.10898,49.27682],[-123.1097,49.27742],[-123.11176,49.2784],[-123.11084,49.27876]]]}},{"type":"Feature","properties":{"fed":"59035","poll":"179-0","type":"N"},"geometry":{"type":"Polygon","coordinates":[[[-123.10282,49.27017],[-123.10242,49.27113],[-123.1021,49.27174],[-123.10023,49.27149],[-123.10062,49.27013],[-123.10068,49.27085],[-123.10282,49.27017]]]}},{"type":"Feature","properties":{"fed":"59035","poll":"177-0","type":"N"},"geometry":{"type":"Polygon","coordinates":[[[-123.10375,49.27018],[-123.10398,49.27048],[-123.10342,49.27146],[-123.10252,49.27137],[-123.10242,49.27113],[-123.10282,49.27017],[-123.10375,49.27018]]]}},{"type":"Feature","properties":{"fed":"59035","poll":"153-0","type":"N"},"geometry":{"type":"Polygon","coordinates":[[[-123.11981,49.273],[-123.12125,49.27402],[-123.1189,49.27342],[-123.11981,49.273]]]}},{"type":"Feature","properties":{"fed":"59035","poll":"151-0","type":"N"},"geometry":{"type":"Polygon","coordinates":[[[-123.12125,49.27402],[-123.11933,49.27454],[-123.11892,49.27447],[-123.1189,49.27342],[-123.12125,49.27402]]]}},{"type":"Feature","properties":{"fed":"59035","poll":"166-0","type":"N"},"geometry":{"type":"Polygon","coordinates":[[[-123.10201,49.27533],[-123.10082,49.27606],[-123.10087,49.27673],[-123.10215,49.27681],[-123.10214,49.27733],[-123.09978,49.27728],[-123.09987,49.27494],[-123.10001,49.27494],[-123.10197,49.27491],[-123.10201,49.27533]]]}},{"type":"Feature","properties":{"fed":"59035","poll":"167-0","type":"N"},"geometry":{"type":"Polygon","coordinates":[[[-123.10174,49.27402],[-123.10197,49.27491],[-123.10001,49.27494],[-123.10174,49.27402]]]}},{"type":"Feature","properties":{"fed":"59035","poll":"170-0","type":"N"},"geometry":{"type":"Polygon","coordinates":[[[-123.1021,49.27174],[-123.10185,49.27299],[-123.10174,49.27402],[-123.10001,49.27494],[-123.09987,49.27494],[-123.10023,49.27149],[-123.1021,49.27174]]]}},{"type":"Feature","properties":{"fed":"59035","poll":"61-0","type":"N"},"geometry":{"type":"Polygon","coordinates":[[[-123.12697,49.28598],[-123.12594,49.28675],[-123.12372,49.28536],[-123.122,49.28647],[-123.11941,49.28561],[-123.12282,49.28329],[-123.12697,49.28598]]]}},{"type":"Feature","properties":{"fed":"59035","poll":"121-0","type":"N"},"geometry":{"type":"Polygon","coordinates":[[[-123.12778,49.2761],[-123.1288,49.27676],[-123.12721,49.27781],[-123.12621,49.27716],[-123.12778,49.2761]]]}},{"type":"Feature","properties":{"fed":"59035","poll":"77-0","type":"N"},"geometry":{"type":"Polygon","coordinates":[[[-123.12815,49.27841],[-123.1292,49.27908],[-123.12764,49.28012],[-123.1266,49.27946],[-123.12815,49.27841]]]}},{"type":"Feature","properties":{"fed":"59035","poll":"58-0","type":"N"},"geometry":{"type":"Polygon","coordinates":[[[-123.12535,49.28714],[-123.12442,49.28728],[-123.12281,49.28626],[-123.122,49.28647],[-123.12372,49.28536],[-123.12594,49.28675],[-123.12535,49.28714]]]}},{"type":"Feature","properties":{"fed":"59035","poll":"48-0","type":"N"},"geometry":{"type":"Polygon","coordinates":[[[-123.13659,49.27967],[-123.13813,49.28069],[-123.13706,49.28138],[-123.13551,49.28038],[-123.13604,49.28003],[-123.13659,49.27967]]]}},{"type":"Feature","properties":{"fed":"59035","poll":"47-0","type":"N"},"geometry":{"type":"Polygon","coordinates":[[[-123.1405,49.28008],[-123.14087,49.28091],[-123.13907,49.28129],[-123.13953,49.28158],[-123.13857,49.28221],[-123.13706,49.28138],[-123.13813,49.28069],[-123.13659,49.27967],[-123.13879,49.2788],[-123.1405,49.28008]]]}},{"type":"Feature","properties":{"fed":"59035","poll":"97-0","type":"N"},"geometry":{"type":"Polygon","coordinates":[[[-123.13444,49.27826],[-123.13659,49.27967],[-123.13604,49.28003],[-123.13426,49.2789],[-123.13444,49.27826]]]}},{"type":"Feature","properties":{"fed":"59035","poll":"45-0","type":"N"},"geometry":{"type":"Polygon","coordinates":[[[-123.13603,49.28212],[-123.13741,49.28299],[-123.13632,49.28372],[-123.13543,49.28385],[-123.13463,49.28335],[-123.13493,49.28282],[-123.13603,49.28212]]]}},{"type":"Feature","properties":{"fed":"59035","poll":"42-0","type":"N"},"geometry":{"type":"Polygon","coordinates":[[[-123.14074,49.28237],[-123.13858,49.28375],[-123.13845,49.28234],[-123.13857,49.28221],[-123.13953,49.28158],[-123.14074,49.28237]]]}},{"type":"Feature","properties":{"fed":"59035","poll":"98-0","type":"N"},"geometry":{"type":"Polygon","coordinates":[[[-123.13659,49.27967],[-123.13444,49.27826],[-123.13544,49.2776],[-123.13691,49.27714],[-123.13739,49.27769],[-123.13812,49.27787],[-123.13879,49.2788],[-123.13659,49.27967]]]}},{"type":"Feature","properties":{"fed":"59035","poll":"53-0","type":"N"},"geometry":{"type":"Polygon","coordinates":[[[-123.12824,49.28901],[-123.12689,49.28814],[-123.12748,49.28773],[-123.12888,49.2886],[-123.12824,49.28901]]]}},{"type":"Feature","properties":{"fed":"59035","poll":"66-0","type":"N"},"geometry":{"type":"Polygon","coordinates":[[[-123.13065,49.28562],[-123.12959,49.2863],[-123.12894,49.28589],[-123.12851,49.28562],[-123.12806,49.28533],[-123.12911,49.28464],[-123.13065,49.28562]]]}},{"type":"Feature","properties":{"fed":"59035","poll":"55-0","type":"N"},"geometry":{"type":"Polygon","coordinates":[[[-123.12491,49.28945],[-123.12278,49.2888],[-123.12421,49.28786],[-123.12582,49.28888],[-123.12491,49.28945]]]}},{"type":"Feature","properties":{"fed":"59035","poll":"46-0","type":"N"},"geometry":{"type":"Polygon","coordinates":[[[-123.13845,49.28234],[-123.13741,49.28299],[-123.13603,49.28212],[-123.13656,49.28175],[-123.13497,49.28074],[-123.13551,49.28038],[-123.13706,49.28138],[-123.13857,49.28221],[-123.13845,49.28234]]]}},{"type":"Feature","properties":{"fed":"59035","poll":"64-0","type":"N"},"geometry":{"type":"Polygon","coordinates":[[[-123.13174,49.2849],[-123.13313,49.28579],[-123.13102,49.28721],[-123.13108,49.28661],[-123.13048,49.28622],[-123.13065,49.28562],[-123.13174,49.2849]]]}},{"type":"Feature","properties":{"fed":"59035","poll":"44-0","type":"N"},"geometry":{"type":"Polygon","coordinates":[[[-123.1364,49.28516],[-123.13539,49.28586],[-123.13422,49.2851],[-123.13281,49.2842],[-123.1339,49.28353],[-123.1364,49.28516]]]}},{"type":"Feature","properties":{"fed":"59035","poll":"63-0","type":"N"},"geometry":{"type":"Polygon","coordinates":[[[-123.12178,49.28265],[-123.12282,49.28329],[-123.11941,49.28561],[-123.1179,49.28656],[-123.11288,49.28342],[-123.11447,49.28237],[-123.11541,49.28299],[-123.11715,49.28183],[-123.11815,49.28248],[-123.11983,49.28137],[-123.12178,49.28265]]]}},{"type":"Feature","properties":{"fed":"59035","poll":"96-0","type":"N"},"geometry":{"type":"Polygon","coordinates":[[[-123.13551,49.28038],[-123.13497,49.28074],[-123.13391,49.28007],[-123.13451,49.27974],[-123.13334,49.27899],[-123.13385,49.27865],[-123.13444,49.27826],[-123.13426,49.2789],[-123.13604,49.28003],[-123.13551,49.28038]]]}},{"type":"Feature","properties":{"fed":"59035","poll":"158-0","type":"N"},"geometry":{"type":"Polygon","coordinates":[[[-123.11949,49.27905],[-123.12011,49.27735],[-123.1211,49.27799],[-123.11949,49.27905]]]}},{"type":"Feature","properties":{"fed":"59035","poll":"159-0","type":"N"},"geometry":{"type":"Polygon","coordinates":[[[-123.12268,49.27695],[-123.1211,49.27799],[-123.12011,49.27735],[-123.12268,49.27695]]]}},{"type":"Feature","properties":{"fed":"59035","poll":"113-0","type":"N"},"geometry":{"type":"Polygon","coordinates":[[[-123.11447,49.28237],[-123.11288,49.28342],[-123.11192,49.28405],[-123.11095,49.28342],[-123.10997,49.28407],[-123.10917,49.28354],[-123.11013,49.28147],[-123.11157,49.28049],[-123.11447,49.28237]],[[-123.11244,49.28312],[-123.11215,49.28305],[-123.11234,49.28318],[-123.11244,49.28312]]]}},{"type":"Feature","properties":{"fed":"59035","poll":"123-0","type":"N"},"geometry":{"type":"Polygon","coordinates":[[[-123.12363,49.27754],[-123.12521,49.27651],[-123.12621,49.27716],[-123.12534,49.27706],[-123.12447,49.27763],[-123.12462,49.27821],[-123.12363,49.27754]]]}},{"type":"Feature","properties":{"fed":"59035","poll":"180-0","type":"N"},"geometry":{"type":"Polygon","coordinates":[[[-123.10273,49.26927],[-123.10467,49.26929],[-123.10464,49.2702],[-123.10375,49.27018],[-123.10282,49.27017],[-123.10273,49.26927]]]}},{"type":"Feature","properties":{"fed":"59035","poll":"181-0","type":"N"},"geometry":{"type":"Polygon","coordinates":[[[-123.10282,49.27017],[-123.10068,49.27085],[-123.10062,49.27013],[-123.10065,49.26912],[-123.10273,49.26927],[-123.10282,49.27017]]]}},{"type":"Feature","properties":{"fed":"59035","poll":"178-0","type":"N"},"geometry":{"type":"Polygon","coordinates":[[[-123.10467,49.26929],[-123.10659,49.26928],[-123.10658,49.27024],[-123.10464,49.2702],[-123.10467,49.26929]]]}},{"type":"Feature","properties":{"fed":"59035","poll":"116-0","type":"N"},"geometry":{"type":"Polygon","coordinates":[[[-123.1169,49.27948],[-123.1175,49.27778],[-123.11846,49.27844],[-123.1169,49.27948]]]}},{"type":"Feature","properties":{"fed":"59035","poll":"150-0","type":"N"},"geometry":{"type":"Polygon","coordinates":[[[-123.11464,49.27421],[-123.11497,49.27412],[-123.11592,49.27484],[-123.11464,49.27588],[-123.11253,49.27513],[-123.11464,49.27421]]]}},{"type":"Feature","properties":{"fed":"59035","poll":"111-0","type":"N"},"geometry":{"type":"Polygon","coordinates":[[[-123.11881,49.28073],[-123.11983,49.28137],[-123.11815,49.28248],[-123.11715,49.28183],[-123.11621,49.28122],[-123.11789,49.28012],[-123.11881,49.28073]]]}},{"type":"Feature","properties":{"fed":"59035","poll":"110-0","type":"N"},"geometry":{"type":"Polygon","coordinates":[[[-123.12339,49.28158],[-123.12178,49.28265],[-123.11983,49.28137],[-123.11881,49.28073],[-123.12043,49.27965],[-123.12141,49.28033],[-123.12339,49.28158]]]}},{"type":"Feature","properties":{"fed":"59035","poll":"124-0","type":"N"},"geometry":{"type":"Polygon","coordinates":[[[-123.12778,49.2761],[-123.12621,49.27716],[-123.12521,49.27651],[-123.12557,49.27627],[-123.12582,49.27643],[-123.12624,49.27615],[-123.12599,49.27599],[-123.12679,49.27546],[-123.12719,49.27571],[-123.12789,49.27546],[-123.12835,49.27569],[-123.12804,49.27593],[-123.12778,49.2761]]]}},{"type":"Feature","properties":{"fed":"59035","poll":"160-0","type":"N"},"geometry":{"type":"Polygon","coordinates":[[[-123.12329,49.27525],[-123.12427,49.2759],[-123.12396,49.27586],[-123.12268,49.27695],[-123.12169,49.2763],[-123.12329,49.27525]]]}},{"type":"Feature","properties":{"fed":"59035","poll":"137-0","type":"N"},"geometry":{"type":"Polygon","coordinates":[[[-123.12905,49.2738],[-123.1287,49.2736],[-123.12816,49.27395],[-123.12753,49.27374],[-123.12836,49.27319],[-123.12983,49.27344],[-123.12905,49.2738]]]}},{"type":"Feature","properties":{"fed":"59035","poll":"76-0","type":"N"},"geometry":{"type":"Polygon","coordinates":[[[-123.12605,49.2812],[-123.12498,49.28189],[-123.12444,49.28223],[-123.12282,49.28329],[-123.12178,49.28265],[-123.12339,49.28158],[-123.12605,49.2812]]]}},{"type":"Feature","properties":{"fed":"59035","poll":"79-0","type":"N"},"geometry":{"type":"Polygon","coordinates":[[[-123.13337,49.28181],[-123.13234,49.28253],[-123.13126,49.2832],[-123.13017,49.28111],[-123.13123,49.28039],[-123.13337,49.28181]]]}},{"type":"Feature","properties":{"fed":"59035","poll":"72-0","type":"N"},"geometry":{"type":"Polygon","coordinates":[[[-123.12593,49.2839],[-123.12806,49.28533],[-123.12786,49.28545],[-123.12697,49.28598],[-123.12282,49.28329],[-123.12444,49.28223],[-123.12593,49.2839]]]}},{"type":"Feature","properties":{"fed":"59035","poll":"74-0","type":"N"},"geometry":{"type":"Polygon","coordinates":[[[-123.12605,49.2812],[-123.12806,49.2825],[-123.1276,49.2828],[-123.12695,49.28322],[-123.12498,49.28189],[-123.12605,49.2812]]]}},{"type":"Feature","properties":{"fed":"59035","poll":"62-0","type":"N"},"geometry":{"type":"Polygon","coordinates":[[[-123.1179,49.28656],[-123.11698,49.28718],[-123.1155,49.28812],[-123.11584,49.28829],[-123.11393,49.28932],[-123.10439,49.29787],[-123.10249,49.29779],[-123.10889,49.28605],[-123.10884,49.28432],[-123.10917,49.28354],[-123.10997,49.28407],[-123.11095,49.28342],[-123.11192,49.28405],[-123.11288,49.28342],[-123.1179,49.28656]]]}},{"type":"Feature","properties":{"fed":"59035","poll":"59-0","type":"N"},"geometry":{"type":"Polygon","coordinates":[[[-123.122,49.28647],[-123.12421,49.28786],[-123.12278,49.2888],[-123.12209,49.28923],[-123.12121,49.28991],[-123.12049,49.28927],[-123.12075,49.28883],[-123.11911,49.28838],[-123.11975,49.28796],[-123.11698,49.28718],[-123.1179,49.28656],[-123.11941,49.28561],[-123.122,49.28647]]]}},{"type":"Feature","properties":{"fed":"59035","poll":"161-0","type":"N"},"geometry":{"type":"Polygon","coordinates":[[[-123.12108,49.27593],[-123.12143,49.27632],[-123.12011,49.27735],[-123.11846,49.27844],[-123.1175,49.27778],[-123.11867,49.27757],[-123.11953,49.27697],[-123.11899,49.27663],[-123.12054,49.27558],[-123.12108,49.27593]]]}},{"type":"Feature","properties":{"fed":"59035","poll":"60-0","type":"N"},"geometry":{"type":"Polygon","coordinates":[[[-123.12121,49.28991],[-123.11584,49.28829],[-123.1155,49.28812],[-123.11698,49.28718],[-123.11975,49.28796],[-123.11911,49.28838],[-123.12075,49.28883],[-123.12049,49.28927],[-123.12121,49.28991]]]}},{"type":"Feature","properties":{"fed":"59035","poll":"52-0","type":"N"},"geometry":{"type":"Polygon","coordinates":[[[-123.1262,49.28921],[-123.12582,49.28888],[-123.12689,49.28814],[-123.12824,49.28901],[-123.1262,49.28921]]]}},{"type":"Feature","properties":{"fed":"59035","poll":"54-0","type":"N"},"geometry":{"type":"Polygon","coordinates":[[[-123.12421,49.28786],[-123.12689,49.28814],[-123.12582,49.28888],[-123.12421,49.28786]]]}},{"type":"Feature","properties":{"fed":"59035","poll":"152-0","type":"N"},"geometry":{"type":"Polygon","coordinates":[[[-123.11716,49.27552],[-123.1171,49.27556],[-123.11592,49.27484],[-123.1165,49.27449],[-123.11753,49.27446],[-123.11716,49.27552]]]}},{"type":"Feature","properties":{"fed":"59035","poll":"1-0","type":"N"},"geometry":{"type":"Polygon","coordinates":[[[-123.16426,49.28231],[-123.16399,49.29794],[-123.16315,49.31662],[-123.14022,49.31668],[-123.1384,49.31572],[-123.13493,49.31367],[-123.12881,49.31012],[-123.10878,49.30024],[-123.10439,49.29787],[-123.11393,49.28932],[-123.11584,49.28829],[-123.12121,49.28991],[-123.11794,49.29242],[-123.12285,49.2929],[-123.12596,49.29349],[-123.1319,49.29396],[-123.13514,49.29594],[-123.13637,49.2951],[-123.13631,49.29474],[-123.13497,49.29382],[-123.13657,49.2928],[-123.13787,49.29374],[-123.13838,49.29341],[-123.13998,49.29325],[-123.14186,49.29294],[-123.14276,49.29309],[-123.14379,49.29252],[-123.14345,49.29239],[-123.14493,49.29139],[-123.14497,49.2907],[-123.14593,49.29112],[-123.14651,49.29069],[-123.14575,49.29043],[-123.14658,49.29001],[-123.14379,49.28852],[-123.14362,49.28704],[-123.14393,49.28425],[-123.14311,49.28376],[-123.14254,49.28289],[-123.14087,49.28091],[-123.1405,49.28008],[-123.13879,49.2788],[-123.13812,49.27787],[-123.13739,49.27769],[-123.13691,49.27714],[-123.1364,49.27694],[-123.1362,49.27576],[-123.1372,49.27543],[-123.14017,49.27831],[-123.14319,49.28051],[-123.14635,49.28173],[-123.14987,49.28223],[-123.15948,49.28228],[-123.16426,49.28231]]]}},{"type":"Feature","properties":{"fed":"59035","poll":"24-0","type":"N"},"geometry":{"type":"Polygon","coordinates":[[[-123.13971,49.28868],[-123.14128,49.2897],[-123.14021,49.29039],[-123.13915,49.29109],[-123.13936,49.29056],[-123.13841,49.28995],[-123.13863,49.28939],[-123.13971,49.28868]]]}},{"type":"Feature","properties":{"fed":"59035","poll":"15-0","type":"N"},"geometry":{"type":"Polygon","coordinates":[[[-123.14497,49.2907],[-123.14493,49.29139],[-123.14382,49.29135],[-123.14264,49.29057],[-123.14368,49.28987],[-123.14497,49.2907]]]}},{"type":"Feature","properties":{"fed":"59035","poll":"89-0","type":"N"},"geometry":{"type":"Polygon","coordinates":[[[-123.1288,49.27676],[-123.12931,49.27708],[-123.12795,49.27794],[-123.12815,49.27841],[-123.1266,49.27946],[-123.12564,49.27885],[-123.12721,49.27781],[-123.1288,49.27676]]]}},{"type":"Feature","properties":{"fed":"59035","poll":"134-0","type":"N"},"geometry":{"type":"Polygon","coordinates":[[[-123.13423,49.27639],[-123.13323,49.27673],[-123.13248,49.277],[-123.13139,49.27629],[-123.13095,49.27601],[-123.13063,49.27581],[-123.13116,49.27587],[-123.13213,49.27516],[-123.13183,49.27477],[-123.13277,49.27537],[-123.13423,49.27639]]]}},{"type":"Feature","properties":{"fed":"59035","poll":"139-0","type":"N"},"geometry":{"type":"Polygon","coordinates":[[[-123.12587,49.27318],[-123.12698,49.27352],[-123.12541,49.27455],[-123.12487,49.27421],[-123.12587,49.27318]]]}},{"type":"Feature","properties":{"fed":"59035","poll":"21-0","type":"N"},"geometry":{"type":"Polygon","coordinates":[[[-123.14021,49.29039],[-123.14158,49.29128],[-123.14052,49.29198],[-123.13915,49.29109],[-123.14021,49.29039]]]}},{"type":"Feature","properties":{"fed":"59035","poll":"19-0","type":"N"},"geometry":{"type":"Polygon","coordinates":[[[-123.13759,49.288],[-123.13854,49.28864],[-123.13863,49.28939],[-123.13756,49.29008],[-123.13599,49.28906],[-123.13708,49.28834],[-123.13759,49.288]]]}},{"type":"Feature","properties":{"fed":"59035","poll":"28-0","type":"N"},"geometry":{"type":"Polygon","coordinates":[[[-123.13756,49.29008],[-123.13654,49.29078],[-123.13494,49.28977],[-123.13335,49.28869],[-123.13439,49.28802],[-123.13599,49.28906],[-123.13756,49.29008]]]}},{"type":"Feature","properties":{"fed":"59035","poll":"13-0","type":"N"},"geometry":{"type":"Polygon","coordinates":[[[-123.14493,49.29139],[-123.14345,49.29239],[-123.14158,49.29128],[-123.14264,49.29057],[-123.14382,49.29135],[-123.14493,49.29139]]]}},{"type":"Feature","properties":{"fed":"59035","poll":"6-0","type":"N"},"geometry":{"type":"Polygon","coordinates":[[[-123.1339,49.29047],[-123.13213,49.29161],[-123.12983,49.29108],[-123.13061,49.29058],[-123.13125,49.29015],[-123.13005,49.28937],[-123.13113,49.28867],[-123.1339,49.29047]]]}},{"type":"Feature","properties":{"fed":"59035","poll":"34-0","type":"N"},"geometry":{"type":"Polygon","coordinates":[[[-123.1408,49.28379],[-123.14238,49.28482],[-123.14134,49.28551],[-123.13975,49.2845],[-123.1408,49.28379]]]}},{"type":"Feature","properties":{"fed":"59035","poll":"23-0","type":"N"},"geometry":{"type":"Polygon","coordinates":[[[-123.14368,49.28987],[-123.14264,49.29057],[-123.14128,49.2897],[-123.14234,49.28904],[-123.14368,49.28987]]]}},{"type":"Feature","properties":{"fed":"59035","poll":"87-0","type":"N"},"geometry":{"type":"Polygon","coordinates":[[[-123.1266,49.27946],[-123.125,49.28054],[-123.12406,49.27991],[-123.12564,49.27885],[-123.1266,49.27946]]]}},{"type":"Feature","properties":{"fed":"59035","poll":"35-0","type":"N"},"geometry":{"type":"Polygon","coordinates":[[[-123.14393,49.28425],[-123.14238,49.28482],[-123.1408,49.28379],[-123.1418,49.28309],[-123.14254,49.28289],[-123.14311,49.28376],[-123.14393,49.28425]]]}},{"type":"Feature","properties":{"fed":"59035","poll":"12-0","type":"N"},"geometry":{"type":"Polygon","coordinates":[[[-123.14379,49.29252],[-123.14276,49.29309],[-123.14186,49.29294],[-123.13998,49.29325],[-123.1405,49.29282],[-123.1399,49.29239],[-123.14052,49.29198],[-123.14158,49.29128],[-123.14345,49.29239],[-123.14379,49.29252]]]}},{"type":"Feature","properties":{"fed":"59035","poll":"88-0","type":"N"},"geometry":{"type":"Polygon","coordinates":[[[-123.1303,49.27837],[-123.1292,49.27908],[-123.12815,49.27841],[-123.12795,49.27794],[-123.12931,49.27708],[-123.12974,49.27736],[-123.1308,49.27804],[-123.1303,49.27837]]]}},{"type":"Feature","properties":{"fed":"59035","poll":"20-0","type":"N"},"geometry":{"type":"Polygon","coordinates":[[[-123.13915,49.29109],[-123.14052,49.29198],[-123.1399,49.29239],[-123.13946,49.29268],[-123.13807,49.29178],[-123.13915,49.29109]]]}},{"type":"Feature","properties":{"fed":"59035","poll":"500-0","type":"M"},"geometry":{"type":"Polygon","coordinates":[[[-123.12851,49.28562],[-123.12894,49.28589],[-123.12881,49.2859],[-123.12851,49.28562]]]}},{"type":"Feature","properties":{"fed":"59035","poll":"501-0","type":"M"},"geometry":{"type":"Polygon","coordinates":[[[-123.12786,49.28545],[-123.12806,49.28533],[-123.12795,49.28551],[-123.12786,49.28545]]]}},{"type":"Feature","properties":{"fed":"59035","poll":"503-0","type":"M"},"geometry":{"type":"Polygon","coordinates":[[[-123.11244,49.28312],[-123.11234,49.28318],[-123.11215,49.28305],[-123.11244,49.28312]]]}},{"type":"Feature","properties":{"fed":"59035","poll":"502-0","type":"M"},"geometry":{"type":"Polygon","coordinates":[[[-123.12931,49.28193],[-123.12911,49.2818],[-123.1294,49.28186],[-123.12931,49.28193]]]}},{"type":"Feature","properties":{"fed":"59035","poll":"504-0","type":"M"},"geometry":{"type":"Polygon","coordinates":[[[-123.11943,49.27461],[-123.11943,49.27481],[-123.1193,49.27477],[-123.11943,49.27461]]]}},{"type":"Feature","properties":{"fed":"59035","poll":"22-0","type":"N"},"geometry":{"type":"Polygon","coordinates":[[[-123.14264,49.29057],[-123.14158,49.29128],[-123.14021,49.29039],[-123.14128,49.2897],[-123.14264,49.29057]]]}},{"type":"Feature","properties":{"fed":"59035","poll":"18-0","type":"N"},"geometry":{"type":"Polygon","coordinates":[[[-123.13654,49.29078],[-123.13807,49.29178],[-123.13704,49.29248],[-123.13549,49.29148],[-123.1339,49.29047],[-123.13494,49.28977],[-123.13654,49.29078]]]}},{"type":"Feature","properties":{"fed":"59035","poll":"8-0","type":"N"},"geometry":{"type":"Polygon","coordinates":[[[-123.1319,49.29396],[-123.12596,49.29349],[-123.12285,49.2929],[-123.11794,49.29242],[-123.12121,49.28991],[-123.12209,49.28923],[-123.12393,49.29008],[-123.12491,49.28945],[-123.12681,49.29],[-123.12622,49.2904],[-123.12855,49.2919],[-123.12783,49.29265],[-123.12797,49.29282],[-123.12953,49.29341],[-123.13059,49.29274],[-123.13063,49.29219],[-123.13133,49.29195],[-123.13311,49.29305],[-123.1319,49.29396]]]}},{"type":"Feature","properties":{"fed":"59035","poll":"9-0","type":"N"},"geometry":{"type":"Polygon","coordinates":[[[-123.13125,49.29015],[-123.13061,49.29058],[-123.12985,49.29066],[-123.12913,49.29036],[-123.12841,49.29048],[-123.12681,49.29],[-123.12746,49.28957],[-123.12903,49.29005],[-123.12942,49.28979],[-123.13005,49.28937],[-123.13125,49.29015]]]}},{"type":"Feature","properties":{"fed":"59035","poll":"7-0","type":"N"},"geometry":{"type":"Polygon","coordinates":[[[-123.12983,49.29108],[-123.12931,49.29142],[-123.12866,49.29182],[-123.12761,49.29119],[-123.12841,49.29048],[-123.12913,49.29036],[-123.12985,49.29066],[-123.13061,49.29058],[-123.12983,49.29108]]]}},{"type":"Feature","properties":{"fed":"59035","poll":"16-0","type":"N"},"geometry":{"type":"Polygon","coordinates":[[[-123.13838,49.29341],[-123.13787,49.29374],[-123.13657,49.2928],[-123.13704,49.29248],[-123.1375,49.29247],[-123.13836,49.29307],[-123.13838,49.29341]]]}},{"type":"Feature","properties":{"fed":"59035","poll":"92-0","type":"N"},"geometry":{"type":"Polygon","coordinates":[[[-123.12363,49.27754],[-123.12462,49.27821],[-123.12306,49.27926],[-123.12203,49.27861],[-123.12335,49.27747],[-123.12363,49.27754]]]}},{"type":"Feature","properties":{"fed":"59035","poll":"33-0","type":"N"},"geometry":{"type":"Polygon","coordinates":[[[-123.14025,49.28625],[-123.13869,49.28523],[-123.13975,49.2845],[-123.14134,49.28551],[-123.14025,49.28625]]]}},{"type":"Feature","properties":{"fed":"59035","poll":"10-0","type":"N"},"geometry":{"type":"Polygon","coordinates":[[[-123.1262,49.28921],[-123.12746,49.28957],[-123.12681,49.29],[-123.12491,49.28945],[-123.12582,49.28888],[-123.1262,49.28921]]]}},{"type":"Feature","properties":{"fed":"59035","poll":"17-0","type":"N"},"geometry":{"type":"Polygon","coordinates":[[[-123.13863,49.28939],[-123.13841,49.28995],[-123.13936,49.29056],[-123.13915,49.29109],[-123.13807,49.29178],[-123.13654,49.29078],[-123.13756,49.29008],[-123.13863,49.28939]]]}},{"type":"Feature","properties":{"fed":"59035","poll":"91-0","type":"N"},"geometry":{"type":"Polygon","coordinates":[[[-123.12621,49.27716],[-123.12721,49.27781],[-123.12564,49.27885],[-123.12406,49.27991],[-123.12306,49.27926],[-123.12462,49.27821],[-123.12447,49.27763],[-123.12534,49.27706],[-123.12621,49.27716]]]}},{"type":"Feature","properties":{"fed":"59035","poll":"169-0","type":"N"},"geometry":{"type":"Polygon","coordinates":[[[-123.10719,49.27101],[-123.10719,49.27025],[-123.10942,49.27027],[-123.10941,49.27104],[-123.10719,49.27101]]]}},{"type":"Feature","properties":{"fed":"59035","poll":"172-0","type":"N"},"geometry":{"type":"Polygon","coordinates":[[[-123.11152,49.26827],[-123.11196,49.26867],[-123.11043,49.26943],[-123.11083,49.26978],[-123.10942,49.27027],[-123.10902,49.26986],[-123.10943,49.26985],[-123.10944,49.26924],[-123.11152,49.26827]]]}},{"type":"Feature","properties":{"fed":"59035","poll":"173-0","type":"N"},"geometry":{"type":"Polygon","coordinates":[[[-123.10707,49.26981],[-123.10902,49.26986],[-123.10942,49.27027],[-123.10719,49.27025],[-123.10658,49.27024],[-123.10707,49.26981]]]}},{"type":"Feature","properties":{"fed":"59035","poll":"171-0","type":"N"},"geometry":{"type":"Polygon","coordinates":[[[-123.11083,49.26978],[-123.11043,49.26943],[-123.11196,49.26867],[-123.11352,49.26789],[-123.11395,49.26823],[-123.11083,49.26978]]]}},{"type":"Feature","properties":{"fed":"59035","poll":"119-0","type":"N"},"geometry":{"type":"Polygon","coordinates":[[[-123.11498,49.27822],[-123.1166,49.27717],[-123.1175,49.27778],[-123.11597,49.27885],[-123.11498,49.27822]]]}},{"type":"Feature","properties":{"fed":"59035","poll":"175-0","type":"N"},"geometry":{"type":"Polygon","coordinates":[[[-123.1148,49.26673],[-123.11482,49.26806],[-123.11395,49.26823],[-123.11352,49.26789],[-123.11196,49.26867],[-123.11152,49.26827],[-123.1148,49.26673]]]}},{"type":"Feature","properties":{"fed":"59035","poll":"176-0","type":"N"},"geometry":{"type":"Polygon","coordinates":[[[-123.10902,49.26986],[-123.10707,49.26981],[-123.10658,49.27024],[-123.10659,49.26928],[-123.10944,49.26924],[-123.10943,49.26985],[-123.10902,49.26986]]]}},{"type":"Feature","properties":{"fed":"59035","poll":"103-0","type":"N"},"geometry":{"type":"Polygon","coordinates":[[[-123.13248,49.277],[-123.13183,49.27737],[-123.1308,49.27804],[-123.12974,49.27736],[-123.13139,49.27629],[-123.13248,49.277]]]}},{"type":"Feature","properties":{"fed":"59035","poll":"117-0","type":"N"},"geometry":{"type":"Polygon","coordinates":[[[-123.1169,49.27948],[-123.11597,49.27885],[-123.1175,49.27778],[-123.1169,49.27948]]]}},{"type":"Feature","properties":{"fed":"59035","poll":"114-0","type":"N"},"geometry":{"type":"Polygon","coordinates":[[[-123.1169,49.27948],[-123.11789,49.28012],[-123.11621,49.28122],[-123.11715,49.28183],[-123.11541,49.28299],[-123.11447,49.28237],[-123.11157,49.28049],[-123.11055,49.27985],[-123.11227,49.27872],[-123.11427,49.27994],[-123.11597,49.27885],[-123.1169,49.27948]]]}},{"type":"Feature","properties":{"fed":"59035","poll":"118-0","type":"N"},"geometry":{"type":"Polygon","coordinates":[[[-123.11498,49.27822],[-123.11597,49.27885],[-123.11427,49.27994],[-123.11227,49.27872],[-123.11398,49.27759],[-123.11498,49.27822]]]}},{"type":"Feature","properties":{"fed":"59035","poll":"104-0","type":"N"},"geometry":{"type":"Polygon","coordinates":[[[-123.13544,49.2776],[-123.13444,49.27826],[-123.13298,49.27716],[-123.13323,49.27673],[-123.13423,49.27639],[-123.1362,49.27576],[-123.1364,49.27694],[-123.13691,49.27714],[-123.13544,49.2776]]]}},{"type":"Feature","properties":{"fed":"59035","poll":"105-0","type":"N"},"geometry":{"type":"Polygon","coordinates":[[[-123.1372,49.27543],[-123.1362,49.27576],[-123.13423,49.27639],[-123.13277,49.27537],[-123.13369,49.27476],[-123.1355,49.27414],[-123.1372,49.27543]]]}},{"type":"Feature","properties":{"fed":"59035","poll":"29-0","type":"N"},"geometry":{"type":"Polygon","coordinates":[[[-123.13494,49.28977],[-123.1339,49.29047],[-123.13113,49.28867],[-123.13221,49.28796],[-123.13335,49.28869],[-123.13494,49.28977]]]}},{"type":"Feature","properties":{"fed":"59035","poll":"146-0","type":"N"},"geometry":{"type":"Polygon","coordinates":[[[-123.12688,49.2716],[-123.12803,49.27229],[-123.12674,49.27325],[-123.12591,49.27304],[-123.12583,49.27304],[-123.12564,49.27235],[-123.12351,49.27053],[-123.12284,49.26994],[-123.12695,49.26947],[-123.12954,49.27014],[-123.12688,49.2716]]]}},{"type":"Feature","properties":{"fed":"59035","poll":"163-0","type":"N"},"geometry":{"type":"Polygon","coordinates":[[[-123.12215,49.27453],[-123.12054,49.27558],[-123.11899,49.27663],[-123.11818,49.27613],[-123.1193,49.27477],[-123.11943,49.27481],[-123.11943,49.27461],[-123.11933,49.27454],[-123.12125,49.27402],[-123.12135,49.27399],[-123.12215,49.27453]]]}},{"type":"Feature","properties":{"fed":"59035","poll":"147-0","type":"N"},"geometry":{"type":"Polygon","coordinates":[[[-123.12284,49.26994],[-123.12351,49.27053],[-123.12141,49.27199],[-123.11981,49.273],[-123.11783,49.27144],[-123.11879,49.27117],[-123.11863,49.27062],[-123.12012,49.26973],[-123.12131,49.26939],[-123.12695,49.26947],[-123.12284,49.26994]]]}},{"type":"Feature","properties":{"fed":"59035","poll":"145-0","type":"N"},"geometry":{"type":"Polygon","coordinates":[[[-123.12141,49.27199],[-123.12135,49.27399],[-123.12125,49.27402],[-123.11981,49.273],[-123.12141,49.27199]]]}},{"type":"Feature","properties":{"fed":"59035","poll":"144-0","type":"N"},"geometry":{"type":"Polygon","coordinates":[[[-123.12361,49.27341],[-123.12135,49.27399],[-123.12141,49.27199],[-123.12351,49.27053],[-123.12564,49.27235],[-123.12583,49.27304],[-123.12361,49.27341]]]}},{"type":"Feature","properties":{"fed":"59035","poll":"129-0","type":"N"},"geometry":{"type":"Polygon","coordinates":[[[-123.11953,49.27697],[-123.11867,49.27757],[-123.1175,49.27778],[-123.1166,49.27717],[-123.11805,49.27604],[-123.11818,49.27613],[-123.11899,49.27663],[-123.11953,49.27697]]]}},{"type":"Feature","properties":{"fed":"59035","poll":"133-0","type":"N"},"geometry":{"type":"Polygon","coordinates":[[[-123.11001,49.27949],[-123.10871,49.27866],[-123.10985,49.27815],[-123.11084,49.27876],[-123.11001,49.27949]]]}},{"type":"Feature","properties":{"fed":"59035","poll":"164-0","type":"N"},"geometry":{"type":"Polygon","coordinates":[[[-123.11476,49.27238],[-123.11464,49.27421],[-123.11253,49.27513],[-123.11293,49.2748],[-123.11106,49.27338],[-123.11476,49.27238]]]}},{"type":"Feature","properties":{"fed":"59035","poll":"165-0","type":"N"},"geometry":{"type":"Polygon","coordinates":[[[-123.10769,49.27714],[-123.10765,49.27807],[-123.10633,49.27768],[-123.10214,49.27733],[-123.10215,49.27681],[-123.10209,49.27609],[-123.10201,49.27533],[-123.10197,49.27491],[-123.10174,49.27402],[-123.10185,49.27299],[-123.10294,49.2727],[-123.11106,49.27338],[-123.11293,49.2748],[-123.11253,49.27513],[-123.10898,49.27682],[-123.10769,49.27714]]]}},{"type":"Feature","properties":{"fed":"59035","poll":"132-0","type":"N"},"geometry":{"type":"Polygon","coordinates":[[[-123.1166,49.27717],[-123.11716,49.27552],[-123.11805,49.27604],[-123.1166,49.27717]]]}},{"type":"Feature","properties":{"fed":"59035","poll":"156-0","type":"N"},"geometry":{"type":"Polygon","coordinates":[[[-123.10209,49.27609],[-123.10215,49.27681],[-123.10087,49.27673],[-123.10082,49.27606],[-123.10201,49.27533],[-123.10209,49.27609]]]}},{"type":"Feature","properties":{"fed":"59035","poll":"131-0","type":"N"},"geometry":{"type":"Polygon","coordinates":[[[-123.1166,49.27717],[-123.11498,49.27822],[-123.11398,49.27759],[-123.1171,49.27556],[-123.11716,49.27552],[-123.1166,49.27717]]]}},{"type":"Feature","properties":{"fed":"59035","poll":"102-0","type":"N"},"geometry":{"type":"Polygon","coordinates":[[[-123.13323,49.27673],[-123.13298,49.27716],[-123.13444,49.27826],[-123.13385,49.27865],[-123.13183,49.27737],[-123.13248,49.277],[-123.13323,49.27673]]]}},{"type":"Feature","properties":{"fed":"59035","poll":"101-0","type":"N"},"geometry":{"type":"Polygon","coordinates":[[[-123.13385,49.27865],[-123.13334,49.27899],[-123.1328,49.27934],[-123.1308,49.27804],[-123.13183,49.27737],[-123.13385,49.27865]]]}},{"type":"Feature","properties":{"fed":"59035","poll":"100-0","type":"N"},"geometry":{"type":"Polygon","coordinates":[[[-123.1308,49.27804],[-123.1328,49.27934],[-123.13226,49.27966],[-123.1303,49.27837],[-123.1308,49.27804]]]}},{"type":"Feature","properties":{"fed":"59035","poll":"70-0","type":"N"},"geometry":{"type":"Polygon","coordinates":[[[-123.12851,49.2845],[-123.12911,49.28464],[-123.12806,49.28533],[-123.12593,49.2839],[-123.12695,49.28322],[-123.12706,49.28357],[-123.12851,49.2845]]]}},{"type":"Feature","properties":{"fed":"59035","poll":"81-0","type":"N"},"geometry":{"type":"Polygon","coordinates":[[[-123.13759,49.28594],[-123.13655,49.28662],[-123.13548,49.2873],[-123.13433,49.28655],[-123.13539,49.28586],[-123.1364,49.28516],[-123.13759,49.28594]]]}},{"type":"Feature","properties":{"fed":"59035","poll":"71-0","type":"N"},"geometry":{"type":"Polygon","coordinates":[[[-123.12911,49.28464],[-123.12851,49.2845],[-123.12706,49.28357],[-123.12695,49.28322],[-123.1276,49.2828],[-123.12877,49.28347],[-123.12917,49.28321],[-123.13021,49.28389],[-123.12911,49.28464]]]}},{"type":"Feature","properties":{"fed":"59035","poll":"67-0","type":"N"},"geometry":{"type":"Polygon","coordinates":[[[-123.13021,49.28389],[-123.13174,49.2849],[-123.13065,49.28562],[-123.12911,49.28464],[-123.13021,49.28389]]]}},{"type":"Feature","properties":{"fed":"59035","poll":"83-0","type":"N"},"geometry":{"type":"Polygon","coordinates":[[[-123.13313,49.28579],[-123.13174,49.2849],[-123.13281,49.2842],[-123.13422,49.2851],[-123.13313,49.28579]]]}},{"type":"Feature","properties":{"fed":"59035","poll":"84-0","type":"N"},"geometry":{"type":"Polygon","coordinates":[[[-123.13174,49.2849],[-123.13021,49.28389],[-123.13126,49.2832],[-123.13281,49.2842],[-123.13174,49.2849]]]}},{"type":"Feature","properties":{"fed":"59035","poll":"82-0","type":"N"},"geometry":{"type":"Polygon","coordinates":[[[-123.13433,49.28655],[-123.13313,49.28579],[-123.13422,49.2851],[-123.13539,49.28586],[-123.13433,49.28655]]]}},{"type":"Feature","properties":{"fed":"59035","poll":"106-0","type":"N"},"geometry":{"type":"Polygon","coordinates":[[[-123.1266,49.27946],[-123.12764,49.28012],[-123.12605,49.2812],[-123.12339,49.28158],[-123.12141,49.28033],[-123.12306,49.27926],[-123.12406,49.27991],[-123.125,49.28054],[-123.1266,49.27946]]]}},{"type":"Feature","properties":{"fed":"59035","poll":"69-0","type":"N"},"geometry":{"type":"Polygon","coordinates":[[[-123.13497,49.28074],[-123.13656,49.28175],[-123.13603,49.28212],[-123.13493,49.28282],[-123.13337,49.28181],[-123.13447,49.28108],[-123.13497,49.28074]]]}},{"type":"Feature","properties":{"fed":"59035","poll":"75-0","type":"N"},"geometry":{"type":"Polygon","coordinates":[[[-123.13447,49.28108],[-123.13337,49.28181],[-123.13123,49.28039],[-123.1292,49.27908],[-123.1303,49.27837],[-123.13226,49.27966],[-123.13447,49.28108]]]}},{"type":"Feature","properties":{"fed":"59035","poll":"99-0","type":"N"},"geometry":{"type":"Polygon","coordinates":[[[-123.13017,49.28111],[-123.12911,49.2818],[-123.12806,49.2825],[-123.12605,49.2812],[-123.12764,49.28012],[-123.1292,49.27908],[-123.13123,49.28039],[-123.13017,49.28111]]]}},{"type":"Feature","properties":{"fed":"59035","poll":"86-0","type":"N"},"geometry":{"type":"Polygon","coordinates":[[[-123.13334,49.27899],[-123.13451,49.27974],[-123.13391,49.28007],[-123.13497,49.28074],[-123.13447,49.28108],[-123.13226,49.27966],[-123.1328,49.27934],[-123.13334,49.27899]]]}},{"type":"Feature","properties":{"fed":"59035","poll":"39-0","type":"N"},"geometry":{"type":"Polygon","coordinates":[[[-123.13869,49.28523],[-123.13759,49.28594],[-123.1364,49.28516],[-123.1375,49.28446],[-123.13858,49.28375],[-123.13975,49.2845],[-123.13869,49.28523]]]}},{"type":"Feature","properties":{"fed":"59035","poll":"38-0","type":"N"},"geometry":{"type":"Polygon","coordinates":[[[-123.14025,49.28625],[-123.13919,49.28699],[-123.13814,49.28763],[-123.13655,49.28662],[-123.13759,49.28594],[-123.13869,49.28523],[-123.14025,49.28625]]]}},{"type":"Feature","properties":{"fed":"59035","poll":"26-0","type":"N"},"geometry":{"type":"Polygon","coordinates":[[[-123.14234,49.28904],[-123.14128,49.2897],[-123.13971,49.28868],[-123.14079,49.28796],[-123.14234,49.28904]]]}},{"type":"Feature","properties":{"fed":"59035","poll":"27-0","type":"N"},"geometry":{"type":"Polygon","coordinates":[[[-123.14393,49.28425],[-123.14362,49.28704],[-123.14236,49.28692],[-123.14184,49.28728],[-123.14025,49.28625],[-123.14134,49.28551],[-123.14238,49.28482],[-123.14393,49.28425]]]}},{"type":"Feature","properties":{"fed":"59035","poll":"37-0","type":"N"},"geometry":{"type":"Polygon","coordinates":[[[-123.13971,49.28868],[-123.13863,49.28939],[-123.13854,49.28864],[-123.13759,49.288],[-123.13814,49.28763],[-123.13919,49.28699],[-123.14079,49.28796],[-123.13971,49.28868]]]}},{"type":"Feature","properties":{"fed":"59035","poll":"25-0","type":"N"},"geometry":{"type":"Polygon","coordinates":[[[-123.14658,49.29001],[-123.14575,49.29043],[-123.14651,49.29069],[-123.14593,49.29112],[-123.14497,49.2907],[-123.14368,49.28987],[-123.14234,49.28904],[-123.14079,49.28796],[-123.13919,49.28699],[-123.14025,49.28625],[-123.14184,49.28728],[-123.14236,49.28692],[-123.14362,49.28704],[-123.14379,49.28852],[-123.14658,49.29001]]]}},{"type":"Feature","properties":{"fed":"59035","poll":"80-0","type":"N"},"geometry":{"type":"Polygon","coordinates":[[[-123.13759,49.288],[-123.13708,49.28834],[-123.13548,49.2873],[-123.13655,49.28662],[-123.13814,49.28763],[-123.13759,49.288]]]}},{"type":"Feature","properties":{"fed":"59035","poll":"85-0","type":"N"},"geometry":{"type":"Polygon","coordinates":[[[-123.1339,49.28353],[-123.13281,49.2842],[-123.13126,49.2832],[-123.13234,49.28253],[-123.1339,49.28353]]]}},{"type":"Feature","properties":{"fed":"59035","poll":"68-0","type":"N"},"geometry":{"type":"Polygon","coordinates":[[[-123.13234,49.28253],[-123.13337,49.28181],[-123.13493,49.28282],[-123.1339,49.28353],[-123.13234,49.28253]]]}},{"type":"Feature","properties":{"fed":"59035","poll":"94-0","type":"N"},"geometry":{"type":"Polygon","coordinates":[[[-123.12599,49.27599],[-123.12624,49.27615],[-123.12582,49.27643],[-123.12557,49.27627],[-123.12521,49.27651],[-123.12427,49.2759],[-123.12679,49.27546],[-123.12599,49.27599]]]}},{"type":"Feature","properties":{"fed":"59035","poll":"93-0","type":"N"},"geometry":{"type":"Polygon","coordinates":[[[-123.12427,49.2759],[-123.12521,49.27651],[-123.12363,49.27754],[-123.12268,49.27695],[-123.12396,49.27586],[-123.12427,49.2759]]]}},{"type":"Feature","properties":{"fed":"59035","poll":"90-0","type":"N"},"geometry":{"type":"Polygon","coordinates":[[[-123.13095,49.27601],[-123.13139,49.27629],[-123.12974,49.27736],[-123.12931,49.27708],[-123.13095,49.27601]]]}},{"type":"Feature","properties":{"fed":"59035","poll":"95-0","type":"N"},"geometry":{"type":"Polygon","coordinates":[[[-123.12584,49.27483],[-123.12679,49.27546],[-123.12427,49.2759],[-123.12584,49.27483]]]}},{"type":"Feature","properties":{"fed":"59035","poll":"127-0","type":"N"},"geometry":{"type":"Polygon","coordinates":[[[-123.12834,49.27444],[-123.12777,49.27463],[-123.1278,49.27473],[-123.12679,49.27546],[-123.12584,49.27483],[-123.12753,49.27374],[-123.12834,49.27444]]]}},{"type":"Feature","properties":{"fed":"59035","poll":"125-0","type":"N"},"geometry":{"type":"Polygon","coordinates":[[[-123.13087,49.27415],[-123.12955,49.27504],[-123.12804,49.27593],[-123.12835,49.27569],[-123.12789,49.27546],[-123.12719,49.27571],[-123.12679,49.27546],[-123.1278,49.27473],[-123.12834,49.27444],[-123.12753,49.27374],[-123.12816,49.27395],[-123.1287,49.2736],[-123.12905,49.2738],[-123.12983,49.27344],[-123.13087,49.27415]]]}},{"type":"Feature","properties":{"fed":"59035","poll":"126-0","type":"N"},"geometry":{"type":"Polygon","coordinates":[[[-123.12777,49.27463],[-123.12834,49.27444],[-123.1278,49.27473],[-123.12777,49.27463]]]}},{"type":"Feature","properties":{"fed":"59035","poll":"11-0","type":"N"},"geometry":{"type":"Polygon","coordinates":[[[-123.12209,49.28923],[-123.12278,49.2888],[-123.12491,49.28945],[-123.12393,49.29008],[-123.12209,49.28923]]]}},{"type":"Feature","properties":{"fed":"59035","poll":"65-0","type":"N"},"geometry":{"type":"Polygon","coordinates":[[[-123.12748,49.28773],[-123.12594,49.28675],[-123.12697,49.28598],[-123.12855,49.28701],[-123.12748,49.28773]]]}},{"type":"Feature","properties":{"fed":"59035","poll":"130-0","type":"N"},"geometry":{"type":"Polygon","coordinates":[[[-123.11176,49.2784],[-123.11227,49.27872],[-123.11055,49.27985],[-123.11001,49.27949],[-123.11084,49.27876],[-123.11176,49.2784]]]}},{"type":"Feature","properties":{"fed":"59035","poll":"107-0","type":"N"},"geometry":{"type":"Polygon","coordinates":[[[-123.12203,49.27861],[-123.12306,49.27926],[-123.12141,49.28033],[-123.12043,49.27965],[-123.12069,49.27901],[-123.12203,49.27861]]]}},{"type":"Feature","properties":{"fed":"59035","poll":"109-0","type":"N"},"geometry":{"type":"Polygon","coordinates":[[[-123.11949,49.27905],[-123.11846,49.27844],[-123.12011,49.27735],[-123.11949,49.27905]]]}},{"type":"Feature","properties":{"fed":"59035","poll":"108-0","type":"N"},"geometry":{"type":"Polygon","coordinates":[[[-123.12203,49.27861],[-123.12069,49.27901],[-123.12043,49.27965],[-123.11949,49.27905],[-123.1211,49.27799],[-123.12203,49.27861]]]}},{"type":"Feature","properties":{"fed":"59035","poll":"5-0","type":"N"},"geometry":{"type":"Polygon","coordinates":[[[-123.13063,49.29219],[-123.13059,49.29274],[-123.12953,49.29341],[-123.12797,49.29282],[-123.12783,49.29265],[-123.12855,49.2919],[-123.12622,49.2904],[-123.12681,49.29],[-123.12841,49.29048],[-123.12761,49.29119],[-123.12866,49.29182],[-123.12931,49.29142],[-123.12966,49.29144],[-123.13063,49.29219]]]}},{"type":"Feature","properties":{"fed":"59035","poll":"2-0","type":"N"},"geometry":{"type":"Polygon","coordinates":[[[-123.13497,49.29382],[-123.13631,49.29474],[-123.13637,49.2951],[-123.13514,49.29594],[-123.1319,49.29396],[-123.13311,49.29305],[-123.13373,49.29263],[-123.13549,49.29148],[-123.13704,49.29248],[-123.13657,49.2928],[-123.13497,49.29382]]]}},{"type":"Feature","properties":{"fed":"59035","poll":"4-0","type":"N"},"geometry":{"type":"Polygon","coordinates":[[[-123.13311,49.29305],[-123.13133,49.29195],[-123.13063,49.29219],[-123.12966,49.29144],[-123.12931,49.29142],[-123.12983,49.29108],[-123.13213,49.29161],[-123.13373,49.29263],[-123.13311,49.29305]]]}},{"type":"Feature","properties":{"fed":"59035","poll":"3-0","type":"N"},"geometry":{"type":"Polygon","coordinates":[[[-123.13373,49.29263],[-123.13213,49.29161],[-123.1339,49.29047],[-123.13549,49.29148],[-123.13373,49.29263]]]}},{"type":"Feature","properties":{"fed":"59035","poll":"50-0","type":"N"},"geometry":{"type":"Polygon","coordinates":[[[-123.12824,49.28901],[-123.12942,49.28979],[-123.12903,49.29005],[-123.12746,49.28957],[-123.1262,49.28921],[-123.12824,49.28901]]]}},{"type":"Feature","properties":{"fed":"59035","poll":"49-0","type":"N"},"geometry":{"type":"Polygon","coordinates":[[[-123.12824,49.28901],[-123.12888,49.2886],[-123.13005,49.28937],[-123.12942,49.28979],[-123.12824,49.28901]]]}},{"type":"Feature","properties":{"fed":"59035","poll":"36-0","type":"N"},"geometry":{"type":"Polygon","coordinates":[[[-123.13632,49.28372],[-123.1375,49.28446],[-123.1364,49.28516],[-123.1339,49.28353],[-123.13493,49.28282],[-123.13463,49.28335],[-123.13543,49.28385],[-123.13632,49.28372]]]}},{"type":"Feature","properties":{"fed":"59035","poll":"32-0","type":"N"},"geometry":{"type":"Polygon","coordinates":[[[-123.13221,49.28796],[-123.13113,49.28867],[-123.12996,49.28792],[-123.13102,49.28721],[-123.13313,49.28579],[-123.13433,49.28655],[-123.13221,49.28796]]]}},{"type":"Feature","properties":{"fed":"59035","poll":"43-0","type":"N"},"geometry":{"type":"Polygon","coordinates":[[[-123.13065,49.28562],[-123.13048,49.28622],[-123.13108,49.28661],[-123.13102,49.28721],[-123.12996,49.28792],[-123.12855,49.28701],[-123.12697,49.28598],[-123.12786,49.28545],[-123.12795,49.28551],[-123.12806,49.28533],[-123.12851,49.28562],[-123.12881,49.2859],[-123.12894,49.28589],[-123.12959,49.2863],[-123.13065,49.28562]]]}},{"type":"Feature","properties":{"fed":"59035","poll":"31-0","type":"N"},"geometry":{"type":"Polygon","coordinates":[[[-123.13548,49.2873],[-123.13439,49.28802],[-123.13335,49.28869],[-123.13221,49.28796],[-123.13433,49.28655],[-123.13548,49.2873]]]}},{"type":"Feature","properties":{"fed":"59035","poll":"14-0","type":"N"},"geometry":{"type":"Polygon","coordinates":[[[-123.13998,49.29325],[-123.13838,49.29341],[-123.13836,49.29307],[-123.1375,49.29247],[-123.13704,49.29248],[-123.13807,49.29178],[-123.13946,49.29268],[-123.1399,49.29239],[-123.1405,49.29282],[-123.13998,49.29325]]]}},{"type":"Feature","properties":{"fed":"59035","poll":"30-0","type":"N"},"geometry":{"type":"Polygon","coordinates":[[[-123.13708,49.28834],[-123.13599,49.28906],[-123.13439,49.28802],[-123.13548,49.2873],[-123.13708,49.28834]]]}},{"type":"Feature","properties":{"fed":"59035","poll":"142-0","type":"N"},"geometry":{"type":"Polygon","coordinates":[[[-123.12429,49.27383],[-123.12268,49.27488],[-123.12108,49.27593],[-123.12054,49.27558],[-123.12215,49.27453],[-123.12135,49.27399],[-123.12361,49.27341],[-123.12429,49.27383]]]}},{"type":"Feature","properties":{"fed":"59035","poll":"141-0","type":"N"},"geometry":{"type":"Polygon","coordinates":[[[-123.13319,49.27261],[-123.13087,49.27415],[-123.12983,49.27344],[-123.12836,49.27319],[-123.12803,49.27229],[-123.12688,49.2716],[-123.12954,49.27014],[-123.13319,49.27261]]]}},{"type":"Feature","properties":{"fed":"59035","poll":"143-0","type":"N"},"geometry":{"type":"Polygon","coordinates":[[[-123.12591,49.27304],[-123.12587,49.27318],[-123.12487,49.27421],[-123.12429,49.27383],[-123.12361,49.27341],[-123.12583,49.27304],[-123.12591,49.27304]]]}},{"type":"Feature","properties":{"fed":"59036","poll":"119-0","type":"N"},"geometry":{"type":"Polygon","coordinates":[[[-123.05987,49.27566],[-123.05469,49.27581],[-123.0547,49.27499],[-123.05659,49.27499],[-123.0566,49.27294],[-123.05797,49.27291],[-123.05991,49.27295],[-123.05987,49.27566]]]}},{"type":"Feature","properties":{"fed":"59036","poll":"96-0","type":"N"},"geometry":{"type":"Polygon","coordinates":[[[-123.05469,49.27581],[-123.05469,49.27664],[-123.05202,49.27664],[-123.05203,49.27581],[-123.04938,49.27581],[-123.0494,49.27498],[-123.04688,49.27496],[-123.04688,49.27418],[-123.0494,49.27415],[-123.05203,49.27415],[-123.05204,49.27498],[-123.0547,49.27499],[-123.05469,49.27581]]]}},{"type":"Feature","properties":{"fed":"59036","poll":"167-0","type":"N"},"geometry":{"type":"Polygon","coordinates":[[[-123.08135,49.26337],[-123.08331,49.26338],[-123.08328,49.26429],[-123.08134,49.26428],[-123.08132,49.26525],[-123.07942,49.26521],[-123.07943,49.26426],[-123.0775,49.26424],[-123.07754,49.26334],[-123.07764,49.2624],[-123.08141,49.26243],[-123.08135,49.26337]]]}},{"type":"Feature","properties":{"fed":"59036","poll":"111-0","type":"N"},"geometry":{"type":"Polygon","coordinates":[[[-123.08132,49.26525],[-123.08134,49.26428],[-123.08328,49.26429],[-123.08522,49.26431],[-123.0852,49.26521],[-123.08715,49.26521],[-123.0891,49.26523],[-123.0891,49.26615],[-123.08907,49.2667],[-123.08132,49.26525]]]}},{"type":"Feature","properties":{"fed":"59036","poll":"146-0","type":"N"},"geometry":{"type":"Polygon","coordinates":[[[-123.03035,49.2741],[-123.02842,49.27411],[-123.02842,49.27495],[-123.02343,49.27483],[-123.02344,49.27391],[-123.02348,49.26953],[-123.0275,49.26954],[-123.03035,49.2741]]]}},{"type":"Feature","properties":{"fed":"59036","poll":"126-0","type":"N"},"geometry":{"type":"Polygon","coordinates":[[[-123.07354,49.26874],[-123.0716,49.26872],[-123.0658,49.26867],[-123.06582,49.26776],[-123.06969,49.2678],[-123.07356,49.26783],[-123.07354,49.26874]]]}},{"type":"Feature","properties":{"fed":"59036","poll":"135-0","type":"N"},"geometry":{"type":"Polygon","coordinates":[[[-123.03625,49.27747],[-123.03623,49.27908],[-123.03361,49.27907],[-123.03362,49.2802],[-123.03621,49.2802],[-123.0362,49.28117],[-123.03193,49.28115],[-123.03182,49.27744],[-123.03363,49.27745],[-123.03362,49.27663],[-123.03629,49.27662],[-123.03625,49.27747]]]}},{"type":"Feature","properties":{"fed":"59036","poll":"136-0","type":"N"},"geometry":{"type":"Polygon","coordinates":[[[-123.04414,49.27538],[-123.04413,49.27643],[-123.0389,49.27644],[-123.03889,49.27747],[-123.03625,49.27747],[-123.03629,49.27662],[-123.03635,49.27539],[-123.03891,49.27538],[-123.04414,49.27538]]]}},{"type":"Feature","properties":{"fed":"59036","poll":"113-0","type":"N"},"geometry":{"type":"Polygon","coordinates":[[[-123.08716,49.26432],[-123.08715,49.26521],[-123.0852,49.26521],[-123.08522,49.26431],[-123.08328,49.26429],[-123.08331,49.26338],[-123.08524,49.2634],[-123.08717,49.26341],[-123.08716,49.26432]]]}},{"type":"Feature","properties":{"fed":"59036","poll":"120-0","type":"N"},"geometry":{"type":"Polygon","coordinates":[[[-123.06185,49.27298],[-123.06181,49.27481],[-123.06179,49.27568],[-123.05987,49.27566],[-123.05991,49.27295],[-123.05797,49.27291],[-123.05799,49.2712],[-123.06188,49.27124],[-123.06185,49.27298]]]}},{"type":"Feature","properties":{"fed":"59036","poll":"130-0","type":"N"},"geometry":{"type":"Polygon","coordinates":[[[-123.04935,49.28023],[-123.04935,49.28116],[-123.04405,49.28116],[-123.04411,49.27828],[-123.04672,49.27828],[-123.04671,49.27911],[-123.04935,49.27911],[-123.04935,49.28023]]]}},{"type":"Feature","properties":{"fed":"59036","poll":"177-0","type":"N"},"geometry":{"type":"Polygon","coordinates":[[[-123.04418,49.27327],[-123.04414,49.27538],[-123.03891,49.27538],[-123.03893,49.27326],[-123.04418,49.27327]]]}},{"type":"Feature","properties":{"fed":"59036","poll":"162-0","type":"N"},"geometry":{"type":"Polygon","coordinates":[[[-123.0494,49.27415],[-123.04688,49.27418],[-123.04692,49.27136],[-123.04695,49.26958],[-123.04946,49.26958],[-123.0494,49.27415]]]}},{"type":"Feature","properties":{"fed":"59036","poll":"108-0","type":"N"},"geometry":{"type":"Polygon","coordinates":[[[-123.09492,49.26438],[-123.09581,49.26439],[-123.09577,49.26541],[-123.09567,49.26623],[-123.09294,49.26617],[-123.093,49.26526],[-123.09302,49.26251],[-123.09497,49.26252],[-123.09492,49.26438]]]}},{"type":"Feature","properties":{"fed":"59036","poll":"172-0","type":"N"},"geometry":{"type":"Polygon","coordinates":[[[-123.08337,49.2597],[-123.08336,49.26057],[-123.08144,49.26056],[-123.07369,49.26049],[-123.07371,49.25961],[-123.07759,49.25963],[-123.08337,49.2597]]]}},{"type":"Feature","properties":{"fed":"59036","poll":"99-0","type":"N"},"geometry":{"type":"Polygon","coordinates":[[[-123.10493,49.26208],[-123.10302,49.26204],[-123.10306,49.26115],[-123.1031,49.26024],[-123.10505,49.26025],[-123.10493,49.26208]]]}},{"type":"Feature","properties":{"fed":"59036","poll":"168-0","type":"N"},"geometry":{"type":"Polygon","coordinates":[[[-123.07754,49.26334],[-123.0775,49.26424],[-123.07943,49.26426],[-123.07942,49.26521],[-123.07744,49.26518],[-123.07557,49.26471],[-123.07558,49.26422],[-123.07363,49.26419],[-123.07365,49.2633],[-123.07754,49.26334]]]}},{"type":"Feature","properties":{"fed":"59036","poll":"106-0","type":"N"},"geometry":{"type":"Polygon","coordinates":[[[-123.09834,49.25977],[-123.09833,49.2599],[-123.09832,49.26019],[-123.09659,49.25988],[-123.09636,49.25926],[-123.09571,49.25925],[-123.09259,49.25757],[-123.0926,49.25728],[-123.09378,49.25733],[-123.09646,49.25745],[-123.09645,49.25768],[-123.09631,49.25768],[-123.09644,49.25786],[-123.09643,49.25834],[-123.09839,49.25837],[-123.09834,49.25977]]]}},{"type":"Feature","properties":{"fed":"59036","poll":"158-0","type":"N"},"geometry":{"type":"Polygon","coordinates":[[[-123.06582,49.26776],[-123.0658,49.26867],[-123.06385,49.26866],[-123.06191,49.26864],[-123.06192,49.26954],[-123.05996,49.26952],[-123.06002,49.26676],[-123.06194,49.26679],[-123.06195,49.26773],[-123.06387,49.26775],[-123.0639,49.26684],[-123.06584,49.26686],[-123.06582,49.26776]]]}},{"type":"Feature","properties":{"fed":"59036","poll":"112-0","type":"N"},"geometry":{"type":"Polygon","coordinates":[[[-123.09101,49.26435],[-123.08716,49.26432],[-123.08717,49.26341],[-123.08912,49.26342],[-123.08915,49.26249],[-123.09106,49.2625],[-123.09101,49.26435]]]}},{"type":"Feature","properties":{"fed":"59036","poll":"176-0","type":"N"},"geometry":{"type":"Polygon","coordinates":[[[-123.07371,49.25961],[-123.06986,49.25959],[-123.06988,49.25869],[-123.06989,49.25685],[-123.06788,49.25683],[-123.06791,49.25629],[-123.06984,49.25637],[-123.07286,49.25653],[-123.07372,49.25654],[-123.07371,49.25961]]]}},{"type":"Feature","properties":{"fed":"59036","poll":"39-0","type":"N"},"geometry":{"type":"Polygon","coordinates":[[[-123.07999,49.28327],[-123.08,49.28344],[-123.07711,49.28381],[-123.07801,49.2844],[-123.07753,49.29697],[-123.06658,49.2965],[-123.06501,49.29643],[-123.06552,49.28484],[-123.06827,49.28423],[-123.07259,49.28349],[-123.0727,49.27941],[-123.07413,49.27943],[-123.07413,49.28132],[-123.07712,49.28135],[-123.07712,49.28307],[-123.08099,49.28281],[-123.08099,49.28313],[-123.07999,49.28327]]]}},{"type":"Feature","properties":{"fed":"59036","poll":"77-0","type":"N"},"geometry":{"type":"Polygon","coordinates":[[[-123.09887,49.26547],[-123.09883,49.26637],[-123.09678,49.26634],[-123.09632,49.26663],[-123.09567,49.26623],[-123.09577,49.26541],[-123.09694,49.26545],[-123.09698,49.26455],[-123.09891,49.26457],[-123.09887,49.26547]]]}},{"type":"Feature","properties":{"fed":"59036","poll":"31-0","type":"N"},"geometry":{"type":"Polygon","coordinates":[[[-123.09353,49.27937],[-123.09349,49.28028],[-123.09154,49.28024],[-123.08959,49.28021],[-123.08971,49.27749],[-123.09166,49.27752],[-123.09162,49.27843],[-123.09356,49.27847],[-123.09353,49.27937]]]}},{"type":"Feature","properties":{"fed":"59036","poll":"84-0","type":"N"},"geometry":{"type":"Polygon","coordinates":[[[-123.06758,49.27575],[-123.06565,49.27574],[-123.06371,49.27573],[-123.06369,49.27663],[-123.06177,49.27662],[-123.06179,49.27568],[-123.06181,49.27481],[-123.06567,49.27485],[-123.06569,49.27385],[-123.06762,49.27394],[-123.06758,49.27575]],[[-123.06566,49.27517],[-123.06552,49.27535],[-123.06566,49.27535],[-123.06566,49.27517]]]}},{"type":"Feature","properties":{"fed":"59036","poll":"5-0","type":"N"},"geometry":{"type":"Polygon","coordinates":[[[-123.10424,49.28348],[-123.10402,49.28337],[-123.10218,49.2838],[-123.1022,49.28325],[-123.10224,49.28235],[-123.10428,49.28244],[-123.10424,49.28348]]]}},{"type":"Feature","properties":{"fed":"59036","poll":"3-0","type":"N"},"geometry":{"type":"Polygon","coordinates":[[[-123.10884,49.28432],[-123.10643,49.2839],[-123.10681,49.28293],[-123.1074,49.2827],[-123.1073,49.28302],[-123.10917,49.28354],[-123.10884,49.28432]]]}},{"type":"Feature","properties":{"fed":"59036","poll":"82-0","type":"N"},"geometry":{"type":"Polygon","coordinates":[[[-123.07448,49.2749],[-123.07591,49.27492],[-123.07589,49.27584],[-123.07446,49.27582],[-123.07433,49.27673],[-123.06949,49.27666],[-123.06564,49.27665],[-123.06565,49.27574],[-123.06758,49.27575],[-123.06762,49.27394],[-123.07342,49.27399],[-123.07449,49.274],[-123.07448,49.2749]]]}},{"type":"Feature","properties":{"fed":"59036","poll":"92-0","type":"N"},"geometry":{"type":"Polygon","coordinates":[[[-123.06367,49.27914],[-123.06176,49.27913],[-123.05787,49.27912],[-123.05791,49.27658],[-123.05985,49.27661],[-123.05987,49.27566],[-123.06179,49.27568],[-123.06177,49.27662],[-123.06369,49.27663],[-123.06367,49.27914]]]}},{"type":"Feature","properties":{"fed":"59036","poll":"88-0","type":"N"},"geometry":{"type":"Polygon","coordinates":[[[-123.07345,49.27145],[-123.06964,49.27138],[-123.06966,49.2705],[-123.07348,49.27054],[-123.07542,49.27055],[-123.0754,49.27149],[-123.07345,49.27145]]]}},{"type":"Feature","properties":{"fed":"59036","poll":"55-0","type":"N"},"geometry":{"type":"Polygon","coordinates":[[[-123.0826,49.27736],[-123.08139,49.27734],[-123.08137,49.27825],[-123.07927,49.27822],[-123.07923,49.2795],[-123.07413,49.27943],[-123.0727,49.27941],[-123.07273,49.27851],[-123.07049,49.27849],[-123.06949,49.27666],[-123.07433,49.27673],[-123.07446,49.27582],[-123.07589,49.27584],[-123.08266,49.27582],[-123.0826,49.27736]]]}},{"type":"Feature","properties":{"fed":"59036","poll":"50-0","type":"N"},"geometry":{"type":"Polygon","coordinates":[[[-123.05197,49.29167],[-123.05163,49.29252],[-123.05171,49.29599],[-123.03875,49.29546],[-123.02616,49.29457],[-123.02633,49.29096],[-123.03087,49.28707],[-123.03777,49.28831],[-123.04079,49.28922],[-123.04134,49.28907],[-123.04217,49.28968],[-123.04406,49.28971],[-123.04406,49.28866],[-123.04672,49.28872],[-123.0467,49.29072],[-123.04931,49.29072],[-123.04932,49.28971],[-123.05199,49.28971],[-123.05197,49.29167]]]}},{"type":"Feature","properties":{"fed":"59036","poll":"10-0","type":"N"},"geometry":{"type":"Polygon","coordinates":[[[-123.10228,49.28141],[-123.10224,49.28235],[-123.10141,49.28233],[-123.10114,49.28233],[-123.09965,49.28229],[-123.0997,49.28135],[-123.09971,49.28039],[-123.10228,49.28045],[-123.10228,49.28141]]]}},{"type":"Feature","properties":{"fed":"59036","poll":"24-0","type":"N"},"geometry":{"type":"Polygon","coordinates":[[[-123.10439,49.2805],[-123.10434,49.28148],[-123.10228,49.28141],[-123.10228,49.28045],[-123.09971,49.28039],[-123.09975,49.27949],[-123.10217,49.27929],[-123.10448,49.27923],[-123.10447,49.27941],[-123.10439,49.2805]]]}},{"type":"Feature","properties":{"fed":"59036","poll":"6-0","type":"N"},"geometry":{"type":"Polygon","coordinates":[[[-123.09951,49.28411],[-123.09958,49.2832],[-123.1022,49.28325],[-123.10218,49.2838],[-123.09951,49.28411]]]}},{"type":"Feature","properties":{"fed":"59036","poll":"33-0","type":"N"},"geometry":{"type":"Polygon","coordinates":[[[-123.09364,49.27668],[-123.0936,49.27756],[-123.09356,49.27847],[-123.09162,49.27843],[-123.09166,49.27752],[-123.08971,49.27749],[-123.08975,49.2766],[-123.09169,49.27664],[-123.09178,49.27576],[-123.09322,49.27578],[-123.09364,49.27668]]]}},{"type":"Feature","properties":{"fed":"59036","poll":"40-0","type":"N"},"geometry":{"type":"Polygon","coordinates":[[[-123.08137,49.27825],[-123.08139,49.27734],[-123.0826,49.27736],[-123.0833,49.27738],[-123.08318,49.27919],[-123.08247,49.281],[-123.07918,49.28112],[-123.07914,49.2823],[-123.08129,49.28232],[-123.08128,49.28279],[-123.08099,49.28281],[-123.07712,49.28307],[-123.07712,49.28135],[-123.07413,49.28132],[-123.07413,49.27943],[-123.07923,49.2795],[-123.07927,49.27822],[-123.08137,49.27825]]]}},{"type":"Feature","properties":{"fed":"59036","poll":"20-0","type":"N"},"geometry":{"type":"Polygon","coordinates":[[[-123.10561,49.28072],[-123.1076,49.28107],[-123.10721,49.28201],[-123.10434,49.28148],[-123.10439,49.2805],[-123.10499,49.28061],[-123.1051,49.28058],[-123.10513,49.28041],[-123.10515,49.28022],[-123.10579,49.28028],[-123.10561,49.28072]]]}},{"type":"Feature","properties":{"fed":"59036","poll":"197-0","type":"N"},"geometry":{"type":"Polygon","coordinates":[[[-123.05822,49.26037],[-123.0582,49.26129],[-123.0566,49.26126],[-123.0566,49.26102],[-123.05302,49.26103],[-123.05302,49.2582],[-123.04959,49.25837],[-123.04959,49.25789],[-123.05297,49.25751],[-123.05477,49.25751],[-123.05665,49.2578],[-123.05827,49.25827],[-123.05822,49.26037]]]}},{"type":"Feature","properties":{"fed":"59036","poll":"38-0","type":"N"},"geometry":{"type":"Polygon","coordinates":[[[-123.08247,49.281],[-123.08318,49.27919],[-123.0833,49.27738],[-123.08358,49.27738],[-123.08497,49.27741],[-123.08486,49.28011],[-123.08481,49.28105],[-123.08247,49.281]]]}},{"type":"Feature","properties":{"fed":"59036","poll":"45-0","type":"N"},"geometry":{"type":"Polygon","coordinates":[[[-123.05932,49.28933],[-123.05771,49.28933],[-123.05774,49.28842],[-123.05772,49.28752],[-123.06077,49.28755],[-123.05932,49.28933]]]}},{"type":"Feature","properties":{"fed":"59036","poll":"79-0","type":"N"},"geometry":{"type":"Polygon","coordinates":[[[-123.09896,49.26367],[-123.09891,49.26457],[-123.09698,49.26455],[-123.09694,49.26545],[-123.09577,49.26541],[-123.09581,49.26439],[-123.09492,49.26438],[-123.09497,49.26252],[-123.09602,49.26264],[-123.099,49.26286],[-123.09896,49.26367]]]}},{"type":"Feature","properties":{"fed":"59036","poll":"64-0","type":"N"},"geometry":{"type":"Polygon","coordinates":[[[-123.06167,49.28392],[-123.05973,49.28392],[-123.05655,49.28391],[-123.05655,49.283],[-123.06168,49.28302],[-123.06167,49.28392]]]}},{"type":"Feature","properties":{"fed":"59036","poll":"67-0","type":"N"},"geometry":{"type":"Polygon","coordinates":[[[-123.05199,49.28479],[-123.0546,49.28478],[-123.05459,49.2857],[-123.05198,49.2857],[-123.04933,49.28568],[-123.04934,49.28478],[-123.04672,49.28478],[-123.04669,49.28298],[-123.04935,49.28299],[-123.04934,49.28389],[-123.05198,49.2839],[-123.05199,49.28479]]]}},{"type":"Feature","properties":{"fed":"59028","poll":"12-0","type":"N"},"geometry":{"type":"Polygon","coordinates":[[[-123.10273,49.18742],[-123.1027,49.18983],[-123.10272,49.19201],[-123.10273,49.19664],[-123.10273,49.19786],[-123.11382,49.20029],[-123.11479,49.20042],[-123.11768,49.20012],[-123.12037,49.19953],[-123.12409,49.19823],[-123.12585,49.20013],[-123.11738,49.20379],[-123.11352,49.20477],[-123.10158,49.20409],[-123.09792,49.20419],[-123.09128,49.20531],[-123.07741,49.20808],[-123.07448,49.20834],[-123.071,49.20756],[-123.06831,49.20648],[-123.06755,49.20504],[-123.06764,49.20445],[-123.06927,49.20384],[-123.06938,49.20177],[-123.06915,49.1847],[-123.07728,49.18461],[-123.07752,49.18564],[-123.07757,49.20035],[-123.08106,49.19947],[-123.0869,49.19732],[-123.09145,49.19653],[-123.09153,49.18952],[-123.0967,49.18954],[-123.09669,49.18833],[-123.10039,49.18837],[-123.10039,49.18869],[-123.10144,49.1887],[-123.10149,49.18744],[-123.10273,49.18742]]]}},{"type":"Feature","properties":{"fed":"59027","poll":"1-0","type":"N"},"geometry":{"type":"Polygon","coordinates":[[[-123.30297,49.17529],[-123.29944,49.25918],[-123.27623,49.25922],[-123.2733,49.26233],[-123.25637,49.25637],[-123.2546,49.25462],[-123.25372,49.25404],[-123.25371,49.25272],[-123.25263,49.25105],[-123.24968,49.2499],[-123.24756,49.24864],[-123.24429,49.24763],[-123.2401,49.24596],[-123.23319,49.24218],[-123.22775,49.24036],[-123.22159,49.237],[-123.22596,49.22888],[-123.20734,49.22282],[-123.20028,49.22139],[-123.19131,49.21945],[-123.18037,49.2157],[-123.16825,49.21447],[-123.16356,49.21359],[-123.15694,49.21048],[-123.15564,49.20955],[-123.15357,49.20741],[-123.15074,49.20535],[-123.14995,49.20516],[-123.14744,49.20455],[-123.14087,49.20192],[-123.14024,49.2002],[-123.13664,49.19914],[-123.13244,49.19854],[-123.13572,49.19455],[-123.1371,49.19187],[-123.14105,49.1844],[-123.14287,49.18198],[-123.14488,49.18055],[-123.14871,49.17871],[-123.15151,49.18118],[-123.15169,49.18134],[-123.14958,49.18277],[-123.15027,49.18483],[-123.14931,49.18591],[-123.15037,49.18608],[-123.15038,49.18662],[-123.14708,49.18954],[-123.14899,49.19068],[-123.14808,49.19119],[-123.14594,49.19127],[-123.14465,49.1899],[-123.14353,49.18925],[-123.14257,49.19123],[-123.14249,49.19288],[-123.14253,49.19308],[-123.14567,49.19399],[-123.15065,49.19309],[-123.1507,49.19287],[-123.15099,49.19536],[-123.14947,49.19803],[-123.14897,49.20088],[-123.14973,49.20179],[-123.15461,49.20446],[-123.15617,49.20493],[-123.172,49.20667],[-123.19674,49.20679],[-123.19902,49.20699],[-123.20166,49.20773],[-123.20298,49.20673],[-123.20848,49.20003],[-123.20898,49.19032],[-123.209,49.18766],[-123.20867,49.18735],[-123.20043,49.18658],[-123.19801,49.1858],[-123.19601,49.18567],[-123.19415,49.18511],[-123.19217,49.18505],[-123.19011,49.18469],[-123.18882,49.18389],[-123.18621,49.18291],[-123.18432,49.18088],[-123.18226,49.17974],[-123.17846,49.17889],[-123.17512,49.17906],[-123.17386,49.17893],[-123.17321,49.17814],[-123.1709,49.17773],[-123.1682,49.17758],[-123.1567,49.17808],[-123.15575,49.17852],[-123.15469,49.18001],[-123.15413,49.1801],[-123.15342,49.17974],[-123.15572,49.17773],[-123.15671,49.17624],[-123.16371,49.17574],[-123.17039,49.17583],[-123.17216,49.1759],[-123.17539,49.17649],[-123.18135,49.17643],[-123.18827,49.17627],[-123.22583,49.17651],[-123.22583,49.17627],[-123.30297,49.17529]]]}},{"type":"Feature","properties":{"fed":"59027","poll":"24-0","type":"N"},"geometry":{"type":"Polygon","coordinates":[[[-123.12737,49.21295],[-123.12725,49.21558],[-123.12395,49.21553],[-123.12397,49.21516],[-123.12412,49.21139],[-123.12601,49.21141],[-123.12596,49.21292],[-123.12737,49.21295]]]}},{"type":"Feature","properties":{"fed":"59027","poll":"23-0","type":"N"},"geometry":{"type":"Polygon","coordinates":[[[-123.12857,49.21921],[-123.1283,49.21921],[-123.12227,49.21913],[-123.1207,49.21911],[-123.1207,49.21902],[-123.12042,49.2191],[-123.12006,49.21699],[-123.12014,49.2151],[-123.12397,49.21516],[-123.12395,49.21553],[-123.12393,49.21607],[-123.1239,49.21703],[-123.12615,49.21705],[-123.12613,49.21813],[-123.12882,49.21819],[-123.12857,49.21921]]]}},{"type":"Feature","properties":{"fed":"59027","poll":"52-0","type":"N"},"geometry":{"type":"Polygon","coordinates":[[[-123.13621,49.20701],[-123.13468,49.20698],[-123.13476,49.2043],[-123.13637,49.20455],[-123.13621,49.20701]]]}},{"type":"Feature","properties":{"fed":"59027","poll":"501-0","type":"M"},"geometry":{"type":"Polygon","coordinates":[[[-123.11692,49.21907],[-123.1172,49.21898],[-123.11719,49.21907],[-123.11692,49.21907]]]}},{"type":"Feature","properties":{"fed":"59027","poll":"504-0","type":"M"},"geometry":{"type":"Polygon","coordinates":[[[-123.12038,49.20933],[-123.12052,49.20924],[-123.12065,49.20934],[-123.12038,49.20933]]]}},{"type":"Feature","properties":{"fed":"59027","poll":"505-0","type":"M"},"geometry":{"type":"Polygon","coordinates":[[[-123.1254,49.19201],[-123.12513,49.19201],[-123.12513,49.19192],[-123.1254,49.19201]]]}},{"type":"Feature","properties":{"fed":"59028","poll":"46-0","type":"N"},"geometry":{"type":"Polygon","coordinates":[[[-123.09145,49.19653],[-123.0869,49.19732],[-123.08106,49.19947],[-123.07757,49.20035],[-123.07752,49.18564],[-123.07728,49.18461],[-123.08032,49.18455],[-123.08117,49.18512],[-123.08419,49.18519],[-123.08477,49.18605],[-123.08504,49.18833],[-123.08906,49.18832],[-123.09153,49.18831],[-123.09153,49.18952],[-123.09145,49.19653]]]}},{"type":"Feature","properties":{"fed":"59028","poll":"2-0","type":"N"},"geometry":{"type":"Polygon","coordinates":[[[-123.11382,49.20029],[-123.10273,49.19786],[-123.10273,49.19664],[-123.10783,49.19778],[-123.11388,49.19914],[-123.11382,49.20029]]]}},{"type":"Feature","properties":{"fed":"59027","poll":"60-0","type":"N"},"geometry":{"type":"Polygon","coordinates":[[[-123.12489,49.18778],[-123.12488,49.19008],[-123.12457,49.19093],[-123.11802,49.19076],[-123.11593,49.19],[-123.11771,49.19124],[-123.11814,49.19183],[-123.1174,49.19111],[-123.11176,49.18739],[-123.10754,49.18458],[-123.10784,49.18458],[-123.11421,49.18882],[-123.11397,49.18792],[-123.11489,49.18792],[-123.11497,49.18892],[-123.11684,49.19019],[-123.12139,49.19018],[-123.1214,49.18838],[-123.12119,49.18664],[-123.12222,49.18687],[-123.12381,49.1877],[-123.12489,49.18778]]]}},{"type":"Feature","properties":{"fed":"59027","poll":"25-0","type":"N"},"geometry":{"type":"Polygon","coordinates":[[[-123.12397,49.21516],[-123.12014,49.2151],[-123.12025,49.21114],[-123.12413,49.21119],[-123.12412,49.21139],[-123.12397,49.21516]]]}},{"type":"Feature","properties":{"fed":"59027","poll":"53-0","type":"N"},"geometry":{"type":"Polygon","coordinates":[[[-123.13476,49.2043],[-123.13468,49.20698],[-123.13461,49.20854],[-123.1344,49.20854],[-123.13331,49.20852],[-123.13341,49.20569],[-123.13174,49.20566],[-123.13179,49.20432],[-123.13476,49.2043]]]}},{"type":"Feature","properties":{"fed":"59027","poll":"51-0","type":"N"},"geometry":{"type":"Polygon","coordinates":[[[-123.13341,49.20569],[-123.13331,49.20852],[-123.13162,49.2085],[-123.13174,49.20566],[-123.13341,49.20569]]]}},{"type":"Feature","properties":{"fed":"59027","poll":"50-0","type":"N"},"geometry":{"type":"Polygon","coordinates":[[[-123.14054,49.20529],[-123.14065,49.2058],[-123.13932,49.20578],[-123.13777,49.20576],[-123.13773,49.20703],[-123.13621,49.20701],[-123.13637,49.20455],[-123.1368,49.20396],[-123.14054,49.20529]]]}},{"type":"Feature","properties":{"fed":"59028","poll":"52-0","type":"N"},"geometry":{"type":"Polygon","coordinates":[[[-123.08042,49.17758],[-123.08035,49.18083],[-123.08169,49.1809],[-123.0822,49.18055],[-123.082,49.18194],[-123.08119,49.18234],[-123.08034,49.18236],[-123.08032,49.18455],[-123.07728,49.18461],[-123.06915,49.1847],[-123.06938,49.20177],[-123.06927,49.20384],[-123.06764,49.20445],[-123.06755,49.20504],[-123.06831,49.20648],[-123.0669,49.20599],[-123.05878,49.20466],[-123.05646,49.20467],[-123.04733,49.20465],[-123.04681,49.20207],[-123.04677,49.17924],[-123.04705,49.17745],[-123.06922,49.17802],[-123.08042,49.17758]]]}},{"type":"Feature","properties":{"fed":"59028","poll":"142-0","type":"N"},"geometry":{"type":"Polygon","coordinates":[[[-123.04681,49.20207],[-123.04733,49.20465],[-123.04234,49.20416],[-123.03989,49.20378],[-123.02315,49.19975],[-123.01756,49.19828],[-123.00876,49.19487],[-123.00473,49.19306],[-122.9943,49.18726],[-122.98717,49.18299],[-122.98282,49.18137],[-122.98027,49.18069],[-122.98047,49.17935],[-122.97821,49.17901],[-122.97245,49.17962],[-122.96875,49.18041],[-122.96858,49.17704],[-122.98057,49.1771],[-122.98051,49.1708],[-122.98163,49.1703],[-122.98172,49.16982],[-122.99867,49.16982],[-122.99865,49.16955],[-123.00536,49.16945],[-123.00771,49.16964],[-123.00993,49.17039],[-123.01133,49.1714],[-123.01367,49.17508],[-123.01578,49.17657],[-123.01872,49.17726],[-123.02429,49.17729],[-123.04705,49.17745],[-123.04677,49.17924],[-123.04681,49.20207]]]}},{"type":"Feature","properties":{"fed":"59028","poll":"1-0","type":"N"},"geometry":{"type":"Polygon","coordinates":[[[-123.12409,49.19823],[-123.12037,49.19953],[-123.11768,49.20012],[-123.11479,49.20042],[-123.11382,49.20029],[-123.11388,49.19914],[-123.10783,49.19778],[-123.10783,49.19665],[-123.11175,49.19746],[-123.11253,49.19715],[-123.11283,49.19645],[-123.11389,49.19645],[-123.11391,49.19201],[-123.11714,49.19201],[-123.11814,49.19183],[-123.12409,49.19823]]]}},{"type":"Feature","properties":{"fed":"59027","poll":"29-0","type":"N"},"geometry":{"type":"Polygon","coordinates":[[[-123.1344,49.20854],[-123.13433,49.2108],[-123.13406,49.2108],[-123.13295,49.21077],[-123.13157,49.21077],[-123.1302,49.21075],[-123.13027,49.20848],[-123.13162,49.2085],[-123.13331,49.20852],[-123.1344,49.20854]]]}},{"type":"Feature","properties":{"fed":"59027","poll":"48-0","type":"N"},"geometry":{"type":"Polygon","coordinates":[[[-123.14078,49.21034],[-123.14048,49.21052],[-123.14046,49.21089],[-123.13915,49.21087],[-123.13923,49.2086],[-123.13932,49.20578],[-123.14065,49.2058],[-123.14078,49.21034]]]}},{"type":"Feature","properties":{"fed":"59027","poll":"21-0","type":"N"},"geometry":{"type":"Polygon","coordinates":[[[-123.13904,49.21314],[-123.13901,49.21502],[-123.13763,49.215],[-123.13754,49.21735],[-123.13409,49.21726],[-123.13416,49.21562],[-123.13418,49.21495],[-123.13557,49.21498],[-123.13561,49.21309],[-123.13767,49.21312],[-123.13904,49.21314]]]}},{"type":"Feature","properties":{"fed":"59027","poll":"26-0","type":"N"},"geometry":{"type":"Polygon","coordinates":[[[-123.13561,49.21309],[-123.13557,49.21498],[-123.13418,49.21495],[-123.13416,49.21562],[-123.13004,49.21447],[-123.13011,49.21299],[-123.13146,49.213],[-123.13157,49.21077],[-123.13295,49.21077],[-123.13288,49.21304],[-123.13561,49.21309]]]}},{"type":"Feature","properties":{"fed":"59027","poll":"27-0","type":"N"},"geometry":{"type":"Polygon","coordinates":[[[-123.13775,49.21085],[-123.13767,49.21312],[-123.13561,49.21309],[-123.13288,49.21304],[-123.13295,49.21077],[-123.13406,49.2108],[-123.13405,49.21089],[-123.13433,49.2108],[-123.13419,49.21098],[-123.13433,49.21098],[-123.13433,49.2108],[-123.13775,49.21085]]]}},{"type":"Feature","properties":{"fed":"59027","poll":"61-0","type":"N"},"geometry":{"type":"Polygon","coordinates":[[[-123.11489,49.18792],[-123.11632,49.18793],[-123.11706,49.18892],[-123.11883,49.18934],[-123.11959,49.18928],[-123.11945,49.18844],[-123.1214,49.18838],[-123.12139,49.19018],[-123.11684,49.19019],[-123.11497,49.18892],[-123.11489,49.18792]]]}},{"type":"Feature","properties":{"fed":"59027","poll":"49-0","type":"N"},"geometry":{"type":"Polygon","coordinates":[[[-123.13923,49.2086],[-123.13766,49.2086],[-123.13773,49.20703],[-123.13777,49.20576],[-123.13932,49.20578],[-123.13923,49.2086]]]}},{"type":"Feature","properties":{"fed":"59027","poll":"503-0","type":"M"},"geometry":{"type":"Polygon","coordinates":[[[-123.13433,49.2108],[-123.13405,49.21089],[-123.13406,49.2108],[-123.13433,49.2108]]]}},{"type":"Feature","properties":{"fed":"59027","poll":"500-0","type":"M"},"geometry":{"type":"Polygon","coordinates":[[[-123.12042,49.2191],[-123.1207,49.21902],[-123.1207,49.21911],[-123.12042,49.2191]]]}},{"type":"Feature","properties":{"fed":"59027","poll":"502-0","type":"M"},"geometry":{"type":"Polygon","coordinates":[[[-123.13433,49.2108],[-123.13433,49.21098],[-123.13419,49.21098],[-123.13433,49.2108]]]}},{"type":"Feature","properties":{"fed":"59028","poll":"7-0","type":"N"},"geometry":{"type":"Polygon","coordinates":[[[-123.11714,49.19201],[-123.11391,49.19201],[-123.10923,49.19201],[-123.10785,49.19201],[-123.10791,49.19071],[-123.10368,49.19047],[-123.1027,49.18983],[-123.11235,49.18987],[-123.11269,49.1884],[-123.11176,49.18739],[-123.1174,49.19111],[-123.11814,49.19183],[-123.11714,49.19201]]]}},{"type":"Feature","properties":{"fed":"59027","poll":"9-0","type":"N"},"geometry":{"type":"Polygon","coordinates":[[[-123.14833,49.21691],[-123.14874,49.21691],[-123.15027,49.21949],[-123.14532,49.21942],[-123.14223,49.21939],[-123.14015,49.21934],[-123.1402,49.21838],[-123.14023,49.21738],[-123.14108,49.21767],[-123.14389,49.21771],[-123.14345,49.21686],[-123.14833,49.21691]]]}},{"type":"Feature","properties":{"fed":"59027","poll":"57-0","type":"N"},"geometry":{"type":"Polygon","coordinates":[[[-123.14024,49.2002],[-123.14087,49.20192],[-123.1406,49.2043],[-123.14029,49.20498],[-123.14054,49.20529],[-123.1368,49.20396],[-123.13637,49.20455],[-123.13476,49.2043],[-123.13179,49.20432],[-123.12988,49.2048],[-123.12635,49.20626],[-123.12507,49.20678],[-123.12443,49.20705],[-123.1225,49.20506],[-123.11913,49.20575],[-123.11879,49.20549],[-123.11732,49.20571],[-123.11738,49.20379],[-123.12585,49.20013],[-123.12683,49.19935],[-123.13244,49.19854],[-123.13664,49.19914],[-123.14024,49.2002]]]}},{"type":"Feature","properties":{"fed":"59027","poll":"31-0","type":"N"},"geometry":{"type":"Polygon","coordinates":[[[-123.13027,49.20848],[-123.1302,49.21075],[-123.1288,49.21072],[-123.12887,49.20846],[-123.12856,49.20826],[-123.12858,49.20706],[-123.12891,49.2069],[-123.13028,49.20692],[-123.13027,49.20848]]]}},{"type":"Feature","properties":{"fed":"59027","poll":"54-0","type":"N"},"geometry":{"type":"Polygon","coordinates":[[[-123.12891,49.2069],[-123.12858,49.20706],[-123.12856,49.20826],[-123.12887,49.20846],[-123.12753,49.20844],[-123.12617,49.20842],[-123.12499,49.20839],[-123.12568,49.20804],[-123.1257,49.20687],[-123.12507,49.20678],[-123.12635,49.20626],[-123.12632,49.20686],[-123.12891,49.2069]]]}},{"type":"Feature","properties":{"fed":"59027","poll":"18-0","type":"N"},"geometry":{"type":"Polygon","coordinates":[[[-123.13773,49.20703],[-123.13766,49.2086],[-123.13461,49.20854],[-123.13468,49.20698],[-123.13621,49.20701],[-123.13773,49.20703]]]}},{"type":"Feature","properties":{"fed":"59027","poll":"16-0","type":"N"},"geometry":{"type":"Polygon","coordinates":[[[-123.14092,49.20517],[-123.14228,49.20585],[-123.14217,49.20856],[-123.14205,49.21055],[-123.14048,49.21052],[-123.14078,49.21034],[-123.14065,49.2058],[-123.14054,49.20529],[-123.14092,49.20517]]]}},{"type":"Feature","properties":{"fed":"59027","poll":"17-0","type":"N"},"geometry":{"type":"Polygon","coordinates":[[[-123.14449,49.20858],[-123.14217,49.20856],[-123.14228,49.20585],[-123.14092,49.20517],[-123.14054,49.20529],[-123.14029,49.20498],[-123.1406,49.2043],[-123.1434,49.20657],[-123.14449,49.20858]]]}},{"type":"Feature","properties":{"fed":"59027","poll":"14-0","type":"N"},"geometry":{"type":"Polygon","coordinates":[[[-123.14889,49.20875],[-123.14827,49.20905],[-123.14873,49.20948],[-123.14843,49.21508],[-123.14841,49.21578],[-123.14913,49.21716],[-123.15053,49.21949],[-123.15027,49.21949],[-123.14874,49.21691],[-123.14552,49.21061],[-123.14449,49.20858],[-123.1434,49.20657],[-123.1406,49.2043],[-123.14087,49.20192],[-123.14744,49.20455],[-123.14995,49.20516],[-123.14889,49.20875]]]}},{"type":"Feature","properties":{"fed":"59027","poll":"20-0","type":"N"},"geometry":{"type":"Polygon","coordinates":[[[-123.13406,49.21927],[-123.12857,49.21921],[-123.12882,49.21819],[-123.12613,49.21813],[-123.12615,49.21705],[-123.1239,49.21703],[-123.12393,49.21607],[-123.12723,49.21613],[-123.12719,49.21706],[-123.13409,49.21726],[-123.13406,49.21927]]]}},{"type":"Feature","properties":{"fed":"59028","poll":"8-0","type":"N"},"geometry":{"type":"Polygon","coordinates":[[[-123.10272,49.19201],[-123.1027,49.18983],[-123.10368,49.19047],[-123.10791,49.19071],[-123.10785,49.19201],[-123.10482,49.19201],[-123.10272,49.19201]]]}},{"type":"Feature","properties":{"fed":"59028","poll":"6-0","type":"N"},"geometry":{"type":"Polygon","coordinates":[[[-123.10785,49.19201],[-123.10923,49.19201],[-123.10947,49.19535],[-123.10646,49.19536],[-123.10647,49.19462],[-123.10451,49.19467],[-123.10478,49.19425],[-123.10482,49.19201],[-123.10785,49.19201]]]}},{"type":"Feature","properties":{"fed":"59028","poll":"5-0","type":"N"},"geometry":{"type":"Polygon","coordinates":[[[-123.10273,49.19664],[-123.10272,49.19201],[-123.10482,49.19201],[-123.10478,49.19425],[-123.10451,49.19467],[-123.10647,49.19462],[-123.10646,49.19536],[-123.10337,49.19534],[-123.10321,49.19553],[-123.10783,49.19665],[-123.10783,49.19778],[-123.10273,49.19664]]]}},{"type":"Feature","properties":{"fed":"59028","poll":"4-0","type":"N"},"geometry":{"type":"Polygon","coordinates":[[[-123.11391,49.19201],[-123.11389,49.19645],[-123.11283,49.19645],[-123.1125,49.19593],[-123.11152,49.19542],[-123.10947,49.19535],[-123.10923,49.19201],[-123.11391,49.19201]]]}},{"type":"Feature","properties":{"fed":"59027","poll":"32-0","type":"N"},"geometry":{"type":"Polygon","coordinates":[[[-123.12006,49.21699],[-123.12042,49.2191],[-123.11719,49.21907],[-123.1172,49.21898],[-123.11692,49.21907],[-123.11668,49.21906],[-123.11673,49.21781],[-123.11675,49.21695],[-123.12006,49.21699]]]}},{"type":"Feature","properties":{"fed":"59027","poll":"28-0","type":"N"},"geometry":{"type":"Polygon","coordinates":[[[-123.13157,49.21077],[-123.13146,49.213],[-123.13011,49.21299],[-123.12737,49.21295],[-123.12753,49.20844],[-123.12887,49.20846],[-123.1288,49.21072],[-123.1302,49.21075],[-123.13157,49.21077]]]}},{"type":"Feature","properties":{"fed":"59027","poll":"30-0","type":"N"},"geometry":{"type":"Polygon","coordinates":[[[-123.12753,49.20844],[-123.12737,49.21295],[-123.12596,49.21292],[-123.12601,49.21141],[-123.12412,49.21139],[-123.12413,49.21119],[-123.12418,49.20992],[-123.12607,49.20994],[-123.12617,49.20842],[-123.12753,49.20844]]]}},{"type":"Feature","properties":{"fed":"59027","poll":"56-0","type":"N"},"geometry":{"type":"Polygon","coordinates":[[[-123.1257,49.20687],[-123.12568,49.20804],[-123.12499,49.20839],[-123.12423,49.20838],[-123.1242,49.20938],[-123.12065,49.20934],[-123.12052,49.20924],[-123.12038,49.20933],[-123.12039,49.20875],[-123.12443,49.20705],[-123.12507,49.20678],[-123.1257,49.20687]]]}},{"type":"Feature","properties":{"fed":"59027","poll":"59-0","type":"N"},"geometry":{"type":"Polygon","coordinates":[[[-123.13971,49.18396],[-123.14105,49.1844],[-123.1371,49.19187],[-123.13288,49.19098],[-123.13377,49.18992],[-123.13479,49.18987],[-123.13465,49.18899],[-123.13278,49.18898],[-123.13041,49.18799],[-123.12912,49.18778],[-123.12816,49.18778],[-123.12812,49.18915],[-123.12652,49.18934],[-123.12652,49.19023],[-123.12816,49.19025],[-123.12818,49.19094],[-123.12457,49.19093],[-123.12488,49.19008],[-123.12489,49.18778],[-123.12465,49.18467],[-123.13648,49.18463],[-123.13659,49.18381],[-123.13971,49.18396]]]}},{"type":"Feature","properties":{"fed":"59027","poll":"2-0","type":"N"},"geometry":{"type":"Polygon","coordinates":[[[-123.17512,49.17906],[-123.17846,49.17889],[-123.18226,49.17974],[-123.18432,49.18088],[-123.18621,49.18291],[-123.18882,49.18389],[-123.19011,49.18469],[-123.19217,49.18505],[-123.19415,49.18511],[-123.19601,49.18567],[-123.19801,49.1858],[-123.20043,49.18658],[-123.20867,49.18735],[-123.209,49.18766],[-123.20898,49.19032],[-123.20848,49.20003],[-123.20298,49.20673],[-123.20166,49.20773],[-123.19902,49.20699],[-123.19674,49.20679],[-123.172,49.20667],[-123.15617,49.20493],[-123.15461,49.20446],[-123.14973,49.20179],[-123.14897,49.20088],[-123.14947,49.19803],[-123.15099,49.19536],[-123.1507,49.19287],[-123.15065,49.19309],[-123.14567,49.19399],[-123.14253,49.19308],[-123.14249,49.19288],[-123.14257,49.19123],[-123.14353,49.18925],[-123.14465,49.1899],[-123.14594,49.19127],[-123.14808,49.19119],[-123.14899,49.19068],[-123.14708,49.18954],[-123.15038,49.18662],[-123.15037,49.18608],[-123.14931,49.18591],[-123.15027,49.18483],[-123.14958,49.18277],[-123.15169,49.18134],[-123.15151,49.18118],[-123.15342,49.17974],[-123.15413,49.1801],[-123.15469,49.18001],[-123.15575,49.17852],[-123.1567,49.17808],[-123.1682,49.17758],[-123.1709,49.17773],[-123.17321,49.17814],[-123.17386,49.17893],[-123.17512,49.17906]]]}},{"type":"Feature","properties":{"fed":"59027","poll":"58-0","type":"N"},"geometry":{"type":"Polygon","coordinates":[[[-123.13572,49.19455],[-123.13244,49.19854],[-123.12683,49.19935],[-123.12585,49.20013],[-123.12409,49.19823],[-123.11814,49.19183],[-123.11771,49.19124],[-123.11593,49.19],[-123.11802,49.19076],[-123.12457,49.19093],[-123.12818,49.19094],[-123.12816,49.19025],[-123.12652,49.19023],[-123.12652,49.18934],[-123.12812,49.18915],[-123.12816,49.18778],[-123.12912,49.18778],[-123.13041,49.18799],[-123.13278,49.18898],[-123.13465,49.18899],[-123.13479,49.18987],[-123.13377,49.18992],[-123.13288,49.19098],[-123.1371,49.19187],[-123.13572,49.19455]],[[-123.1254,49.19201],[-123.12513,49.19192],[-123.12513,49.19201],[-123.1254,49.19201]]]}},{"type":"Feature","properties":{"fed":"59027","poll":"10-0","type":"N"},"geometry":{"type":"Polygon","coordinates":[[[-123.14756,49.21503],[-123.14833,49.21691],[-123.14345,49.21686],[-123.14389,49.21771],[-123.14108,49.21767],[-123.14023,49.21738],[-123.14039,49.21315],[-123.14356,49.21321],[-123.1435,49.21499],[-123.14756,49.21503]]]}},{"type":"Feature","properties":{"fed":"59027","poll":"19-0","type":"N"},"geometry":{"type":"Polygon","coordinates":[[[-123.14015,49.21934],[-123.13406,49.21927],[-123.13409,49.21726],[-123.13754,49.21735],[-123.13784,49.21736],[-123.1378,49.21834],[-123.1402,49.21838],[-123.14015,49.21934]]]}},{"type":"Feature","properties":{"fed":"59027","poll":"34-0","type":"N"},"geometry":{"type":"Polygon","coordinates":[[[-123.12607,49.20994],[-123.12418,49.20992],[-123.12413,49.21119],[-123.12025,49.21114],[-123.12038,49.20933],[-123.12065,49.20934],[-123.1242,49.20938],[-123.12423,49.20838],[-123.12499,49.20839],[-123.12617,49.20842],[-123.12607,49.20994]]]}},{"type":"Feature","properties":{"fed":"59027","poll":"12-0","type":"N"},"geometry":{"type":"Polygon","coordinates":[[[-123.13915,49.21087],[-123.14046,49.21089],[-123.14042,49.21226],[-123.14039,49.21315],[-123.14023,49.21738],[-123.1402,49.21838],[-123.1378,49.21834],[-123.13784,49.21736],[-123.13754,49.21735],[-123.13763,49.215],[-123.13901,49.21502],[-123.13904,49.21314],[-123.13767,49.21312],[-123.13775,49.21085],[-123.13915,49.21087]]]}},{"type":"Feature","properties":{"fed":"59027","poll":"35-0","type":"N"},"geometry":{"type":"Polygon","coordinates":[[[-123.12039,49.20875],[-123.12038,49.20933],[-123.11831,49.20974],[-123.11707,49.21025],[-123.11732,49.20571],[-123.11879,49.20549],[-123.11913,49.20575],[-123.1225,49.20506],[-123.12443,49.20705],[-123.12039,49.20875]]]}},{"type":"Feature","properties":{"fed":"59027","poll":"55-0","type":"N"},"geometry":{"type":"Polygon","coordinates":[[[-123.13174,49.20566],[-123.13162,49.2085],[-123.13027,49.20848],[-123.13028,49.20692],[-123.12891,49.2069],[-123.12632,49.20686],[-123.12635,49.20626],[-123.12988,49.2048],[-123.13179,49.20432],[-123.13174,49.20566]]]}},{"type":"Feature","properties":{"fed":"59027","poll":"11-0","type":"N"},"geometry":{"type":"Polygon","coordinates":[[[-123.14564,49.21146],[-123.1452,49.21059],[-123.14552,49.21061],[-123.14874,49.21691],[-123.14833,49.21691],[-123.14756,49.21503],[-123.1435,49.21499],[-123.14356,49.21321],[-123.14039,49.21315],[-123.14042,49.21226],[-123.1436,49.21231],[-123.14363,49.21143],[-123.14564,49.21146]]]}},{"type":"Feature","properties":{"fed":"59027","poll":"15-0","type":"N"},"geometry":{"type":"Polygon","coordinates":[[[-123.13923,49.2086],[-123.13915,49.21087],[-123.13775,49.21085],[-123.13433,49.2108],[-123.1344,49.20854],[-123.13461,49.20854],[-123.13766,49.2086],[-123.13923,49.2086]]]}},{"type":"Feature","properties":{"fed":"59027","poll":"13-0","type":"N"},"geometry":{"type":"Polygon","coordinates":[[[-123.14449,49.20858],[-123.14552,49.21061],[-123.1452,49.21059],[-123.14564,49.21146],[-123.14363,49.21143],[-123.1436,49.21231],[-123.14042,49.21226],[-123.14046,49.21089],[-123.14048,49.21052],[-123.14205,49.21055],[-123.14217,49.20856],[-123.14449,49.20858]]]}},{"type":"Feature","properties":{"fed":"59027","poll":"33-0","type":"N"},"geometry":{"type":"Polygon","coordinates":[[[-123.12014,49.2151],[-123.12006,49.21699],[-123.11675,49.21695],[-123.11689,49.21321],[-123.11707,49.21025],[-123.11831,49.20974],[-123.12038,49.20933],[-123.12025,49.21114],[-123.12014,49.2151]]]}},{"type":"Feature","properties":{"fed":"59027","poll":"22-0","type":"N"},"geometry":{"type":"Polygon","coordinates":[[[-123.13416,49.21562],[-123.13409,49.21726],[-123.12719,49.21706],[-123.12723,49.21613],[-123.12393,49.21607],[-123.12395,49.21553],[-123.12725,49.21558],[-123.12737,49.21295],[-123.13011,49.21299],[-123.13004,49.21447],[-123.13416,49.21562]]]}},{"type":"Feature","properties":{"fed":"59028","poll":"3-0","type":"N"},"geometry":{"type":"Polygon","coordinates":[[[-123.10947,49.19535],[-123.11152,49.19542],[-123.1125,49.19593],[-123.11283,49.19645],[-123.11253,49.19715],[-123.11175,49.19746],[-123.10783,49.19665],[-123.10321,49.19553],[-123.10337,49.19534],[-123.10646,49.19536],[-123.10947,49.19535]]]}},{"type":"Feature","properties":{"fed":"59036","poll":"107-0","type":"N"},"geometry":{"type":"Polygon","coordinates":[[[-123.09102,49.26526],[-123.093,49.26526],[-123.09294,49.26617],[-123.0891,49.26615],[-123.0891,49.26523],[-123.09102,49.26526]]]}},{"type":"Feature","properties":{"fed":"59036","poll":"185-0","type":"N"},"geometry":{"type":"Polygon","coordinates":[[[-123.06194,49.26679],[-123.06002,49.26676],[-123.05472,49.26668],[-123.05473,49.26478],[-123.0566,49.26479],[-123.05661,49.26415],[-123.05814,49.26416],[-123.05812,49.26499],[-123.06007,49.26501],[-123.06004,49.26591],[-123.06195,49.26593],[-123.06194,49.26679]]]}},{"type":"Feature","properties":{"fed":"59036","poll":"151-0","type":"N"},"geometry":{"type":"Polygon","coordinates":[[[-123.08721,49.26061],[-123.08721,49.26148],[-123.08142,49.26145],[-123.08144,49.26056],[-123.08336,49.26057],[-123.08337,49.2597],[-123.08338,49.25879],[-123.08538,49.2588],[-123.08534,49.25971],[-123.08721,49.25973],[-123.08721,49.26061]]]}},{"type":"Feature","properties":{"fed":"59036","poll":"203-0","type":"N"},"geometry":{"type":"Polygon","coordinates":[[[-123.03903,49.26568],[-123.03902,49.26666],[-123.03649,49.26665],[-123.0365,49.26568],[-123.03383,49.26567],[-123.03384,49.26471],[-123.03651,49.26472],[-123.03654,49.26292],[-123.03908,49.26293],[-123.03903,49.26568]]]}},{"type":"Feature","properties":{"fed":"59036","poll":"513-0","type":"M"},"geometry":{"type":"Polygon","coordinates":[[[-123.02365,49.27681],[-123.02379,49.27734],[-123.02365,49.27743],[-123.02365,49.27681]]]}},{"type":"Feature","properties":{"fed":"59036","poll":"515-0","type":"M"},"geometry":{"type":"Polygon","coordinates":[[[-123.05472,49.26202],[-123.055,49.26203],[-123.05499,49.26212],[-123.05472,49.26202]]]}},{"type":"Feature","properties":{"fed":"59036","poll":"502-0","type":"M"},"geometry":{"type":"Polygon","coordinates":[[[-123.1051,49.28058],[-123.10496,49.28058],[-123.10513,49.28041],[-123.1051,49.28058]]]}},{"type":"Feature","properties":{"fed":"59036","poll":"518-0","type":"M"},"geometry":{"type":"Polygon","coordinates":[[[-123.03102,49.26602],[-123.03115,49.26602],[-123.03115,49.2662],[-123.03102,49.26602]]]}},{"type":"Feature","properties":{"fed":"59036","poll":"504-0","type":"M"},"geometry":{"type":"Polygon","coordinates":[[[-123.096,49.28313],[-123.09627,49.28322],[-123.09599,49.28322],[-123.096,49.28313]]]}},{"type":"Feature","properties":{"fed":"59036","poll":"516-0","type":"M"},"geometry":{"type":"Polygon","coordinates":[[[-123.03214,49.26673],[-123.03214,49.26664],[-123.03241,49.26664],[-123.03214,49.26673]]]}},{"type":"Feature","properties":{"fed":"59036","poll":"508-0","type":"M"},"geometry":{"type":"Polygon","coordinates":[[[-123.0833,49.27738],[-123.08344,49.27729],[-123.08358,49.27738],[-123.0833,49.27738]]]}},{"type":"Feature","properties":{"fed":"59036","poll":"503-0","type":"M"},"geometry":{"type":"Polygon","coordinates":[[[-123.09674,49.28314],[-123.09646,49.28323],[-123.09647,49.28314],[-123.09674,49.28314]]]}},{"type":"Feature","properties":{"fed":"59036","poll":"138-0","type":"N"},"geometry":{"type":"Polygon","coordinates":[[[-123.03087,49.28707],[-123.02633,49.29096],[-123.02616,49.29457],[-123.02311,49.29444],[-123.02327,49.29019],[-123.02331,49.28661],[-123.02334,49.28567],[-123.02572,49.28568],[-123.02833,49.28567],[-123.02833,49.2867],[-123.03006,49.28666],[-123.0301,49.28713],[-123.03087,49.28707]]]}},{"type":"Feature","properties":{"fed":"59036","poll":"190-0","type":"N"},"geometry":{"type":"Polygon","coordinates":[[[-123.06988,49.25869],[-123.06598,49.25866],[-123.06602,49.25682],[-123.06607,49.25622],[-123.06791,49.25629],[-123.06788,49.25683],[-123.06989,49.25685],[-123.06988,49.25869]]]}},{"type":"Feature","properties":{"fed":"59036","poll":"194-0","type":"N"},"geometry":{"type":"Polygon","coordinates":[[[-123.0495,49.26668],[-123.04429,49.26667],[-123.04434,49.26387],[-123.04702,49.26387],[-123.04701,49.26476],[-123.04952,49.26477],[-123.0495,49.26668]]]}},{"type":"Feature","properties":{"fed":"59036","poll":"183-0","type":"N"},"geometry":{"type":"Polygon","coordinates":[[[-123.04151,49.26848],[-123.04425,49.26849],[-123.04424,49.26938],[-123.03896,49.26937],[-123.03902,49.26666],[-123.03903,49.26568],[-123.04154,49.26569],[-123.04151,49.26848]]]}},{"type":"Feature","properties":{"fed":"59036","poll":"110-0","type":"N"},"geometry":{"type":"Polygon","coordinates":[[[-123.09101,49.26435],[-123.09102,49.26526],[-123.0891,49.26523],[-123.08715,49.26521],[-123.08716,49.26432],[-123.09101,49.26435]]]}},{"type":"Feature","properties":{"fed":"59036","poll":"13-0","type":"N"},"geometry":{"type":"Polygon","coordinates":[[[-123.10217,49.27929],[-123.09975,49.27949],[-123.09979,49.27857],[-123.09974,49.27769],[-123.09978,49.27728],[-123.10214,49.27733],[-123.10217,49.27929]]]}},{"type":"Feature","properties":{"fed":"59036","poll":"137-0","type":"N"},"geometry":{"type":"Polygon","coordinates":[[[-123.03893,49.27326],[-123.03891,49.27538],[-123.03635,49.27539],[-123.03629,49.27662],[-123.03362,49.27663],[-123.03363,49.27497],[-123.03636,49.27497],[-123.0364,49.27325],[-123.03893,49.27326]]]}},{"type":"Feature","properties":{"fed":"59036","poll":"125-0","type":"N"},"geometry":{"type":"Polygon","coordinates":[[[-123.07738,49.26965],[-123.07544,49.26964],[-123.07548,49.26785],[-123.07356,49.26783],[-123.07357,49.2669],[-123.0755,49.26691],[-123.07552,49.26566],[-123.07743,49.2663],[-123.07738,49.26965]]]}},{"type":"Feature","properties":{"fed":"59036","poll":"2-0","type":"N"},"geometry":{"type":"Polygon","coordinates":[[[-123.10889,49.28605],[-123.1041,49.28469],[-123.10424,49.28348],[-123.10428,49.28244],[-123.10681,49.28293],[-123.10643,49.2839],[-123.10884,49.28432],[-123.10889,49.28605]]]}},{"type":"Feature","properties":{"fed":"59036","poll":"511-0","type":"M"},"geometry":{"type":"Polygon","coordinates":[[[-123.09644,49.25786],[-123.09631,49.25768],[-123.09645,49.25768],[-123.09644,49.25786]]]}},{"type":"Feature","properties":{"fed":"59037","poll":"120-0","type":"N"},"geometry":{"type":"Polygon","coordinates":[[[-123.05683,49.20708],[-123.05684,49.20715],[-123.049,49.20765],[-123.04907,49.20637],[-123.05046,49.20625],[-123.05053,49.20679],[-123.05129,49.20693],[-123.05237,49.20609],[-123.05681,49.20582],[-123.05683,49.20708]]]}},{"type":"Feature","properties":{"fed":"59037","poll":"114-0","type":"N"},"geometry":{"type":"Polygon","coordinates":[[[-123.02707,49.20648],[-123.03054,49.20688],[-123.03034,49.20727],[-123.02977,49.20754],[-123.03005,49.20801],[-123.02932,49.20794],[-123.02581,49.208],[-123.02355,49.20818],[-123.02336,49.20696],[-123.02474,49.20701],[-123.02707,49.20648]]]}},{"type":"Feature","properties":{"fed":"59037","poll":"99-0","type":"N"},"geometry":{"type":"Polygon","coordinates":[[[-123.02819,49.2188],[-123.02704,49.21978],[-123.02579,49.22015],[-123.02579,49.22122],[-123.02605,49.22142],[-123.02586,49.2217],[-123.0246,49.22153],[-123.02479,49.22196],[-123.02363,49.22196],[-123.02367,49.22016],[-123.02365,49.21481],[-123.02558,49.21483],[-123.02552,49.21526],[-123.02453,49.21528],[-123.02458,49.21575],[-123.02531,49.21585],[-123.02508,49.21748],[-123.0255,49.21837],[-123.02493,49.21857],[-123.02572,49.21905],[-123.02701,49.21932],[-123.02743,49.21893],[-123.02819,49.2188]]]}},{"type":"Feature","properties":{"fed":"59037","poll":"83-0","type":"N"},"geometry":{"type":"Polygon","coordinates":[[[-123.06606,49.21361],[-123.06604,49.21451],[-123.05939,49.21446],[-123.05943,49.21294],[-123.05947,49.21238],[-123.06342,49.21244],[-123.06464,49.21287],[-123.06473,49.21361],[-123.06606,49.21361]]]}},{"type":"Feature","properties":{"fed":"59037","poll":"85-0","type":"N"},"geometry":{"type":"Polygon","coordinates":[[[-123.06611,49.21063],[-123.06607,49.21223],[-123.06381,49.2115],[-123.06416,49.21113],[-123.06304,49.21056],[-123.05892,49.21058],[-123.05668,49.2114],[-123.05736,49.20929],[-123.05833,49.20869],[-123.05986,49.20845],[-123.06013,49.20849],[-123.062,49.20898],[-123.06438,49.21008],[-123.06459,49.21017],[-123.0646,49.21018],[-123.06495,49.21034],[-123.06543,49.21055],[-123.06611,49.21063]]]}},{"type":"Feature","properties":{"fed":"59037","poll":"103-0","type":"N"},"geometry":{"type":"Polygon","coordinates":[[[-123.06214,49.20639],[-123.06276,49.20722],[-123.06232,49.20784],[-123.05958,49.20699],[-123.05956,49.20747],[-123.05799,49.20708],[-123.05683,49.20708],[-123.05681,49.20582],[-123.05875,49.20588],[-123.06214,49.20639]]]}},{"type":"Feature","properties":{"fed":"59037","poll":"93-0","type":"N"},"geometry":{"type":"Polygon","coordinates":[[[-123.0567,49.20798],[-123.05827,49.20785],[-123.05986,49.20845],[-123.05833,49.20869],[-123.05736,49.20929],[-123.05668,49.2114],[-123.05654,49.21203],[-123.05789,49.21246],[-123.05919,49.21162],[-123.05947,49.21238],[-123.05943,49.21294],[-123.05744,49.21291],[-123.05629,49.21444],[-123.05475,49.21433],[-123.05516,49.2133],[-123.0554,49.21006],[-123.0567,49.20798]]]}},{"type":"Feature","properties":{"fed":"59037","poll":"70-0","type":"N"},"geometry":{"type":"Polygon","coordinates":[[[-123.04107,49.22472],[-123.03884,49.2247],[-123.03894,49.22292],[-123.03675,49.22285],[-123.03674,49.22238],[-123.03679,49.22127],[-123.03901,49.22114],[-123.04124,49.22118],[-123.04107,49.22472]]]}},{"type":"Feature","properties":{"fed":"59037","poll":"69-0","type":"N"},"geometry":{"type":"Polygon","coordinates":[[[-123.04443,49.22019],[-123.04485,49.22056],[-123.04481,49.22141],[-123.04434,49.22173],[-123.04478,49.2221],[-123.04474,49.22289],[-123.04426,49.22318],[-123.04472,49.22353],[-123.04468,49.22445],[-123.04417,49.22474],[-123.04107,49.22472],[-123.04124,49.22118],[-123.0413,49.22016],[-123.04443,49.22019]]]}},{"type":"Feature","properties":{"fed":"59037","poll":"112-0","type":"N"},"geometry":{"type":"Polygon","coordinates":[[[-123.02932,49.20794],[-123.02924,49.2084],[-123.02984,49.20844],[-123.02981,49.20888],[-123.02914,49.20883],[-123.0291,49.20918],[-123.0277,49.21006],[-123.02707,49.20986],[-123.02514,49.21002],[-123.02455,49.20858],[-123.02596,49.20837],[-123.02581,49.208],[-123.02932,49.20794]]]}},{"type":"Feature","properties":{"fed":"59037","poll":"45-0","type":"N"},"geometry":{"type":"Polygon","coordinates":[[[-123.06583,49.22315],[-123.06582,49.22405],[-123.06239,49.22401],[-123.06238,49.22512],[-123.05917,49.22505],[-123.05921,49.22306],[-123.06583,49.22315]]]}},{"type":"Feature","properties":{"fed":"59037","poll":"9-0","type":"N"},"geometry":{"type":"Polygon","coordinates":[[[-123.09086,49.22272],[-123.09082,49.22452],[-123.08287,49.22443],[-123.0829,49.22347],[-123.08808,49.22354],[-123.0881,49.22269],[-123.09086,49.22272]]]}},{"type":"Feature","properties":{"fed":"59037","poll":"17-0","type":"N"},"geometry":{"type":"Polygon","coordinates":[[[-123.09096,49.21828],[-123.09094,49.21912],[-123.08779,49.21908],[-123.08782,49.21824],[-123.08308,49.2182],[-123.08311,49.21732],[-123.08785,49.21737],[-123.09098,49.21741],[-123.09096,49.21828]]]}},{"type":"Feature","properties":{"fed":"59037","poll":"16-0","type":"N"},"geometry":{"type":"Polygon","coordinates":[[[-123.08782,49.21824],[-123.08779,49.21908],[-123.08777,49.21992],[-123.08305,49.21984],[-123.08305,49.21963],[-123.08308,49.2182],[-123.08782,49.21824]]]}},{"type":"Feature","properties":{"fed":"59037","poll":"31-0","type":"N"},"geometry":{"type":"Polygon","coordinates":[[[-123.05167,49.23278],[-123.05019,49.23277],[-123.0488,49.23277],[-123.04595,49.23297],[-123.04596,49.232],[-123.04881,49.23203],[-123.04884,49.23036],[-123.05163,49.2303],[-123.05167,49.23278]]]}},{"type":"Feature","properties":{"fed":"59037","poll":"42-0","type":"N"},"geometry":{"type":"Polygon","coordinates":[[[-123.06578,49.22518],[-123.06711,49.22518],[-123.06705,49.22763],[-123.06568,49.22765],[-123.06568,49.22719],[-123.06572,49.2263],[-123.06231,49.22626],[-123.06238,49.22512],[-123.06239,49.22401],[-123.06582,49.22405],[-123.06578,49.22518]]]}},{"type":"Feature","properties":{"fed":"59037","poll":"58-0","type":"N"},"geometry":{"type":"Polygon","coordinates":[[[-123.05255,49.22192],[-123.05484,49.22197],[-123.05482,49.22253],[-123.0548,49.22322],[-123.05249,49.22319],[-123.05245,49.22383],[-123.05041,49.22381],[-123.0506,49.22019],[-123.05278,49.2202],[-123.05255,49.22192]]]}},{"type":"Feature","properties":{"fed":"59037","poll":"59-0","type":"N"},"geometry":{"type":"Polygon","coordinates":[[[-123.05532,49.21579],[-123.05643,49.21579],[-123.05643,49.21655],[-123.05685,49.21711],[-123.05634,49.21785],[-123.05789,49.21797],[-123.0579,49.2188],[-123.05653,49.21883],[-123.05645,49.2202],[-123.05278,49.2202],[-123.0506,49.22019],[-123.05058,49.21895],[-123.0549,49.21897],[-123.05488,49.21855],[-123.05368,49.21715],[-123.05515,49.21697],[-123.05512,49.21624],[-123.05532,49.21579]]]}},{"type":"Feature","properties":{"fed":"59037","poll":"60-0","type":"N"},"geometry":{"type":"Polygon","coordinates":[[[-123.0531,49.21426],[-123.05441,49.21491],[-123.0537,49.21619],[-123.05512,49.21624],[-123.05515,49.21697],[-123.05368,49.21715],[-123.05488,49.21855],[-123.0549,49.21897],[-123.05058,49.21895],[-123.05058,49.21807],[-123.0509,49.21636],[-123.0531,49.21426]]]}},{"type":"Feature","properties":{"fed":"59037","poll":"32-0","type":"N"},"geometry":{"type":"Polygon","coordinates":[[[-123.04884,49.23025],[-123.04884,49.23036],[-123.04881,49.23203],[-123.04596,49.232],[-123.04595,49.23297],[-123.04311,49.23299],[-123.04317,49.23019],[-123.04884,49.23025]]]}},{"type":"Feature","properties":{"fed":"59037","poll":"18-0","type":"N"},"geometry":{"type":"Polygon","coordinates":[[[-123.08166,49.21644],[-123.0816,49.21962],[-123.08305,49.21963],[-123.08305,49.21984],[-123.08302,49.22053],[-123.08024,49.22049],[-123.08007,49.21816],[-123.07858,49.21814],[-123.0786,49.21641],[-123.08166,49.21644]]]}},{"type":"Feature","properties":{"fed":"59037","poll":"106-0","type":"N"},"geometry":{"type":"Polygon","coordinates":[[[-123.04162,49.21383],[-123.04153,49.2155],[-123.04008,49.2155],[-123.04008,49.21541],[-123.0398,49.2155],[-123.03709,49.21557],[-123.03483,49.21644],[-123.03375,49.21567],[-123.03324,49.21441],[-123.03353,49.21379],[-123.03446,49.21357],[-123.03815,49.21371],[-123.03836,49.21456],[-123.04012,49.21457],[-123.04024,49.21379],[-123.04162,49.21383]]]}},{"type":"Feature","properties":{"fed":"59037","poll":"73-0","type":"N"},"geometry":{"type":"Polygon","coordinates":[[[-123.02776,49.22924],[-123.02782,49.23081],[-123.02647,49.2308],[-123.0265,49.23217],[-123.02595,49.23219],[-123.02486,49.23224],[-123.02349,49.2323],[-123.02353,49.22924],[-123.02776,49.22924]]]}},{"type":"Feature","properties":{"fed":"59037","poll":"37-0","type":"N"},"geometry":{"type":"Polygon","coordinates":[[[-123.03746,49.23314],[-123.03595,49.23417],[-123.03251,49.23241],[-123.03127,49.23202],[-123.03228,49.231],[-123.03225,49.23004],[-123.03457,49.23007],[-123.03457,49.23026],[-123.03458,49.23157],[-123.03601,49.23158],[-123.036,49.23246],[-123.03746,49.23314]]]}},{"type":"Feature","properties":{"fed":"59037","poll":"29-0","type":"N"},"geometry":{"type":"Polygon","coordinates":[[[-123.05494,49.22938],[-123.0555,49.23282],[-123.05167,49.23278],[-123.05163,49.2303],[-123.05161,49.22935],[-123.05494,49.22938]]]}},{"type":"Feature","properties":{"fed":"59037","poll":"108-0","type":"N"},"geometry":{"type":"Polygon","coordinates":[[[-123.02548,49.2139],[-123.02523,49.21328],[-123.0263,49.21375],[-123.02702,49.21366],[-123.02743,49.21336],[-123.02732,49.21382],[-123.02779,49.21401],[-123.02732,49.21577],[-123.02733,49.21749],[-123.02508,49.21748],[-123.02531,49.21585],[-123.02458,49.21575],[-123.02453,49.21528],[-123.02552,49.21526],[-123.02558,49.21483],[-123.02365,49.21481],[-123.02365,49.21359],[-123.02548,49.2139]]]}},{"type":"Feature","properties":{"fed":"59037","poll":"56-0","type":"N"},"geometry":{"type":"Polygon","coordinates":[[[-123.0579,49.2188],[-123.05791,49.2202],[-123.05938,49.22021],[-123.05939,49.22121],[-123.05926,49.22253],[-123.05775,49.22253],[-123.05482,49.22253],[-123.05484,49.22197],[-123.05255,49.22192],[-123.05278,49.2202],[-123.05645,49.2202],[-123.05653,49.21883],[-123.0579,49.2188]]]}},{"type":"Feature","properties":{"fed":"59037","poll":"25-0","type":"N"},"geometry":{"type":"Polygon","coordinates":[[[-123.06558,49.23038],[-123.06558,49.23051],[-123.06553,49.23281],[-123.06213,49.23292],[-123.06047,49.23286],[-123.06048,49.23204],[-123.0621,49.23206],[-123.06207,49.23033],[-123.06558,49.23038]]]}},{"type":"Feature","properties":{"fed":"59037","poll":"3-0","type":"N"},"geometry":{"type":"Polygon","coordinates":[[[-123.07159,49.23057],[-123.07153,49.23264],[-123.0687,49.23264],[-123.06553,49.23281],[-123.06558,49.23051],[-123.0683,49.23053],[-123.07159,49.23057]]]}},{"type":"Feature","properties":{"fed":"59037","poll":"36-0","type":"N"},"geometry":{"type":"Polygon","coordinates":[[[-123.05466,49.22757],[-123.0502,49.22754],[-123.05025,49.22673],[-123.05178,49.22674],[-123.05181,49.22593],[-123.05057,49.22592],[-123.05057,49.22583],[-123.05029,49.22592],[-123.05033,49.22527],[-123.05047,49.2251],[-123.05034,49.22509],[-123.05035,49.22478],[-123.0524,49.22479],[-123.05474,49.22481],[-123.05466,49.22757]]]}},{"type":"Feature","properties":{"fed":"59037","poll":"63-0","type":"N"},"geometry":{"type":"Polygon","coordinates":[[[-123.07993,49.21116],[-123.07991,49.21197],[-123.07795,49.21195],[-123.07713,49.21222],[-123.07712,49.21377],[-123.07406,49.21376],[-123.07205,49.21374],[-123.07222,49.21321],[-123.07205,49.21322],[-123.07205,49.21374],[-123.07204,49.21458],[-123.07006,49.21456],[-123.06876,49.2132],[-123.06914,49.21285],[-123.07206,49.21287],[-123.07206,49.21197],[-123.07409,49.21198],[-123.0741,49.21113],[-123.07726,49.21115],[-123.07993,49.21116]]]}},{"type":"Feature","properties":{"fed":"59037","poll":"34-0","type":"N"},"geometry":{"type":"Polygon","coordinates":[[[-123.04312,49.22931],[-123.04317,49.23019],[-123.04311,49.23299],[-123.04173,49.23299],[-123.04027,49.23291],[-123.0403,49.22929],[-123.04083,49.22928],[-123.04312,49.22931]]]}},{"type":"Feature","properties":{"fed":"59037","poll":"10-0","type":"N"},"geometry":{"type":"Polygon","coordinates":[[[-123.0881,49.22269],[-123.08808,49.22354],[-123.0829,49.22347],[-123.08155,49.22345],[-123.08163,49.22186],[-123.09089,49.222],[-123.09086,49.22272],[-123.0881,49.22269]]]}},{"type":"Feature","properties":{"fed":"59037","poll":"61-0","type":"N"},"geometry":{"type":"Polygon","coordinates":[[[-123.08317,49.21468],[-123.08314,49.21556],[-123.07709,49.21548],[-123.0771,49.21463],[-123.07405,49.2146],[-123.07406,49.21376],[-123.07712,49.21377],[-123.08018,49.21379],[-123.08018,49.21467],[-123.08317,49.21468]]]}},{"type":"Feature","properties":{"fed":"59037","poll":"4-0","type":"N"},"geometry":{"type":"Polygon","coordinates":[[[-123.07442,49.229],[-123.07436,49.23061],[-123.07298,49.23059],[-123.07292,49.23266],[-123.07153,49.23264],[-123.07159,49.23057],[-123.0683,49.23053],[-123.06833,49.22898],[-123.0698,49.22899],[-123.07304,49.22897],[-123.07442,49.229]]]}},{"type":"Feature","properties":{"fed":"59037","poll":"514-0","type":"M","jurisdiction":"South Burnaby — outside City of Vancouver","locality":"Burnaby"},"geometry":{"type":"Polygon","coordinates":[[[-123.00494,49.21485],[-123.00508,49.21494],[-123.00497,49.21579],[-123.00496,49.21539],[-123.00494,49.21485]]]}},{"type":"Feature","properties":{"fed":"59037","poll":"502-0","type":"M"},"geometry":{"type":"Polygon","coordinates":[[[-123.05612,49.22545],[-123.05611,49.22563],[-123.05597,49.22562],[-123.05612,49.22545]]]}},{"type":"Feature","properties":{"fed":"59037","poll":"503-0","type":"M"},"geometry":{"type":"Polygon","coordinates":[[[-123.05029,49.22592],[-123.05057,49.22583],[-123.05057,49.22592],[-123.05029,49.22592]]]}},{"type":"Feature","properties":{"fed":"59037","poll":"511-0","type":"M"},"geometry":{"type":"Polygon","coordinates":[[[-123.04008,49.2155],[-123.0398,49.2155],[-123.04008,49.21541],[-123.04008,49.2155]]]}},{"type":"Feature","properties":{"fed":"59037","poll":"512-0","type":"M"},"geometry":{"type":"Polygon","coordinates":[[[-123.02975,49.21307],[-123.02977,49.21325],[-123.02962,49.21317],[-123.02975,49.21307]]]}},{"type":"Feature","properties":{"fed":"59037","poll":"501-0","type":"M"},"geometry":{"type":"Polygon","coordinates":[[[-123.0561,49.22575],[-123.05609,49.22593],[-123.05595,49.22593],[-123.0561,49.22575]]]}},{"type":"Feature","properties":{"fed":"59037","poll":"133-0","type":"N","jurisdiction":"South Burnaby — outside City of Vancouver","locality":"Burnaby"},"geometry":{"type":"Polygon","coordinates":[[[-123.02295,49.20261],[-123.02344,49.20429],[-123.0234,49.20534],[-123.02336,49.20696],[-123.02355,49.20818],[-123.02368,49.21204],[-123.02338,49.2118],[-123.0209,49.21182],[-123.02088,49.21381],[-123.01798,49.21383],[-123.01658,49.21384],[-123.0168,49.2131],[-123.01617,49.21213],[-123.01633,49.21159],[-123.01596,49.21093],[-123.01632,49.21079],[-123.01241,49.21081],[-123.0124,49.20923],[-123.0134,49.20918],[-123.01515,49.20862],[-123.01518,49.20681],[-123.01791,49.20678],[-123.01793,49.20538],[-123.01212,49.20539],[-123.01018,49.20512],[-123.01012,49.20009],[-123.01352,49.20025],[-123.0222,49.20221],[-123.02295,49.20261]]]}},{"type":"Feature","properties":{"fed":"59037","poll":"97-0","type":"N"},"geometry":{"type":"Polygon","coordinates":[[[-123.02819,49.2188],[-123.02959,49.2201],[-123.03009,49.22011],[-123.02962,49.22196],[-123.02818,49.22326],[-123.02688,49.22251],[-123.02479,49.22196],[-123.0246,49.22153],[-123.02586,49.2217],[-123.02605,49.22142],[-123.02579,49.22122],[-123.02579,49.22015],[-123.02704,49.21978],[-123.02819,49.2188]]]}},{"type":"Feature","properties":{"fed":"59037","poll":"129-0","type":"N","jurisdiction":"South Burnaby — outside City of Vancouver","locality":"Burnaby"},"geometry":{"type":"Polygon","coordinates":[[[-123.02088,49.21381],[-123.02093,49.21926],[-123.02329,49.21926],[-123.02331,49.22017],[-123.02367,49.22016],[-123.02363,49.22196],[-123.01262,49.22196],[-123.01088,49.22196],[-123.01074,49.22026],[-123.01253,49.22027],[-123.01242,49.21663],[-123.00871,49.21662],[-123.00871,49.21572],[-123.01509,49.21572],[-123.01509,49.21483],[-123.01799,49.21483],[-123.01798,49.21383],[-123.02088,49.21381]]]}},{"type":"Feature","properties":{"fed":"59037","poll":"80-0","type":"N"},"geometry":{"type":"Polygon","coordinates":[[[-123.06593,49.219],[-123.06589,49.22027],[-123.06458,49.22026],[-123.06461,49.21943],[-123.06071,49.21938],[-123.06076,49.218],[-123.06336,49.21803],[-123.06341,49.21658],[-123.06599,49.21662],[-123.06593,49.219]]]}},{"type":"Feature","properties":{"fed":"59037","poll":"102-0","type":"N"},"geometry":{"type":"Polygon","coordinates":[[[-123.07133,49.20898],[-123.06617,49.20748],[-123.06618,49.20723],[-123.0625,49.2062],[-123.06214,49.20639],[-123.05875,49.20588],[-123.05681,49.20582],[-123.05646,49.20467],[-123.05878,49.20466],[-123.0669,49.20599],[-123.06831,49.20648],[-123.071,49.20756],[-123.07133,49.20898]]]}},{"type":"Feature","properties":{"fed":"59037","poll":"136-0","type":"N","jurisdiction":"South Burnaby — outside City of Vancouver","locality":"Burnaby"},"geometry":{"type":"Polygon","coordinates":[[[-123.00495,49.21357],[-123.00494,49.21485],[-123.00496,49.21539],[-123.00497,49.21579],[-123.00498,49.21664],[-123.00135,49.21664],[-122.99756,49.21664],[-122.99755,49.21575],[-122.99754,49.21484],[-122.99944,49.21484],[-122.99944,49.21296],[-123.00272,49.21296],[-123.00272,49.21355],[-123.00495,49.21357]]]}},{"type":"Feature","properties":{"fed":"59037","poll":"137-0","type":"N","jurisdiction":"South Burnaby — outside City of Vancouver","locality":"Burnaby"},"geometry":{"type":"Polygon","coordinates":[[[-123.00872,49.21223],[-123.00872,49.21344],[-123.00495,49.21338],[-123.00498,49.21221],[-123.00271,49.21221],[-123.00272,49.21296],[-122.99944,49.21296],[-122.99944,49.21219],[-122.99892,49.21218],[-122.99916,49.21101],[-123.00058,49.21101],[-123.00059,49.20993],[-123.00499,49.21004],[-123.00499,49.2106],[-123.00693,49.21064],[-123.0069,49.21221],[-123.00872,49.21223]]]}},{"type":"Feature","properties":{"fed":"59037","poll":"92-0","type":"N"},"geometry":{"type":"Polygon","coordinates":[[[-123.04147,49.21721],[-123.04142,49.21783],[-123.04128,49.21783],[-123.04141,49.21801],[-123.04139,49.21818],[-123.0413,49.22016],[-123.04124,49.22118],[-123.03901,49.22114],[-123.03942,49.21879],[-123.03789,49.21877],[-123.03765,49.21876],[-123.03767,49.21841],[-123.03785,49.21739],[-123.03812,49.21724],[-123.04021,49.21719],[-123.04048,49.21729],[-123.04049,49.2172],[-123.04147,49.21721]]]}},{"type":"Feature","properties":{"fed":"59037","poll":"109-0","type":"N"},"geometry":{"type":"Polygon","coordinates":[[[-123.03665,49.20691],[-123.03672,49.20613],[-123.04227,49.20679],[-123.04227,49.20804],[-123.03972,49.20796],[-123.03665,49.20691]]]}},{"type":"Feature","properties":{"fed":"59037","poll":"75-0","type":"N"},"geometry":{"type":"Polygon","coordinates":[[[-123.02789,49.22639],[-123.0278,49.22812],[-123.02353,49.2281],[-123.0235,49.2252],[-123.02603,49.22523],[-123.02601,49.22639],[-123.02789,49.22639]]]}},{"type":"Feature","properties":{"fed":"59037","poll":"46-0","type":"N"},"geometry":{"type":"Polygon","coordinates":[[[-123.06586,49.22224],[-123.06585,49.22263],[-123.06583,49.22315],[-123.05921,49.22306],[-123.05926,49.22253],[-123.05939,49.22121],[-123.0626,49.22124],[-123.06255,49.2222],[-123.06586,49.22224]]]}},{"type":"Feature","properties":{"fed":"59037","poll":"19-0","type":"N"},"geometry":{"type":"Polygon","coordinates":[[[-123.09109,49.21398],[-123.09106,49.21482],[-123.08794,49.21477],[-123.08785,49.21737],[-123.08311,49.21732],[-123.08314,49.21556],[-123.08317,49.21468],[-123.08571,49.21473],[-123.08571,49.21383],[-123.08804,49.21389],[-123.09109,49.21398]]]}},{"type":"Feature","properties":{"fed":"59037","poll":"39-0","type":"N"},"geometry":{"type":"Polygon","coordinates":[[[-123.04088,49.22845],[-123.04083,49.22928],[-123.0403,49.22929],[-123.03883,49.22928],[-123.0388,49.23115],[-123.03745,49.23115],[-123.03744,49.23159],[-123.03601,49.23158],[-123.03458,49.23157],[-123.03457,49.23026],[-123.03743,49.23026],[-123.03741,49.22927],[-123.03645,49.22927],[-123.03648,49.22844],[-123.04088,49.22845]]]}},{"type":"Feature","properties":{"fed":"59037","poll":"38-0","type":"N"},"geometry":{"type":"Polygon","coordinates":[[[-123.05029,49.22592],[-123.05057,49.22592],[-123.05181,49.22593],[-123.05178,49.22674],[-123.05025,49.22673],[-123.0502,49.22754],[-123.05015,49.22845],[-123.04761,49.22843],[-123.04774,49.2259],[-123.04565,49.22589],[-123.04571,49.22475],[-123.05035,49.22478],[-123.05034,49.22509],[-123.05033,49.22514],[-123.05033,49.22527],[-123.05029,49.22592]]]}},{"type":"Feature","properties":{"fed":"59037","poll":"76-0","type":"N"},"geometry":{"type":"Polygon","coordinates":[[[-123.02818,49.22326],[-123.0294,49.224],[-123.03086,49.22449],[-123.03074,49.22482],[-123.02647,49.22466],[-123.02634,49.2237],[-123.02743,49.22365],[-123.02818,49.22326]]]}},{"type":"Feature","properties":{"fed":"59037","poll":"57-0","type":"N"},"geometry":{"type":"Polygon","coordinates":[[[-123.0626,49.22124],[-123.05939,49.22121],[-123.05938,49.22021],[-123.05791,49.2202],[-123.0579,49.2188],[-123.05789,49.21797],[-123.05933,49.21799],[-123.06076,49.218],[-123.06071,49.21938],[-123.06069,49.22022],[-123.06265,49.22023],[-123.0626,49.22124]]]}},{"type":"Feature","properties":{"fed":"59037","poll":"110-0","type":"N"},"geometry":{"type":"Polygon","coordinates":[[[-123.03675,49.20542],[-123.03987,49.20595],[-123.04231,49.20608],[-123.04227,49.20679],[-123.03672,49.20613],[-123.03675,49.20542]]]}},{"type":"Feature","properties":{"fed":"59040","poll":"144-0","type":"N"},"geometry":{"type":"Polygon","coordinates":[[[-123.14354,49.22882],[-123.14493,49.22885],[-123.14486,49.23071],[-123.14346,49.23068],[-123.13968,49.23064],[-123.13983,49.22697],[-123.14165,49.22701],[-123.1436,49.22702],[-123.14354,49.22882]]]}},{"type":"Feature","properties":{"fed":"59040","poll":"116-0","type":"N"},"geometry":{"type":"Polygon","coordinates":[[[-123.19486,49.22981],[-123.19706,49.23058],[-123.1971,49.23506],[-123.19233,49.2332],[-123.19245,49.23072],[-123.18966,49.23072],[-123.18965,49.23222],[-123.18538,49.23061],[-123.18432,49.23025],[-123.18203,49.23015],[-123.18218,49.22746],[-123.1855,49.22749],[-123.18559,49.22551],[-123.19111,49.22556],[-123.19096,49.22654],[-123.19145,49.22801],[-123.19486,49.22981]]]}},{"type":"Feature","properties":{"fed":"59040","poll":"60-0","type":"N","jurisdiction":"UBC / UEL — outside City of Vancouver","locality":"Metro Vancouver A"},"geometry":{"type":"Polygon","coordinates":[[[-123.23233,49.24972],[-123.23635,49.25083],[-123.23387,49.25256],[-123.23233,49.24972]]]}},{"type":"Feature","properties":{"fed":"59040","poll":"47-0","type":"N"},"geometry":{"type":"Polygon","coordinates":[[[-123.17983,49.26515],[-123.17592,49.26508],[-123.17588,49.2659],[-123.17582,49.26761],[-123.17389,49.26756],[-123.17391,49.26673],[-123.17398,49.26506],[-123.17122,49.26503],[-123.17126,49.26413],[-123.17592,49.26421],[-123.17984,49.26428],[-123.17983,49.26515]]]}},{"type":"Feature","properties":{"fed":"59040","poll":"48-0","type":"N"},"geometry":{"type":"Polygon","coordinates":[[[-123.17984,49.26428],[-123.17592,49.26421],[-123.17598,49.2624],[-123.17404,49.26237],[-123.17407,49.26148],[-123.17602,49.26151],[-123.17994,49.26158],[-123.17984,49.26428]]]}},{"type":"Feature","properties":{"fed":"59040","poll":"5-0","type":"N","jurisdiction":"UBC / UEL — outside City of Vancouver","locality":"Metro Vancouver A"},"geometry":{"type":"Polygon","coordinates":[[[-123.25424,49.27298],[-123.25368,49.27378],[-123.25232,49.27435],[-123.25167,49.27522],[-123.25055,49.27553],[-123.24944,49.27676],[-123.24766,49.27749],[-123.24755,49.27721],[-123.24574,49.27709],[-123.24389,49.27635],[-123.24294,49.27545],[-123.24217,49.27355],[-123.24596,49.27354],[-123.24884,49.27323],[-123.24841,49.27215],[-123.251,49.27103],[-123.25128,49.27117],[-123.25325,49.27042],[-123.25405,49.27111],[-123.25424,49.27298]]]}},{"type":"Feature","properties":{"fed":"59040","poll":"9-0","type":"N","jurisdiction":"UBC / UEL — outside City of Vancouver","locality":"Metro Vancouver A"},"geometry":{"type":"Polygon","coordinates":[[[-123.23917,49.26414],[-123.23957,49.26412],[-123.23953,49.26397],[-123.24048,49.26504],[-123.23678,49.26634],[-123.23873,49.26692],[-123.23813,49.26729],[-123.24098,49.27345],[-123.23726,49.27301],[-123.23435,49.2724],[-123.23024,49.27115],[-123.22533,49.26896],[-123.22418,49.26869],[-123.22262,49.26867],[-123.22388,49.2686],[-123.22368,49.26814],[-123.22456,49.26748],[-123.22293,49.26663],[-123.22295,49.26581],[-123.22004,49.26574],[-123.21968,49.26608],[-123.21766,49.26566],[-123.21513,49.26561],[-123.2152,49.26481],[-123.21537,49.2603],[-123.2154,49.25852],[-123.21621,49.25911],[-123.22689,49.26027],[-123.23286,49.25958],[-123.23326,49.26008],[-123.23385,49.26081],[-123.23439,49.26015],[-123.23525,49.25972],[-123.23654,49.26097],[-123.23732,49.2622],[-123.23823,49.26259],[-123.23729,49.26293],[-123.23758,49.26346],[-123.23829,49.26414],[-123.23902,49.26394],[-123.23917,49.26414]]]}},{"type":"Feature","properties":{"fed":"59040","poll":"6-0","type":"N","jurisdiction":"UBC / UEL — outside City of Vancouver","locality":"Metro Vancouver A"},"geometry":{"type":"Polygon","coordinates":[[[-123.24754,49.26869],[-123.24841,49.27215],[-123.24884,49.27323],[-123.24596,49.27354],[-123.24217,49.27355],[-123.24294,49.27545],[-123.24389,49.27635],[-123.24574,49.27709],[-123.24755,49.27721],[-123.24766,49.27749],[-123.2438,49.27909],[-123.24115,49.27927],[-123.23747,49.27893],[-123.23408,49.27814],[-123.22979,49.27817],[-123.22619,49.27754],[-123.22388,49.27739],[-123.22841,49.27593],[-123.23803,49.27489],[-123.23951,49.27399],[-123.24098,49.27345],[-123.23813,49.26729],[-123.23873,49.26692],[-123.2411,49.26708],[-123.24416,49.2667],[-123.24573,49.26646],[-123.24754,49.26869]]]}},{"type":"Feature","properties":{"fed":"59040","poll":"7-0","type":"N","jurisdiction":"UBC / UEL — outside City of Vancouver","locality":"Metro Vancouver A"},"geometry":{"type":"Polygon","coordinates":[[[-123.24416,49.2667],[-123.2411,49.26708],[-123.23873,49.26692],[-123.23678,49.26634],[-123.24048,49.26504],[-123.24227,49.26441],[-123.24416,49.2667]]]}},{"type":"Feature","properties":{"fed":"59040","poll":"49-0","type":"N"},"geometry":{"type":"Polygon","coordinates":[[[-123.17602,49.26151],[-123.17407,49.26148],[-123.17404,49.26237],[-123.17598,49.2624],[-123.17592,49.26421],[-123.17126,49.26413],[-123.17009,49.2641],[-123.17017,49.26325],[-123.17022,49.26231],[-123.17214,49.26234],[-123.1722,49.26054],[-123.17605,49.26061],[-123.17602,49.26151]]]}},{"type":"Feature","properties":{"fed":"59040","poll":"74-0","type":"N"},"geometry":{"type":"Polygon","coordinates":[[[-123.18193,49.26249],[-123.18187,49.26431],[-123.17984,49.26428],[-123.17994,49.26158],[-123.17602,49.26151],[-123.17605,49.26061],[-123.17609,49.2597],[-123.18002,49.25976],[-123.17998,49.26068],[-123.18199,49.26071],[-123.18193,49.26249]]]}},{"type":"Feature","properties":{"fed":"59040","poll":"37-0","type":"N"},"geometry":{"type":"Polygon","coordinates":[[[-123.21537,49.2603],[-123.2152,49.26481],[-123.21212,49.26476],[-123.21214,49.26389],[-123.20914,49.26384],[-123.20916,49.26293],[-123.21216,49.26298],[-123.21227,49.26026],[-123.21537,49.2603]]]}},{"type":"Feature","properties":{"fed":"59040","poll":"21-0","type":"N"},"geometry":{"type":"Polygon","coordinates":[[[-123.20914,49.26384],[-123.20909,49.26472],[-123.20606,49.26467],[-123.20301,49.26462],[-123.20306,49.26281],[-123.20916,49.26293],[-123.20914,49.26384]]]}},{"type":"Feature","properties":{"fed":"59040","poll":"11-0","type":"N"},"geometry":{"type":"Polygon","coordinates":[[[-123.22262,49.26867],[-123.22418,49.26869],[-123.22533,49.26896],[-123.23024,49.27115],[-123.23435,49.2724],[-123.23726,49.27301],[-123.24098,49.27345],[-123.23951,49.27399],[-123.23803,49.27489],[-123.22841,49.27593],[-123.22388,49.27739],[-123.22377,49.27821],[-123.22151,49.28291],[-123.20481,49.28262],[-123.20571,49.27359],[-123.21178,49.27374],[-123.21188,49.27141],[-123.21495,49.27144],[-123.21499,49.27027],[-123.21501,49.26912],[-123.2181,49.26911],[-123.22262,49.26867]]]}},{"type":"Feature","properties":{"fed":"59040","poll":"18-0","type":"N","jurisdiction":"UBC / UEL — outside City of Vancouver","locality":"Metro Vancouver A"},"geometry":{"type":"Polygon","coordinates":[[[-123.22293,49.26663],[-123.22456,49.26748],[-123.22368,49.26814],[-123.22388,49.2686],[-123.22262,49.26867],[-123.2181,49.26911],[-123.21501,49.26912],[-123.21505,49.2682],[-123.21199,49.2682],[-123.21208,49.26563],[-123.21513,49.26561],[-123.21766,49.26566],[-123.21968,49.26608],[-123.22004,49.26574],[-123.22295,49.26581],[-123.22293,49.26663]]]}},{"type":"Feature","properties":{"fed":"59040","poll":"51-0","type":"N"},"geometry":{"type":"Polygon","coordinates":[[[-123.20017,49.25823],[-123.20013,49.26007],[-123.19709,49.26002],[-123.19706,49.26093],[-123.19702,49.26185],[-123.194,49.26179],[-123.19405,49.26088],[-123.19097,49.26083],[-123.19105,49.25901],[-123.18799,49.25897],[-123.18802,49.25804],[-123.19109,49.25812],[-123.20017,49.25823]]]}},{"type":"Feature","properties":{"fed":"59040","poll":"19-0","type":"N"},"geometry":{"type":"Polygon","coordinates":[[[-123.2152,49.26481],[-123.21513,49.26561],[-123.21208,49.26563],[-123.21199,49.2682],[-123.20893,49.26816],[-123.209,49.26646],[-123.20909,49.26559],[-123.20602,49.26553],[-123.20606,49.26467],[-123.20909,49.26472],[-123.20914,49.26384],[-123.21214,49.26389],[-123.21212,49.26476],[-123.2152,49.26481]]]}},{"type":"Feature","properties":{"fed":"59038","poll":"71-0","type":"N"},"geometry":{"type":"Polygon","coordinates":[[[-123.11437,49.2604],[-123.11494,49.2604],[-123.11487,49.26224],[-123.10951,49.26216],[-123.10957,49.26034],[-123.11105,49.26037],[-123.1111,49.25937],[-123.11441,49.25944],[-123.11437,49.2604]]]}},{"type":"Feature","properties":{"fed":"59038","poll":"68-0","type":"N"},"geometry":{"type":"Polygon","coordinates":[[[-123.11991,49.2633],[-123.11754,49.26326],[-123.11748,49.26418],[-123.11477,49.26404],[-123.11487,49.26224],[-123.11494,49.2604],[-123.11764,49.26045],[-123.11995,49.2605],[-123.11991,49.2633]],[[-123.11762,49.26132],[-123.11761,49.2615],[-123.11775,49.2615],[-123.11762,49.26132]]]}},{"type":"Feature","properties":{"fed":"59038","poll":"33-0","type":"N"},"geometry":{"type":"Polygon","coordinates":[[[-123.13848,49.26619],[-123.13608,49.26615],[-123.1361,49.26447],[-123.13854,49.26451],[-123.13848,49.26619]]]}},{"type":"Feature","properties":{"fed":"59038","poll":"47-0","type":"N"},"geometry":{"type":"Polygon","coordinates":[[[-123.13146,49.2616],[-123.13138,49.26349],[-123.13133,49.2644],[-123.12898,49.26437],[-123.12902,49.26345],[-123.12908,49.26157],[-123.13127,49.26146],[-123.13146,49.2616]]]}},{"type":"Feature","properties":{"fed":"59038","poll":"4-0","type":"N"},"geometry":{"type":"Polygon","coordinates":[[[-123.15143,49.27254],[-123.15136,49.27452],[-123.14892,49.27448],[-123.14899,49.2725],[-123.14782,49.27248],[-123.14636,49.27254],[-123.14557,49.2724],[-123.1455,49.27067],[-123.14642,49.27069],[-123.14642,49.27156],[-123.14786,49.27158],[-123.14789,49.27071],[-123.15034,49.27075],[-123.15031,49.27162],[-123.15024,49.27252],[-123.15143,49.27254]]]}},{"type":"Feature","properties":{"fed":"59038","poll":"45-0","type":"N"},"geometry":{"type":"Polygon","coordinates":[[[-123.13374,49.26353],[-123.13138,49.26349],[-123.13146,49.2616],[-123.13381,49.26163],[-123.13374,49.26353]]]}},{"type":"Feature","properties":{"fed":"59038","poll":"9-0","type":"N"},"geometry":{"type":"Polygon","coordinates":[[[-123.14796,49.26896],[-123.14322,49.26887],[-123.14319,49.26975],[-123.14081,49.26972],[-123.13782,49.26943],[-123.13847,49.26795],[-123.13847,49.26678],[-123.1398,49.26679],[-123.14027,49.26707],[-123.14566,49.26716],[-123.14566,49.26801],[-123.14799,49.26805],[-123.14796,49.26896]]]}},{"type":"Feature","properties":{"fed":"59038","poll":"401-0","type":"S"},"geometry":{"type":"Polygon","coordinates":[[[-123.11606,49.20937],[-123.11629,49.20927],[-123.11636,49.20935],[-123.11606,49.20937]]]}},{"type":"Feature","properties":{"fed":"59038","poll":"505-0","type":"M"},"geometry":{"type":"Polygon","coordinates":[[[-123.11761,49.2615],[-123.11762,49.26132],[-123.11775,49.2615],[-123.11761,49.2615]]]}},{"type":"Feature","properties":{"fed":"59038","poll":"503-0","type":"M"},"geometry":{"type":"Polygon","coordinates":[[[-123.14233,49.25897],[-123.14232,49.25906],[-123.14205,49.25906],[-123.14233,49.25897]]]}},{"type":"Feature","properties":{"fed":"59038","poll":"504-0","type":"M"},"geometry":{"type":"Polygon","coordinates":[[[-123.12445,49.26058],[-123.12471,49.26044],[-123.12471,49.26053],[-123.12445,49.26058]]]}},{"type":"Feature","properties":{"fed":"59038","poll":"400-0","type":"S"},"geometry":{"type":"Polygon","coordinates":[[[-123.11614,49.21036],[-123.11644,49.21035],[-123.11621,49.21044],[-123.11614,49.21036]]]}},{"type":"Feature","properties":{"fed":"59038","poll":"511-0","type":"M"},"geometry":{"type":"Polygon","coordinates":[[[-123.13039,49.23407],[-123.12974,49.23424],[-123.12974,49.23405],[-123.13039,49.23407]]]}},{"type":"Feature","properties":{"fed":"59038","poll":"509-0","type":"M"},"geometry":{"type":"Polygon","coordinates":[[[-123.12065,49.24117],[-123.12057,49.23991],[-123.12071,49.23982],[-123.12065,49.24117]]]}},{"type":"Feature","properties":{"fed":"59038","poll":"507-0","type":"M"},"geometry":{"type":"Polygon","coordinates":[[[-123.1277,49.24358],[-123.12768,49.24417],[-123.12767,49.2445],[-123.12754,49.24441],[-123.1277,49.24358]]]}},{"type":"Feature","properties":{"fed":"59038","poll":"513-0","type":"M"},"geometry":{"type":"Polygon","coordinates":[[[-123.1099,49.21425],[-123.11274,49.21429],[-123.11259,49.21438],[-123.1099,49.21425]]]}},{"type":"Feature","properties":{"fed":"59038","poll":"28-0","type":"N"},"geometry":{"type":"Polygon","coordinates":[[[-123.13344,49.26699],[-123.13289,49.26734],[-123.13288,49.26777],[-123.13278,49.26794],[-123.13152,49.26733],[-123.1307,49.26796],[-123.1282,49.26822],[-123.12744,49.26753],[-123.12686,49.2676],[-123.12634,49.2674],[-123.12622,49.26705],[-123.12651,49.26679],[-123.12787,49.26634],[-123.12897,49.2664],[-123.12893,49.26605],[-123.13363,49.26619],[-123.13344,49.26699]],[[-123.12978,49.26722],[-123.12948,49.26723],[-123.12973,49.2673],[-123.12978,49.26722]]]}},{"type":"Feature","properties":{"fed":"59038","poll":"42-0","type":"N"},"geometry":{"type":"Polygon","coordinates":[[[-123.1361,49.26447],[-123.13608,49.26615],[-123.13435,49.26629],[-123.13363,49.26619],[-123.13368,49.26527],[-123.13374,49.26353],[-123.1361,49.26357],[-123.1361,49.26447]]]}},{"type":"Feature","properties":{"fed":"59038","poll":"81-0","type":"N"},"geometry":{"type":"Polygon","coordinates":[[[-123.11513,49.25587],[-123.10976,49.25575],[-123.10981,49.25477],[-123.10721,49.25471],[-123.10725,49.25381],[-123.11523,49.25399],[-123.11513,49.25587]]]}},{"type":"Feature","properties":{"fed":"59038","poll":"118-0","type":"N"},"geometry":{"type":"Polygon","coordinates":[[[-123.12479,49.24812],[-123.11848,49.248],[-123.11843,49.24911],[-123.11531,49.24905],[-123.11525,49.24796],[-123.11532,49.2461],[-123.12246,49.24623],[-123.12242,49.24715],[-123.1227,49.24715],[-123.1248,49.24719],[-123.12479,49.24812]]]}},{"type":"Feature","properties":{"fed":"59038","poll":"88-0","type":"N"},"geometry":{"type":"Polygon","coordinates":[[[-123.11531,49.24905],[-123.11538,49.2501],[-123.11534,49.25122],[-123.11277,49.25112],[-123.11282,49.25008],[-123.11288,49.24888],[-123.1122,49.24887],[-123.11225,49.24788],[-123.11525,49.24796],[-123.11531,49.24905]]]}},{"type":"Feature","properties":{"fed":"59039","poll":"112-0","type":"N"},"geometry":{"type":"Polygon","coordinates":[[[-123.0743,49.23273],[-123.07423,49.23477],[-123.07147,49.23474],[-123.06867,49.23471],[-123.06867,49.23453],[-123.0687,49.23264],[-123.07153,49.23264],[-123.07292,49.23266],[-123.0743,49.23273]]]}},{"type":"Feature","properties":{"fed":"59039","poll":"55-0","type":"N"},"geometry":{"type":"Polygon","coordinates":[[[-123.07629,49.24542],[-123.07625,49.24644],[-123.07619,49.24852],[-123.07599,49.24852],[-123.07496,49.24851],[-123.07495,49.24907],[-123.07385,49.24851],[-123.07338,49.2485],[-123.07337,49.24895],[-123.07131,49.24802],[-123.07133,49.2475],[-123.07205,49.24782],[-123.0734,49.24785],[-123.07354,49.24365],[-123.07635,49.24369],[-123.07633,49.24455],[-123.07629,49.24542]]]}},{"type":"Feature","properties":{"fed":"59039","poll":"164-0","type":"N"},"geometry":{"type":"Polygon","coordinates":[[[-123.02995,49.23737],[-123.03139,49.23801],[-123.03033,49.23805],[-123.02898,49.23941],[-123.02913,49.23964],[-123.02831,49.24049],[-123.02634,49.2397],[-123.02715,49.23884],[-123.0252,49.23803],[-123.02696,49.23641],[-123.02621,49.23565],[-123.02815,49.23654],[-123.02995,49.23737]]]}},{"type":"Feature","properties":{"fed":"59039","poll":"179-0","type":"N"},"geometry":{"type":"Polygon","coordinates":[[[-123.027,49.23502],[-123.02791,49.2354],[-123.02889,49.23586],[-123.02815,49.23654],[-123.02804,49.23606],[-123.02701,49.2355],[-123.027,49.23502]]]}},{"type":"Feature","properties":{"fed":"59039","poll":"2-0","type":"N"},"geometry":{"type":"Polygon","coordinates":[[[-123.09858,49.25296],[-123.09849,49.25566],[-123.10128,49.25569],[-123.10125,49.25658],[-123.10067,49.25658],[-123.09779,49.25654],[-123.09752,49.25654],[-123.09649,49.25652],[-123.09656,49.25473],[-123.09659,49.25382],[-123.09666,49.25202],[-123.09861,49.25204],[-123.09858,49.25296]]]}},{"type":"Feature","properties":{"fed":"59039","poll":"148-0","type":"N"},"geometry":{"type":"Polygon","coordinates":[[[-123.08526,49.2254],[-123.08521,49.22731],[-123.08385,49.22729],[-123.08382,49.22909],[-123.08267,49.22907],[-123.08131,49.22906],[-123.08134,49.22781],[-123.08,49.22776],[-123.08003,49.22698],[-123.08241,49.22703],[-123.08239,49.22622],[-123.08006,49.22617],[-123.08007,49.22534],[-123.08145,49.22536],[-123.08526,49.2254]]]}},{"type":"Feature","properties":{"fed":"59039","poll":"172-0","type":"N"},"geometry":{"type":"Polygon","coordinates":[[[-123.03721,49.24125],[-123.03825,49.24168],[-123.03707,49.24291],[-123.03603,49.24249],[-123.03302,49.24122],[-123.03205,49.24082],[-123.03283,49.23999],[-123.03324,49.23955],[-123.0335,49.23928],[-123.03374,49.23905],[-123.03468,49.23944],[-123.0367,49.24026],[-123.03777,49.2407],[-123.03721,49.24125]]]}},{"type":"Feature","properties":{"fed":"59039","poll":"173-0","type":"N"},"geometry":{"type":"Polygon","coordinates":[[[-123.04098,49.23736],[-123.04199,49.2378],[-123.0406,49.23925],[-123.03957,49.23883],[-123.03777,49.2407],[-123.0367,49.24026],[-123.03787,49.23906],[-123.04077,49.2358],[-123.04235,49.23594],[-123.04098,49.23736]]]}},{"type":"Feature","properties":{"fed":"59039","poll":"176-0","type":"N"},"geometry":{"type":"Polygon","coordinates":[[[-123.03881,49.23298],[-123.03878,49.2337],[-123.04025,49.23431],[-123.03956,49.23565],[-123.04077,49.2358],[-123.03787,49.23906],[-123.03583,49.23825],[-123.03649,49.23759],[-123.03566,49.23726],[-123.03782,49.23504],[-123.03595,49.23417],[-123.03746,49.23314],[-123.03881,49.23298]]]}},{"type":"Feature","properties":{"fed":"59039","poll":"147-0","type":"N"},"geometry":{"type":"Polygon","coordinates":[[[-123.08526,49.2254],[-123.08664,49.22541],[-123.08655,49.22912],[-123.08516,49.2291],[-123.08521,49.22731],[-123.08526,49.2254]]]}},{"type":"Feature","properties":{"fed":"59039","poll":"134-0","type":"N"},"geometry":{"type":"Polygon","coordinates":[[[-123.06661,49.2401],[-123.06662,49.24155],[-123.06016,49.24152],[-123.05869,49.24086],[-123.0587,49.24066],[-123.06286,49.24068],[-123.06291,49.23979],[-123.06661,49.2401]]]}},{"type":"Feature","properties":{"fed":"59039","poll":"139-0","type":"N"},"geometry":{"type":"Polygon","coordinates":[[[-123.06212,49.23591],[-123.06212,49.23691],[-123.06211,49.23808],[-123.05877,49.23801],[-123.05875,49.2374],[-123.05771,49.23741],[-123.05769,49.23891],[-123.05655,49.23891],[-123.05657,49.2374],[-123.0555,49.2374],[-123.05551,49.23587],[-123.0588,49.23589],[-123.06212,49.23591]]]}},{"type":"Feature","properties":{"fed":"59039","poll":"122-0","type":"N"},"geometry":{"type":"Polygon","coordinates":[[[-123.09073,49.22545],[-123.09072,49.22737],[-123.08936,49.22736],[-123.08798,49.22735],[-123.08804,49.22543],[-123.09073,49.22545]]]}},{"type":"Feature","properties":{"fed":"59039","poll":"183-0","type":"N"},"geometry":{"type":"Polygon","coordinates":[[[-123.02928,49.23205],[-123.02928,49.23482],[-123.02816,49.23475],[-123.02816,49.23414],[-123.02594,49.23413],[-123.02595,49.23219],[-123.0265,49.23217],[-123.02928,49.23205]]]}},{"type":"Feature","properties":{"fed":"59039","poll":"4-0","type":"N"},"geometry":{"type":"Polygon","coordinates":[[[-123.09656,49.25473],[-123.09385,49.25469],[-123.09382,49.2556],[-123.08993,49.25554],[-123.08998,49.25373],[-123.0939,49.25378],[-123.09659,49.25382],[-123.09656,49.25473]]]}},{"type":"Feature","properties":{"fed":"59039","poll":"121-0","type":"N"},"geometry":{"type":"Polygon","coordinates":[[[-123.09753,49.22559],[-123.09745,49.2275],[-123.09404,49.22743],[-123.09072,49.22737],[-123.09073,49.22545],[-123.09753,49.22559]]]}},{"type":"Feature","properties":{"fed":"59039","poll":"144-0","type":"N"},"geometry":{"type":"Polygon","coordinates":[[[-123.04218,49.24455],[-123.04164,49.24541],[-123.045,49.24546],[-123.04505,49.24626],[-123.03914,49.24623],[-123.03915,49.24454],[-123.0406,49.24455],[-123.04059,49.24437],[-123.04176,49.24313],[-123.04304,49.24365],[-123.04218,49.24455]]]}},{"type":"Feature","properties":{"fed":"59039","poll":"7-0","type":"N"},"geometry":{"type":"Polygon","coordinates":[[[-123.0939,49.25378],[-123.08998,49.25373],[-123.09001,49.2528],[-123.09007,49.2519],[-123.09009,49.25101],[-123.09207,49.25105],[-123.09402,49.25108],[-123.0939,49.25378]]]}},{"type":"Feature","properties":{"fed":"59039","poll":"60-0","type":"N"},"geometry":{"type":"Polygon","coordinates":[[[-123.04703,49.25751],[-123.04957,49.25742],[-123.04959,49.25789],[-123.04775,49.25817],[-123.04439,49.2582],[-123.04425,49.25632],[-123.04426,49.25541],[-123.04705,49.25544],[-123.04703,49.25751]]]}},{"type":"Feature","properties":{"fed":"59039","poll":"8-0","type":"N"},"geometry":{"type":"Polygon","coordinates":[[[-123.09676,49.24931],[-123.09673,49.25021],[-123.0921,49.25015],[-123.09213,49.24924],[-123.09216,49.24867],[-123.09017,49.24867],[-123.09018,49.24762],[-123.09409,49.24769],[-123.0941,49.24735],[-123.09549,49.24737],[-123.09547,49.24871],[-123.09679,49.24872],[-123.09676,49.24931]]]}},{"type":"Feature","properties":{"fed":"59039","poll":"53-0","type":"N"},"geometry":{"type":"Polygon","coordinates":[[[-123.08012,49.2465],[-123.08009,49.24772],[-123.08194,49.24772],[-123.08192,49.24857],[-123.08005,49.24856],[-123.07619,49.24852],[-123.07625,49.24644],[-123.08012,49.2465]]]}},{"type":"Feature","properties":{"fed":"59039","poll":"57-0","type":"N"},"geometry":{"type":"Polygon","coordinates":[[[-123.07001,49.24509],[-123.07004,49.244],[-123.07145,49.24401],[-123.07133,49.2475],[-123.07131,49.24802],[-123.06996,49.2474],[-123.06785,49.2464],[-123.0679,49.24501],[-123.07001,49.24509]]]}},{"type":"Feature","properties":{"fed":"59040","poll":"43-0","type":"N"},"geometry":{"type":"Polygon","coordinates":[[[-123.194,49.26179],[-123.18593,49.26167],[-123.18581,49.26116],[-123.18402,49.25982],[-123.18403,49.258],[-123.18513,49.25801],[-123.18802,49.25804],[-123.18799,49.25897],[-123.19105,49.25901],[-123.19097,49.26083],[-123.19405,49.26088],[-123.194,49.26179]]]}},{"type":"Feature","properties":{"fed":"59040","poll":"10-0","type":"N","jurisdiction":"UBC / UEL — outside City of Vancouver","locality":"Metro Vancouver A"},"geometry":{"type":"Polygon","coordinates":[[[-123.24258,49.26275],[-123.24222,49.26255],[-123.24113,49.26294],[-123.23915,49.26242],[-123.23823,49.26259],[-123.23732,49.2622],[-123.23654,49.26097],[-123.23525,49.25972],[-123.23439,49.26015],[-123.23385,49.26081],[-123.23326,49.26008],[-123.23601,49.2591],[-123.23529,49.25823],[-123.23586,49.25833],[-123.23794,49.25744],[-123.24162,49.26162],[-123.24258,49.26275]]]}},{"type":"Feature","properties":{"fed":"59040","poll":"8-0","type":"N","jurisdiction":"UBC / UEL — outside City of Vancouver","locality":"Metro Vancouver A"},"geometry":{"type":"Polygon","coordinates":[[[-123.24573,49.26646],[-123.24416,49.2667],[-123.24227,49.26441],[-123.24048,49.26504],[-123.23953,49.26397],[-123.23957,49.26412],[-123.23917,49.26414],[-123.23902,49.26394],[-123.23829,49.26414],[-123.23758,49.26346],[-123.23729,49.26293],[-123.23823,49.26259],[-123.23915,49.26242],[-123.24113,49.26294],[-123.24222,49.26255],[-123.24258,49.26275],[-123.24273,49.26291],[-123.24345,49.26378],[-123.24359,49.26394],[-123.24573,49.26646]]]}},{"type":"Feature","properties":{"fed":"59040","poll":"109-0","type":"N"},"geometry":{"type":"Polygon","coordinates":[[[-123.16075,49.2518],[-123.16142,49.25271],[-123.1581,49.25267],[-123.15807,49.25357],[-123.15303,49.2535],[-123.15305,49.25163],[-123.15305,49.25142],[-123.15312,49.24973],[-123.15435,49.24973],[-123.15432,49.25093],[-123.15462,49.25141],[-123.15441,49.25166],[-123.15802,49.25037],[-123.15936,49.24984],[-123.16075,49.2518]]]}},{"type":"Feature","properties":{"fed":"59040","poll":"108-0","type":"N"},"geometry":{"type":"Polygon","coordinates":[[[-123.16343,49.25548],[-123.153,49.2553],[-123.15303,49.2535],[-123.15807,49.25357],[-123.1581,49.25267],[-123.16142,49.25271],[-123.16343,49.25548]]]}},{"type":"Feature","properties":{"fed":"59040","poll":"123-0","type":"N"},"geometry":{"type":"Polygon","coordinates":[[[-123.17674,49.23476],[-123.17673,49.23664],[-123.17585,49.23663],[-123.17307,49.23662],[-123.17307,49.23759],[-123.16578,49.23756],[-123.16581,49.23658],[-123.16585,49.23473],[-123.16741,49.23474],[-123.16859,49.23473],[-123.16859,49.23482],[-123.16887,49.23473],[-123.17308,49.23474],[-123.17307,49.23377],[-123.17579,49.23377],[-123.17577,49.23475],[-123.17674,49.23476]]]}},{"type":"Feature","properties":{"fed":"59040","poll":"122-0","type":"N"},"geometry":{"type":"Polygon","coordinates":[[[-123.17584,49.23759],[-123.17579,49.23948],[-123.17026,49.23947],[-123.17026,49.24044],[-123.16806,49.24042],[-123.16568,49.24039],[-123.16571,49.23945],[-123.16575,49.23848],[-123.16407,49.23845],[-123.16414,49.23657],[-123.16581,49.23658],[-123.16578,49.23756],[-123.17307,49.23759],[-123.17307,49.23662],[-123.17585,49.23663],[-123.17584,49.23759]]]}},{"type":"Feature","properties":{"fed":"59040","poll":"119-0","type":"N"},"geometry":{"type":"Polygon","coordinates":[[[-123.17579,49.23948],[-123.17574,49.24329],[-123.17302,49.24328],[-123.17022,49.24325],[-123.17026,49.24136],[-123.16804,49.24136],[-123.16806,49.24042],[-123.17026,49.24044],[-123.17026,49.23947],[-123.17579,49.23948]]]}},{"type":"Feature","properties":{"fed":"59040","poll":"20-0","type":"N"},"geometry":{"type":"Polygon","coordinates":[[[-123.20602,49.26553],[-123.20909,49.26559],[-123.209,49.26646],[-123.20599,49.2664],[-123.20592,49.26891],[-123.20322,49.26828],[-123.20268,49.26894],[-123.19347,49.2688],[-123.19067,49.26875],[-123.1857,49.26861],[-123.18578,49.26693],[-123.18769,49.26697],[-123.18772,49.26608],[-123.18775,49.26527],[-123.19318,49.26534],[-123.19343,49.2651],[-123.19559,49.26536],[-123.20296,49.26548],[-123.20301,49.26462],[-123.20606,49.26467],[-123.20602,49.26553]]]}},{"type":"Feature","properties":{"fed":"59040","poll":"41-0","type":"N"},"geometry":{"type":"Polygon","coordinates":[[[-123.19343,49.2651],[-123.19318,49.26534],[-123.18775,49.26527],[-123.18772,49.26608],[-123.18581,49.26607],[-123.18591,49.26349],[-123.19086,49.26358],[-123.19113,49.26388],[-123.19324,49.26468],[-123.19343,49.2651]]]}},{"type":"Feature","properties":{"fed":"59040","poll":"15-0","type":"N"},"geometry":{"type":"Polygon","coordinates":[[[-123.19067,49.26875],[-123.19063,49.26958],[-123.1876,49.26956],[-123.18757,49.27044],[-123.18566,49.2704],[-123.18563,49.27132],[-123.18355,49.27129],[-123.18365,49.26859],[-123.1857,49.26861],[-123.19067,49.26875]]]}},{"type":"Feature","properties":{"fed":"59040","poll":"17-0","type":"N"},"geometry":{"type":"Polygon","coordinates":[[[-123.18581,49.26607],[-123.18772,49.26608],[-123.18769,49.26697],[-123.18578,49.26693],[-123.1857,49.26861],[-123.18365,49.26859],[-123.18175,49.26857],[-123.18176,49.26769],[-123.18369,49.26772],[-123.18374,49.26603],[-123.18581,49.26607]]]}},{"type":"Feature","properties":{"fed":"59040","poll":"16-0","type":"N"},"geometry":{"type":"Polygon","coordinates":[[[-123.18355,49.27129],[-123.18352,49.27217],[-123.17763,49.27154],[-123.17763,49.27119],[-123.18164,49.27126],[-123.18169,49.26947],[-123.17968,49.26944],[-123.17973,49.26854],[-123.18175,49.26857],[-123.18365,49.26859],[-123.18355,49.27129]]]}},{"type":"Feature","properties":{"fed":"59040","poll":"107-0","type":"N"},"geometry":{"type":"Polygon","coordinates":[[[-123.16027,49.25833],[-123.15552,49.25825],[-123.15544,49.26104],[-123.15308,49.26101],[-123.15313,49.25915],[-123.15291,49.2573],[-123.1603,49.25743],[-123.16027,49.25833]]]}},{"type":"Feature","properties":{"fed":"59040","poll":"26-0","type":"N"},"geometry":{"type":"Polygon","coordinates":[[[-123.17577,49.26847],[-123.17109,49.26843],[-123.1683,49.26839],[-123.16834,49.26747],[-123.17113,49.2675],[-123.17116,49.26668],[-123.17391,49.26673],[-123.17389,49.26756],[-123.17582,49.26761],[-123.17577,49.26847]]]}},{"type":"Feature","properties":{"fed":"59040","poll":"45-0","type":"N"},"geometry":{"type":"Polygon","coordinates":[[[-123.18374,49.26603],[-123.17981,49.26597],[-123.1798,49.26683],[-123.17776,49.26681],[-123.1778,49.26593],[-123.17588,49.2659],[-123.17592,49.26508],[-123.17983,49.26515],[-123.17984,49.26428],[-123.18187,49.26431],[-123.1838,49.26434],[-123.18374,49.26603]]]}},{"type":"Feature","properties":{"fed":"59040","poll":"46-0","type":"N"},"geometry":{"type":"Polygon","coordinates":[[[-123.18591,49.26349],[-123.18581,49.26607],[-123.18374,49.26603],[-123.1838,49.26434],[-123.18187,49.26431],[-123.18193,49.26249],[-123.18594,49.26255],[-123.18591,49.26349]]]}},{"type":"Feature","properties":{"fed":"59040","poll":"25-0","type":"N"},"geometry":{"type":"Polygon","coordinates":[[[-123.17573,49.26937],[-123.17379,49.26934],[-123.17376,49.27025],[-123.17375,49.27112],[-123.171,49.27108],[-123.17109,49.26843],[-123.17577,49.26847],[-123.17573,49.26937]]]}},{"type":"Feature","properties":{"fed":"59040","poll":"90-0","type":"N"},"geometry":{"type":"Polygon","coordinates":[[[-123.19091,49.24619],[-123.1909,49.2481],[-123.19364,49.24812],[-123.19363,49.25018],[-123.18809,49.25016],[-123.18807,49.25196],[-123.18519,49.25195],[-123.18521,49.25106],[-123.18527,49.24617],[-123.19091,49.24619]]]}},{"type":"Feature","properties":{"fed":"59037","poll":"78-0","type":"N"},"geometry":{"type":"Polygon","coordinates":[[[-123.07741,49.20808],[-123.07726,49.21115],[-123.0741,49.21113],[-123.07409,49.21198],[-123.07206,49.21197],[-123.07209,49.2111],[-123.06906,49.21074],[-123.06613,49.20974],[-123.06617,49.20748],[-123.07133,49.20898],[-123.071,49.20756],[-123.07448,49.20834],[-123.07741,49.20808]]]}},{"type":"Feature","properties":{"fed":"59037","poll":"64-0","type":"N"},"geometry":{"type":"Polygon","coordinates":[[[-123.07209,49.2111],[-123.07206,49.21197],[-123.07206,49.21287],[-123.06914,49.21285],[-123.06876,49.2132],[-123.06607,49.21223],[-123.06611,49.21063],[-123.06613,49.20974],[-123.06906,49.21074],[-123.07209,49.2111]]]}},{"type":"Feature","properties":{"fed":"59037","poll":"48-0","type":"N"},"geometry":{"type":"Polygon","coordinates":[[[-123.06912,49.22266],[-123.06907,49.2252],[-123.06711,49.22518],[-123.06578,49.22518],[-123.06582,49.22405],[-123.06583,49.22315],[-123.06585,49.22263],[-123.06912,49.22266]]]}},{"type":"Feature","properties":{"fed":"59037","poll":"50-0","type":"N"},"geometry":{"type":"Polygon","coordinates":[[[-123.06921,49.22033],[-123.06912,49.22266],[-123.06585,49.22263],[-123.06586,49.22224],[-123.06589,49.22027],[-123.06921,49.22033]]]}},{"type":"Feature","properties":{"fed":"59037","poll":"51-0","type":"N"},"geometry":{"type":"Polygon","coordinates":[[[-123.07554,49.21726],[-123.07552,49.21813],[-123.07204,49.2181],[-123.07199,49.21997],[-123.07043,49.21995],[-123.06921,49.22033],[-123.06589,49.22027],[-123.06593,49.219],[-123.06807,49.21898],[-123.06949,49.21871],[-123.07061,49.21814],[-123.07133,49.21737],[-123.07173,49.21724],[-123.07199,49.21629],[-123.07556,49.21639],[-123.07554,49.21726]]]}},{"type":"Feature","properties":{"fed":"59037","poll":"49-0","type":"N"},"geometry":{"type":"Polygon","coordinates":[[[-123.07616,49.21957],[-123.07607,49.22179],[-123.07331,49.22176],[-123.07325,49.22334],[-123.07318,49.22526],[-123.07178,49.22522],[-123.06995,49.22521],[-123.06907,49.2252],[-123.06912,49.22266],[-123.06921,49.22033],[-123.07043,49.21995],[-123.07199,49.21997],[-123.07197,49.22037],[-123.07474,49.2204],[-123.07477,49.21957],[-123.07616,49.21957]]]}},{"type":"Feature","properties":{"fed":"59037","poll":"8-0","type":"N"},"geometry":{"type":"Polygon","coordinates":[[[-123.06995,49.22521],[-123.0698,49.22899],[-123.06833,49.22898],[-123.06837,49.22765],[-123.06705,49.22763],[-123.06711,49.22518],[-123.06907,49.2252],[-123.06995,49.22521]]]}},{"type":"Feature","properties":{"fed":"59037","poll":"12-0","type":"N"},"geometry":{"type":"Polygon","coordinates":[[[-123.07463,49.22335],[-123.07449,49.22716],[-123.07442,49.229],[-123.07304,49.22897],[-123.07311,49.22715],[-123.07171,49.22713],[-123.07178,49.22522],[-123.07318,49.22526],[-123.07325,49.22334],[-123.07463,49.22335]]]}},{"type":"Feature","properties":{"fed":"59037","poll":"13-0","type":"N"},"geometry":{"type":"Polygon","coordinates":[[[-123.07607,49.22179],[-123.07601,49.22336],[-123.07588,49.22718],[-123.07449,49.22716],[-123.07463,49.22335],[-123.07325,49.22334],[-123.07331,49.22176],[-123.07607,49.22179]]]}},{"type":"Feature","properties":{"fed":"59037","poll":"15-0","type":"N"},"geometry":{"type":"Polygon","coordinates":[[[-123.09092,49.21997],[-123.09091,49.22065],[-123.08302,49.22053],[-123.08305,49.21984],[-123.08777,49.21992],[-123.08779,49.21908],[-123.09094,49.21912],[-123.09092,49.21997]]]}},{"type":"Feature","properties":{"fed":"59037","poll":"1-0","type":"N"},"geometry":{"type":"Polygon","coordinates":[[[-123.09082,49.22452],[-123.09073,49.22545],[-123.08804,49.22543],[-123.08664,49.22541],[-123.08526,49.2254],[-123.08145,49.22536],[-123.08155,49.22345],[-123.0829,49.22347],[-123.08287,49.22443],[-123.09082,49.22452]]]}},{"type":"Feature","properties":{"fed":"59037","poll":"7-0","type":"N"},"geometry":{"type":"Polygon","coordinates":[[[-123.07178,49.22522],[-123.07171,49.22713],[-123.07311,49.22715],[-123.07304,49.22897],[-123.0698,49.22899],[-123.06995,49.22521],[-123.07178,49.22522]]]}},{"type":"Feature","properties":{"fed":"59037","poll":"77-0","type":"N"},"geometry":{"type":"Polygon","coordinates":[[[-123.09128,49.20531],[-123.09115,49.21108],[-123.08825,49.21111],[-123.08325,49.21117],[-123.08317,49.21287],[-123.07991,49.21288],[-123.08018,49.21379],[-123.07712,49.21377],[-123.07713,49.21222],[-123.07795,49.21195],[-123.07991,49.21197],[-123.07993,49.21116],[-123.07726,49.21115],[-123.07741,49.20808],[-123.09128,49.20531]]]}},{"type":"Feature","properties":{"fed":"59037","poll":"11-0","type":"N"},"geometry":{"type":"Polygon","coordinates":[[[-123.08155,49.22345],[-123.08145,49.22536],[-123.08007,49.22534],[-123.0787,49.22531],[-123.07882,49.22182],[-123.08019,49.22184],[-123.08163,49.22186],[-123.08155,49.22345]]]}},{"type":"Feature","properties":{"fed":"59037","poll":"14-0","type":"N"},"geometry":{"type":"Polygon","coordinates":[[[-123.08302,49.22053],[-123.09091,49.22065],[-123.09089,49.22175],[-123.09089,49.222],[-123.08163,49.22186],[-123.08019,49.22184],[-123.08024,49.22049],[-123.08302,49.22053]]]}},{"type":"Feature","properties":{"fed":"59037","poll":"140-0","type":"N","jurisdiction":"South Burnaby — outside City of Vancouver","locality":"Burnaby"},"geometry":{"type":"Polygon","coordinates":[[[-123.00142,49.22195],[-122.99954,49.22196],[-122.99947,49.21846],[-122.99759,49.21846],[-122.99405,49.21846],[-122.99396,49.21647],[-122.99396,49.21578],[-122.99755,49.21575],[-122.99756,49.21664],[-123.00135,49.21664],[-123.00142,49.22195]]]}},{"type":"Feature","properties":{"fed":"59038","poll":"64-0","type":"N"},"geometry":{"type":"Polygon","coordinates":[[[-123.12678,49.25872],[-123.12675,49.25964],[-123.12435,49.2596],[-123.12437,49.25869],[-123.12438,49.25778],[-123.12705,49.25782],[-123.12678,49.25872]]]}},{"type":"Feature","properties":{"fed":"59038","poll":"41-0","type":"N"},"geometry":{"type":"Polygon","coordinates":[[[-123.14123,49.25896],[-123.13874,49.25893],[-123.13876,49.25802],[-123.13632,49.25795],[-123.13881,49.25706],[-123.14131,49.2571],[-123.14123,49.25896]]]}},{"type":"Feature","properties":{"fed":"59038","poll":"17-0","type":"N"},"geometry":{"type":"Polygon","coordinates":[[[-123.14568,49.26631],[-123.14332,49.26627],[-123.14334,49.26542],[-123.14336,49.26459],[-123.14575,49.26464],[-123.14568,49.26631]]]}},{"type":"Feature","properties":{"fed":"59038","poll":"8-0","type":"N"},"geometry":{"type":"Polygon","coordinates":[[[-123.14789,49.27071],[-123.14786,49.27158],[-123.14642,49.27156],[-123.14642,49.27069],[-123.1455,49.27067],[-123.14109,49.27057],[-123.14081,49.26972],[-123.14319,49.26975],[-123.14322,49.26887],[-123.14796,49.26896],[-123.14789,49.27071]]]}},{"type":"Feature","properties":{"fed":"59038","poll":"35-0","type":"N"},"geometry":{"type":"Polygon","coordinates":[[[-123.13856,49.26264],[-123.13616,49.2626],[-123.1361,49.26357],[-123.13374,49.26353],[-123.13381,49.26163],[-123.13859,49.26172],[-123.13856,49.26264]]]}},{"type":"Feature","properties":{"fed":"59038","poll":"30-0","type":"N"},"geometry":{"type":"Polygon","coordinates":[[[-123.11531,49.26796],[-123.11531,49.26908],[-123.11615,49.2692],[-123.11837,49.26877],[-123.11863,49.27062],[-123.11695,49.27135],[-123.11477,49.27192],[-123.11482,49.26806],[-123.11531,49.26796]]]}},{"type":"Feature","properties":{"fed":"59038","poll":"95-0","type":"N"},"geometry":{"type":"Polygon","coordinates":[[[-123.15209,49.23454],[-123.15202,49.2364],[-123.14761,49.23631],[-123.14755,49.23736],[-123.14701,49.23815],[-123.13946,49.23802],[-123.1371,49.23799],[-123.13722,49.23426],[-123.13964,49.23435],[-123.14335,49.2344],[-123.14925,49.23449],[-123.15209,49.23454]]]}},{"type":"Feature","properties":{"fed":"59038","poll":"58-0","type":"N"},"geometry":{"type":"Polygon","coordinates":[[[-123.12902,49.26345],[-123.12663,49.26341],[-123.12669,49.26153],[-123.12908,49.26157],[-123.12902,49.26345]]]}},{"type":"Feature","properties":{"fed":"59038","poll":"80-0","type":"N"},"geometry":{"type":"Polygon","coordinates":[[[-123.10971,49.25676],[-123.1112,49.2568],[-123.11113,49.25774],[-123.10966,49.25768],[-123.10962,49.2594],[-123.107,49.25939],[-123.10507,49.25936],[-123.10512,49.25846],[-123.10515,49.25758],[-123.10519,49.25665],[-123.10971,49.25676]]]}},{"type":"Feature","properties":{"fed":"59038","poll":"79-0","type":"N"},"geometry":{"type":"Polygon","coordinates":[[[-123.10689,49.26211],[-123.10685,49.26305],[-123.1049,49.26302],[-123.10493,49.26208],[-123.10505,49.26025],[-123.10507,49.25936],[-123.107,49.25939],[-123.10689,49.26211]]]}},{"type":"Feature","properties":{"fed":"59038","poll":"508-0","type":"M"},"geometry":{"type":"Polygon","coordinates":[[[-123.1206,49.24224],[-123.1206,49.24206],[-123.12074,49.24215],[-123.1206,49.24224]]]}},{"type":"Feature","properties":{"fed":"59038","poll":"502-0","type":"M"},"geometry":{"type":"Polygon","coordinates":[[[-123.12978,49.26722],[-123.12973,49.2673],[-123.12948,49.26723],[-123.12978,49.26722]]]}},{"type":"Feature","properties":{"fed":"59038","poll":"501-0","type":"M"},"geometry":{"type":"Polygon","coordinates":[[[-123.13376,49.26708],[-123.13401,49.26715],[-123.13371,49.26716],[-123.13376,49.26708]]]}},{"type":"Feature","properties":{"fed":"59038","poll":"506-0","type":"M"},"geometry":{"type":"Polygon","coordinates":[[[-123.12242,49.24715],[-123.1227,49.24706],[-123.1227,49.24715],[-123.12242,49.24715]]]}},{"type":"Feature","properties":{"fed":"59038","poll":"510-0","type":"M"},"geometry":{"type":"Polygon","coordinates":[[[-123.13038,49.2346],[-123.13024,49.23442],[-123.13038,49.23442],[-123.13038,49.2346]]]}},{"type":"Feature","properties":{"fed":"59038","poll":"512-0","type":"M"},"geometry":{"type":"Polygon","coordinates":[[[-123.12857,49.21921],[-123.12843,49.2193],[-123.1283,49.21921],[-123.12857,49.21921]]]}},{"type":"Feature","properties":{"fed":"59038","poll":"500-0","type":"M"},"geometry":{"type":"Polygon","coordinates":[[[-123.1399,49.26537],[-123.13963,49.26528],[-123.1399,49.26528],[-123.1399,49.26537]]]}},{"type":"Feature","properties":{"fed":"59038","poll":"176-0","type":"N"},"geometry":{"type":"Polygon","coordinates":[[[-123.09783,49.21577],[-123.0978,49.21666],[-123.09101,49.21654],[-123.09106,49.21482],[-123.09425,49.21488],[-123.09423,49.21571],[-123.09783,49.21577]]]}},{"type":"Feature","properties":{"fed":"59038","poll":"177-0","type":"N"},"geometry":{"type":"Polygon","coordinates":[[[-123.0933,49.21315],[-123.0943,49.21322],[-123.09425,49.21488],[-123.09106,49.21482],[-123.09109,49.21398],[-123.09115,49.21108],[-123.09331,49.21108],[-123.0933,49.21315]]]}},{"type":"Feature","properties":{"fed":"59038","poll":"169-0","type":"N"},"geometry":{"type":"Polygon","coordinates":[[[-123.09775,49.2184],[-123.09096,49.21828],[-123.09098,49.21741],[-123.09101,49.21654],[-123.0978,49.21666],[-123.09775,49.2184]]]}},{"type":"Feature","properties":{"fed":"59038","poll":"129-0","type":"N"},"geometry":{"type":"Polygon","coordinates":[[[-123.10563,49.23316],[-123.10554,49.23642],[-123.1036,49.23639],[-123.10356,49.2373],[-123.10165,49.23727],[-123.10164,49.23543],[-123.10154,49.23312],[-123.10563,49.23316]]]}},{"type":"Feature","properties":{"fed":"59039","poll":"118-0","type":"N"},"geometry":{"type":"Polygon","coordinates":[[[-123.08804,49.22543],[-123.08798,49.22735],[-123.08936,49.22736],[-123.08931,49.22915],[-123.08792,49.22913],[-123.08781,49.2328],[-123.08693,49.23287],[-123.08259,49.23277],[-123.08267,49.22907],[-123.08382,49.22909],[-123.08385,49.22729],[-123.08521,49.22731],[-123.08516,49.2291],[-123.08655,49.22912],[-123.08664,49.22541],[-123.08804,49.22543]]]}},{"type":"Feature","properties":{"fed":"59039","poll":"109-0","type":"N"},"geometry":{"type":"Polygon","coordinates":[[[-123.06859,49.23838],[-123.06854,49.2401],[-123.06661,49.2401],[-123.06291,49.23979],[-123.06291,49.23894],[-123.06211,49.23894],[-123.06211,49.23808],[-123.06544,49.23814],[-123.06543,49.23835],[-123.06859,49.23838]]]}},{"type":"Feature","properties":{"fed":"59039","poll":"130-0","type":"N"},"geometry":{"type":"Polygon","coordinates":[[[-123.04893,49.24249],[-123.04649,49.24163],[-123.04437,49.24077],[-123.04576,49.23932],[-123.0468,49.23973],[-123.05029,49.24114],[-123.04893,49.24249]]]}},{"type":"Feature","properties":{"fed":"59039","poll":"131-0","type":"N"},"geometry":{"type":"Polygon","coordinates":[[[-123.04649,49.24163],[-123.04466,49.24352],[-123.0436,49.24308],[-123.04068,49.24189],[-123.04249,49.24001],[-123.04437,49.24077],[-123.04649,49.24163]]]}},{"type":"Feature","properties":{"fed":"59039","poll":"105-0","type":"N"},"geometry":{"type":"Polygon","coordinates":[[[-123.07361,49.24163],[-123.07083,49.24159],[-123.06802,49.24156],[-123.06662,49.24155],[-123.06661,49.2401],[-123.06854,49.2401],[-123.07126,49.24014],[-123.07365,49.24019],[-123.07361,49.24163]]]}},{"type":"Feature","properties":{"fed":"59039","poll":"162-0","type":"N"},"geometry":{"type":"Polygon","coordinates":[[[-123.03468,49.23944],[-123.03374,49.23905],[-123.03139,49.23801],[-123.02995,49.23737],[-123.03071,49.23725],[-123.03172,49.23765],[-123.03209,49.23726],[-123.03256,49.23746],[-123.03301,49.23771],[-123.03286,49.23811],[-123.03512,49.23901],[-123.03468,49.23944]]]}},{"type":"Feature","properties":{"fed":"59039","poll":"185-0","type":"N"},"geometry":{"type":"Polygon","coordinates":[[[-123.02486,49.23224],[-123.02483,49.23502],[-123.02347,49.23433],[-123.02349,49.2323],[-123.02486,49.23224]],[[-123.02362,49.23299],[-123.02362,49.2333],[-123.02384,49.2333],[-123.02362,49.23299]],[[-123.02362,49.23373],[-123.02363,49.23402],[-123.02384,49.23401],[-123.02362,49.23373]]]}},{"type":"Feature","properties":{"fed":"59039","poll":"161-0","type":"N"},"geometry":{"type":"Polygon","coordinates":[[[-123.03374,49.23905],[-123.0335,49.23928],[-123.03235,49.23884],[-123.03186,49.2391],[-123.03152,49.23946],[-123.03283,49.23999],[-123.03205,49.24082],[-123.02913,49.23964],[-123.02898,49.23941],[-123.03033,49.23805],[-123.03139,49.23801],[-123.03374,49.23905]]]}},{"type":"Feature","properties":{"fed":"59039","poll":"101-0","type":"N"},"geometry":{"type":"Polygon","coordinates":[[[-123.02855,49.2479],[-123.03108,49.24789],[-123.03108,49.24879],[-123.02855,49.2488],[-123.02538,49.2488],[-123.02539,49.25065],[-123.02353,49.25066],[-123.02355,49.24884],[-123.02356,49.24705],[-123.02855,49.24706],[-123.02855,49.2479]]]}},{"type":"Feature","properties":{"fed":"59039","poll":"40-0","type":"N"},"geometry":{"type":"Polygon","coordinates":[[[-123.10148,49.24051],[-123.10143,49.24229],[-123.09687,49.2422],[-123.09693,49.24353],[-123.0942,49.24354],[-123.09426,49.24266],[-123.09034,49.2426],[-123.09039,49.24031],[-123.09046,49.23704],[-123.09705,49.23718],[-123.09701,49.23806],[-123.09501,49.23801],[-123.09494,49.23959],[-123.09695,49.23962],[-123.09691,49.24043],[-123.10148,49.24051]]]}},{"type":"Feature","properties":{"fed":"59039","poll":"43-0","type":"N"},"geometry":{"type":"Polygon","coordinates":[[[-123.10164,49.23543],[-123.10165,49.23727],[-123.09705,49.23718],[-123.09046,49.23704],[-123.09051,49.2357],[-123.09056,49.23292],[-123.09457,49.23294],[-123.09722,49.23299],[-123.09713,49.23535],[-123.10164,49.23543]]]}},{"type":"Feature","properties":{"fed":"59039","poll":"114-0","type":"N"},"geometry":{"type":"Polygon","coordinates":[[[-123.09399,49.23015],[-123.09397,49.23105],[-123.09464,49.23106],[-123.09457,49.23294],[-123.09056,49.23292],[-123.08693,49.23287],[-123.08781,49.2328],[-123.08792,49.22913],[-123.08931,49.22915],[-123.08936,49.22736],[-123.09072,49.22737],[-123.0906,49.2301],[-123.09399,49.23015]]]}},{"type":"Feature","properties":{"fed":"59039","poll":"71-0","type":"N"},"geometry":{"type":"Polygon","coordinates":[[[-123.08478,49.23562],[-123.0881,49.23568],[-123.08808,49.23653],[-123.08362,49.23649],[-123.08356,49.23824],[-123.08244,49.23823],[-123.08133,49.23821],[-123.0814,49.23645],[-123.08249,49.23645],[-123.08252,49.2356],[-123.08478,49.23562]]]}},{"type":"Feature","properties":{"fed":"59039","poll":"41-0","type":"N"},"geometry":{"type":"Polygon","coordinates":[[[-123.10161,49.23816],[-123.10023,49.23813],[-123.1001,49.23803],[-123.09931,49.23811],[-123.09929,49.23892],[-123.09698,49.23886],[-123.09695,49.23962],[-123.09494,49.23959],[-123.09501,49.23801],[-123.09701,49.23806],[-123.09705,49.23718],[-123.10165,49.23727],[-123.10161,49.23816]]]}},{"type":"Feature","properties":{"fed":"59039","poll":"166-0","type":"N"},"geometry":{"type":"Polygon","coordinates":[[[-123.03361,49.23642],[-123.03256,49.23746],[-123.03209,49.23726],[-123.03066,49.23664],[-123.02978,49.23623],[-123.03047,49.23553],[-123.03061,49.23434],[-123.03425,49.23579],[-123.03361,49.23642]]]}},{"type":"Feature","properties":{"fed":"59039","poll":"103-0","type":"N"},"geometry":{"type":"Polygon","coordinates":[[[-123.07493,49.2402],[-123.07485,49.24304],[-123.07638,49.24306],[-123.07635,49.24369],[-123.07354,49.24365],[-123.07356,49.24303],[-123.07217,49.24301],[-123.07077,49.24299],[-123.07083,49.24159],[-123.07361,49.24163],[-123.07365,49.24019],[-123.07126,49.24014],[-123.0713,49.23932],[-123.07408,49.23936],[-123.07403,49.24019],[-123.07493,49.2402]]]}},{"type":"Feature","properties":{"fed":"59039","poll":"160-0","type":"N"},"geometry":{"type":"Polygon","coordinates":[[[-123.0322,49.24207],[-123.0293,49.24093],[-123.02852,49.24175],[-123.0251,49.24037],[-123.02357,49.24024],[-123.02346,49.23959],[-123.02512,49.23961],[-123.02511,49.23924],[-123.02634,49.2397],[-123.02831,49.24049],[-123.02913,49.23964],[-123.03205,49.24082],[-123.03302,49.24122],[-123.0322,49.24207]]]}},{"type":"Feature","properties":{"fed":"59039","poll":"58-0","type":"N"},"geometry":{"type":"Polygon","coordinates":[[[-123.0558,49.25406],[-123.05619,49.25345],[-123.05661,49.25349],[-123.05663,49.25676],[-123.05665,49.2578],[-123.05477,49.25751],[-123.05297,49.25751],[-123.05301,49.2545],[-123.05217,49.25449],[-123.05218,49.25405],[-123.0558,49.25406]]]}},{"type":"Feature","properties":{"fed":"59039","poll":"113-0","type":"N"},"geometry":{"type":"Polygon","coordinates":[[[-123.09739,49.22931],[-123.09722,49.23299],[-123.09457,49.23294],[-123.09464,49.23106],[-123.09397,49.23105],[-123.09399,49.23015],[-123.094,49.22924],[-123.09739,49.22931]]]}},{"type":"Feature","properties":{"fed":"59039","poll":"135-0","type":"N"},"geometry":{"type":"Polygon","coordinates":[[[-123.06291,49.23894],[-123.06291,49.23979],[-123.06286,49.24068],[-123.0587,49.24066],[-123.05869,49.24086],[-123.05678,49.23979],[-123.05873,49.2398],[-123.05875,49.23892],[-123.06211,49.23894],[-123.06291,49.23894]]]}},{"type":"Feature","properties":{"fed":"59040","poll":"92-0","type":"N"},"geometry":{"type":"Polygon","coordinates":[[[-123.19091,49.24619],[-123.18527,49.24617],[-123.18526,49.24523],[-123.18526,49.24428],[-123.18197,49.24426],[-123.18197,49.24141],[-123.18526,49.24142],[-123.18818,49.24144],[-123.18817,49.2424],[-123.19094,49.24243],[-123.19093,49.24335],[-123.19091,49.24619]]]}},{"type":"Feature","properties":{"fed":"59040","poll":"91-0","type":"N"},"geometry":{"type":"Polygon","coordinates":[[[-123.19679,49.24337],[-123.19677,49.24623],[-123.19676,49.24718],[-123.19364,49.24716],[-123.19364,49.24812],[-123.1909,49.2481],[-123.19091,49.24619],[-123.19093,49.24335],[-123.19679,49.24337]]]}},{"type":"Feature","properties":{"fed":"59040","poll":"133-0","type":"N"},"geometry":{"type":"Polygon","coordinates":[[[-123.15866,49.23092],[-123.15858,49.23276],[-123.16001,49.23279],[-123.15998,49.23369],[-123.15855,49.23366],[-123.15558,49.23359],[-123.15572,49.23087],[-123.15866,49.23092]]]}},{"type":"Feature","properties":{"fed":"59040","poll":"134-0","type":"N"},"geometry":{"type":"Polygon","coordinates":[[[-123.16013,49.22909],[-123.16009,49.23094],[-123.16001,49.23279],[-123.15858,49.23276],[-123.15866,49.23092],[-123.15572,49.23087],[-123.15566,49.22812],[-123.15878,49.22816],[-123.15875,49.22907],[-123.16013,49.22909]]]}},{"type":"Feature","properties":{"fed":"59040","poll":"104-0","type":"N"},"geometry":{"type":"Polygon","coordinates":[[[-123.19685,49.23649],[-123.19841,49.2365],[-123.19834,49.2386],[-123.19684,49.23865],[-123.19679,49.24337],[-123.19093,49.24335],[-123.19094,49.24243],[-123.19369,49.24243],[-123.19369,49.24146],[-123.19371,49.23863],[-123.19096,49.2386],[-123.19096,49.23761],[-123.19372,49.23762],[-123.19373,49.23646],[-123.19685,49.23649]]]}},{"type":"Feature","properties":{"fed":"59040","poll":"117-0","type":"N"},"geometry":{"type":"Polygon","coordinates":[[[-123.19876,49.22409],[-123.19829,49.22521],[-123.19725,49.22685],[-123.19715,49.22834],[-123.19706,49.23058],[-123.19486,49.22981],[-123.19145,49.22801],[-123.19096,49.22654],[-123.19111,49.22556],[-123.19131,49.21945],[-123.20028,49.22139],[-123.19852,49.22396],[-123.19876,49.22409]]]}},{"type":"Feature","properties":{"fed":"59040","poll":"113-0","type":"N"},"geometry":{"type":"Polygon","coordinates":[[[-123.21027,49.2325],[-123.20732,49.23079],[-123.20661,49.23124],[-123.20383,49.23067],[-123.20398,49.23025],[-123.20301,49.22985],[-123.20232,49.23023],[-123.19854,49.22969],[-123.19841,49.22836],[-123.19715,49.22834],[-123.19725,49.22685],[-123.19829,49.22521],[-123.19876,49.22409],[-123.19852,49.22396],[-123.20028,49.22139],[-123.20734,49.22282],[-123.22596,49.22888],[-123.22159,49.237],[-123.22132,49.23733],[-123.21027,49.2325]]]}},{"type":"Feature","properties":{"fed":"59040","poll":"81-0","type":"N"},"geometry":{"type":"Polygon","coordinates":[[[-123.16237,49.26572],[-123.16234,49.26655],[-123.15994,49.26652],[-123.15285,49.26642],[-123.15289,49.26559],[-123.15736,49.26581],[-123.15763,49.26566],[-123.16237,49.26572]]]}},{"type":"Feature","properties":{"fed":"59040","poll":"80-0","type":"N"},"geometry":{"type":"Polygon","coordinates":[[[-123.15994,49.26652],[-123.15992,49.26739],[-123.1552,49.2673],[-123.15283,49.26725],[-123.15285,49.26642],[-123.15994,49.26652]]]}},{"type":"Feature","properties":{"fed":"59040","poll":"36-0","type":"N"},"geometry":{"type":"Polygon","coordinates":[[[-123.15743,49.27087],[-123.1574,49.27173],[-123.15503,49.27169],[-123.15509,49.26994],[-123.15746,49.26998],[-123.15743,49.27087]]]}},{"type":"Feature","properties":{"fed":"59040","poll":"4-0","type":"N","jurisdiction":"UBC / UEL — outside City of Vancouver","locality":"Metro Vancouver A"},"geometry":{"type":"Polygon","coordinates":[[[-123.24996,49.25441],[-123.24821,49.25535],[-123.24915,49.25672],[-123.2467,49.25758],[-123.24814,49.25933],[-123.24162,49.26162],[-123.23794,49.25744],[-123.23661,49.25589],[-123.23671,49.25574],[-123.24542,49.25268],[-123.24685,49.25191],[-123.24996,49.25441]],[[-123.24794,49.25529],[-123.24708,49.25518],[-123.24723,49.25534],[-123.24794,49.25529]]]}},{"type":"Feature","properties":{"fed":"59040","poll":"110-0","type":"N"},"geometry":{"type":"Polygon","coordinates":[[[-123.15802,49.25037],[-123.15441,49.25166],[-123.15462,49.25141],[-123.15432,49.25093],[-123.15435,49.24973],[-123.15312,49.24973],[-123.15318,49.24846],[-123.1547,49.24848],[-123.15477,49.24695],[-123.15624,49.24706],[-123.15715,49.24678],[-123.15865,49.24885],[-123.15811,49.24905],[-123.15843,49.24956],[-123.15761,49.24985],[-123.15802,49.25037]]]}},{"type":"Feature","properties":{"fed":"59040","poll":"111-0","type":"N"},"geometry":{"type":"Polygon","coordinates":[[[-123.1654,49.24707],[-123.16537,49.24816],[-123.16422,49.24819],[-123.16252,49.24863],[-123.16345,49.24933],[-123.16534,49.24912],[-123.16527,49.25098],[-123.16528,49.25186],[-123.16075,49.2518],[-123.15936,49.24984],[-123.15802,49.25037],[-123.15761,49.24985],[-123.15843,49.24956],[-123.15811,49.24905],[-123.15865,49.24885],[-123.15715,49.24678],[-123.15622,49.24697],[-123.15477,49.24695],[-123.15534,49.24671],[-123.15553,49.24341],[-123.15499,49.24305],[-123.1592,49.24317],[-123.1611,49.24444],[-123.16133,49.2451],[-123.16048,49.24522],[-123.16111,49.24599],[-123.16302,49.24602],[-123.164,49.24638],[-123.16448,49.24708],[-123.1654,49.24707]]]}},{"type":"Feature","properties":{"fed":"59040","poll":"140-0","type":"N"},"geometry":{"type":"Polygon","coordinates":[[[-123.15216,49.23179],[-123.15209,49.23355],[-123.14928,49.23346],[-123.14925,49.23449],[-123.14335,49.2344],[-123.14346,49.23068],[-123.14486,49.23071],[-123.14938,49.23078],[-123.14934,49.23174],[-123.15216,49.23179]]]}},{"type":"Feature","properties":{"fed":"59040","poll":"139-0","type":"N"},"geometry":{"type":"Polygon","coordinates":[[[-123.15572,49.23087],[-123.15558,49.23359],[-123.15556,49.23459],[-123.15209,49.23454],[-123.14925,49.23449],[-123.14928,49.23346],[-123.15209,49.23355],[-123.15216,49.23179],[-123.1522,49.23082],[-123.15572,49.23087]]]}},{"type":"Feature","properties":{"fed":"59040","poll":"143-0","type":"N"},"geometry":{"type":"Polygon","coordinates":[[[-123.1522,49.23082],[-123.15216,49.23179],[-123.14934,49.23174],[-123.14938,49.23078],[-123.14486,49.23071],[-123.14493,49.22885],[-123.14789,49.22889],[-123.14801,49.22576],[-123.15236,49.22582],[-123.1522,49.23082]]]}},{"type":"Feature","properties":{"fed":"59040","poll":"141-0","type":"N"},"geometry":{"type":"Polygon","coordinates":[[[-123.15299,49.22456],[-123.15325,49.22451],[-123.15566,49.22812],[-123.15572,49.23087],[-123.1522,49.23082],[-123.15236,49.22582],[-123.15237,49.22466],[-123.15299,49.22456]]]}},{"type":"Feature","properties":{"fed":"59040","poll":"65-0","type":"N"},"geometry":{"type":"Polygon","coordinates":[[[-123.16827,49.26925],[-123.16824,49.27015],[-123.16632,49.27012],[-123.16625,49.27224],[-123.16439,49.27272],[-123.16443,49.27188],[-123.16215,49.27184],[-123.16219,49.27094],[-123.16448,49.27101],[-123.1645,49.27009],[-123.16222,49.27006],[-123.16225,49.26917],[-123.16453,49.2692],[-123.16827,49.26925]]]}},{"type":"Feature","properties":{"fed":"59040","poll":"82-0","type":"N"},"geometry":{"type":"Polygon","coordinates":[[[-123.17022,49.26231],[-123.17017,49.26325],[-123.16824,49.26322],[-123.16805,49.26221],[-123.16472,49.26226],[-123.16471,49.26308],[-123.1625,49.26302],[-123.15769,49.26294],[-123.15773,49.26158],[-123.15775,49.26112],[-123.16016,49.26116],[-123.16027,49.25833],[-123.16265,49.25836],[-123.16258,49.26022],[-123.16831,49.26048],[-123.16828,49.26138],[-123.17027,49.2614],[-123.17022,49.26231]]]}},{"type":"Feature","properties":{"fed":"59037","poll":"134-0","type":"N","jurisdiction":"South Burnaby — outside City of Vancouver","locality":"Burnaby"},"geometry":{"type":"Polygon","coordinates":[[[-123.00498,49.21664],[-123.00503,49.21842],[-123.00313,49.21845],[-123.00316,49.22026],[-123.00504,49.22026],[-123.00502,49.22195],[-123.0028,49.22195],[-123.00142,49.22195],[-123.00135,49.21664],[-123.00498,49.21664]]]}},{"type":"Feature","properties":{"fed":"59037","poll":"111-0","type":"N"},"geometry":{"type":"Polygon","coordinates":[[[-123.04227,49.20804],[-123.04228,49.20816],[-123.04066,49.20821],[-123.03892,49.20783],[-123.03781,49.20828],[-123.03398,49.20844],[-123.03005,49.20801],[-123.02977,49.20754],[-123.03034,49.20727],[-123.03054,49.20688],[-123.03088,49.20684],[-123.03296,49.20701],[-123.03665,49.20691],[-123.03972,49.20796],[-123.04227,49.20804]]]}},{"type":"Feature","properties":{"fed":"59037","poll":"105-0","type":"N"},"geometry":{"type":"Polygon","coordinates":[[[-123.05516,49.2133],[-123.05475,49.21433],[-123.05441,49.21491],[-123.0531,49.21426],[-123.0509,49.21636],[-123.05058,49.21807],[-123.04899,49.21818],[-123.04924,49.21933],[-123.04806,49.21934],[-123.04794,49.21879],[-123.04654,49.21806],[-123.04715,49.21744],[-123.04314,49.21568],[-123.04153,49.2155],[-123.04162,49.21383],[-123.04024,49.21379],[-123.04012,49.21457],[-123.03836,49.21456],[-123.03815,49.21371],[-123.03888,49.21375],[-123.03901,49.21328],[-123.03962,49.21301],[-123.04165,49.21305],[-123.04228,49.20816],[-123.04772,49.20773],[-123.049,49.20765],[-123.05684,49.20715],[-123.0567,49.20798],[-123.0554,49.21006],[-123.05516,49.2133]]]}},{"type":"Feature","properties":{"fed":"59037","poll":"113-0","type":"N"},"geometry":{"type":"Polygon","coordinates":[[[-123.03672,49.20613],[-123.03665,49.20691],[-123.03296,49.20701],[-123.03088,49.20684],[-123.03103,49.2059],[-123.03122,49.20506],[-123.03159,49.20413],[-123.03279,49.20323],[-123.03507,49.20466],[-123.03677,49.20493],[-123.03675,49.20542],[-123.03672,49.20613]]]}},{"type":"Feature","properties":{"fed":"59037","poll":"127-0","type":"N","jurisdiction":"South Burnaby — outside City of Vancouver","locality":"Burnaby"},"geometry":{"type":"Polygon","coordinates":[[[-123.00874,49.2184],[-123.00877,49.22196],[-123.00769,49.22196],[-123.00502,49.22195],[-123.00504,49.22026],[-123.00316,49.22026],[-123.00313,49.21845],[-123.00503,49.21842],[-123.00874,49.2184]]]}},{"type":"Feature","properties":{"fed":"59038","poll":"166-0","type":"N"},"geometry":{"type":"Polygon","coordinates":[[[-123.09767,49.22098],[-123.09759,49.22368],[-123.09417,49.22362],[-123.09421,49.22181],[-123.09089,49.22175],[-123.09091,49.22065],[-123.09092,49.21997],[-123.09424,49.22002],[-123.09422,49.22092],[-123.09767,49.22098]]]}},{"type":"Feature","properties":{"fed":"59038","poll":"131-0","type":"N"},"geometry":{"type":"Polygon","coordinates":[[[-123.1209,49.23378],[-123.12088,49.23556],[-123.11933,49.23551],[-123.11926,49.23735],[-123.11776,49.23729],[-123.11782,49.23546],[-123.11337,49.2353],[-123.11347,49.23349],[-123.11603,49.2336],[-123.1209,49.23378]]]}},{"type":"Feature","properties":{"fed":"59038","poll":"158-0","type":"N"},"geometry":{"type":"Polygon","coordinates":[[[-123.10601,49.22292],[-123.10588,49.22675],[-123.10158,49.22666],[-123.10166,49.22565],[-123.10166,49.22472],[-123.10385,49.22476],[-123.10388,49.22379],[-123.10391,49.22289],[-123.10601,49.22292]]]}},{"type":"Feature","properties":{"fed":"59038","poll":"117-0","type":"N"},"geometry":{"type":"Polygon","coordinates":[[[-123.10538,49.24058],[-123.10522,49.24453],[-123.10133,49.24446],[-123.10143,49.24229],[-123.10148,49.24051],[-123.10538,49.24058]]]}},{"type":"Feature","properties":{"fed":"59038","poll":"36-0","type":"N"},"geometry":{"type":"Polygon","coordinates":[[[-123.15308,49.26101],[-123.14588,49.26095],[-123.14592,49.25995],[-123.1483,49.25998],[-123.14835,49.2591],[-123.15313,49.25915],[-123.15308,49.26101]]]}},{"type":"Feature","properties":{"fed":"59038","poll":"70-0","type":"N"},"geometry":{"type":"Polygon","coordinates":[[[-123.11503,49.25945],[-123.11767,49.2595],[-123.11764,49.26045],[-123.11494,49.2604],[-123.11437,49.2604],[-123.11441,49.25944],[-123.11503,49.25945]]]}},{"type":"Feature","properties":{"fed":"59038","poll":"114-0","type":"N"},"geometry":{"type":"Polygon","coordinates":[[[-123.10732,49.25192],[-123.10487,49.25188],[-123.10492,49.25098],[-123.10292,49.25098],[-123.10292,49.25029],[-123.10292,49.24993],[-123.10498,49.24992],[-123.10501,49.24881],[-123.10321,49.24881],[-123.10328,49.24728],[-123.10509,49.24732],[-123.10507,49.24775],[-123.10752,49.2478],[-123.10732,49.25192]]]}},{"type":"Feature","properties":{"fed":"59038","poll":"172-0","type":"N"},"geometry":{"type":"Polygon","coordinates":[[[-123.10981,49.21687],[-123.11104,49.21688],[-123.111,49.21791],[-123.10614,49.21773],[-123.10194,49.21761],[-123.10197,49.21674],[-123.1062,49.21682],[-123.10639,49.21508],[-123.10986,49.21513],[-123.10981,49.21687]]]}},{"type":"Feature","properties":{"fed":"59038","poll":"155-0","type":"N"},"geometry":{"type":"Polygon","coordinates":[[[-123.10825,49.22954],[-123.10824,49.23046],[-123.10572,49.23037],[-123.10569,49.23099],[-123.10364,49.23095],[-123.10368,49.23171],[-123.10146,49.23171],[-123.10153,49.22939],[-123.10825,49.22954]]]}},{"type":"Feature","properties":{"fed":"59038","poll":"173-0","type":"N"},"geometry":{"type":"Polygon","coordinates":[[[-123.11707,49.21025],[-123.11689,49.21321],[-123.11465,49.21318],[-123.11469,49.21226],[-123.11619,49.2123],[-123.11625,49.21059],[-123.11707,49.21025]]]}},{"type":"Feature","properties":{"fed":"59038","poll":"124-0","type":"N"},"geometry":{"type":"Polygon","coordinates":[[[-123.11776,49.23729],[-123.1178,49.23826],[-123.11953,49.23982],[-123.11836,49.2404],[-123.11686,49.23902],[-123.11544,49.2397],[-123.11458,49.23881],[-123.1145,49.23714],[-123.11776,49.23729]]]}},{"type":"Feature","properties":{"fed":"59038","poll":"122-0","type":"N"},"geometry":{"type":"Polygon","coordinates":[[[-123.1206,49.24224],[-123.12048,49.24527],[-123.11859,49.24525],[-123.11862,49.24477],[-123.1173,49.24464],[-123.11632,49.24412],[-123.11778,49.24323],[-123.11817,49.24266],[-123.11835,49.24109],[-123.12065,49.24117],[-123.1206,49.24206],[-123.1206,49.24224]]]}},{"type":"Feature","properties":{"fed":"59038","poll":"38-0","type":"N"},"geometry":{"type":"Polygon","coordinates":[[[-123.15313,49.25915],[-123.14835,49.2591],[-123.14595,49.25906],[-123.14599,49.25718],[-123.15291,49.2573],[-123.15313,49.25915]]]}},{"type":"Feature","properties":{"fed":"59038","poll":"128-0","type":"N"},"geometry":{"type":"Polygon","coordinates":[[[-123.11078,49.23335],[-123.11067,49.2357],[-123.10936,49.23565],[-123.10927,49.23729],[-123.10794,49.23739],[-123.10798,49.23651],[-123.10554,49.23642],[-123.10563,49.23316],[-123.11078,49.23335]]]}},{"type":"Feature","properties":{"fed":"59038","poll":"157-0","type":"N"},"geometry":{"type":"Polygon","coordinates":[[[-123.10834,49.22862],[-123.10825,49.22954],[-123.10153,49.22939],[-123.10154,49.22758],[-123.10833,49.2277],[-123.10834,49.22862]]]}},{"type":"Feature","properties":{"fed":"59038","poll":"51-0","type":"N"},"geometry":{"type":"Polygon","coordinates":[[[-123.13874,49.25893],[-123.13392,49.25884],[-123.13393,49.25827],[-123.13308,49.25829],[-123.13307,49.25791],[-123.13363,49.25779],[-123.13632,49.25795],[-123.13876,49.25802],[-123.13874,49.25893]]]}},{"type":"Feature","properties":{"fed":"59038","poll":"83-0","type":"N"},"geometry":{"type":"Polygon","coordinates":[[[-123.13881,49.25706],[-123.13632,49.25795],[-123.13363,49.25779],[-123.13182,49.25711],[-123.13032,49.25707],[-123.12723,49.25712],[-123.12735,49.25442],[-123.12929,49.25479],[-123.12871,49.25368],[-123.13088,49.25402],[-123.13266,49.2553],[-123.13384,49.25567],[-123.13422,49.25524],[-123.13519,49.25509],[-123.13497,49.25347],[-123.13697,49.25352],[-123.13895,49.25316],[-123.13881,49.25706]]]}},{"type":"Feature","properties":{"fed":"59038","poll":"121-0","type":"N"},"geometry":{"type":"Polygon","coordinates":[[[-123.11532,49.2461],[-123.11525,49.24796],[-123.11225,49.24788],[-123.11229,49.24699],[-123.11044,49.24682],[-123.10897,49.24603],[-123.11138,49.24483],[-123.11238,49.24511],[-123.11539,49.24517],[-123.11532,49.2461]]]}},{"type":"Feature","properties":{"fed":"59038","poll":"109-0","type":"N"},"geometry":{"type":"Polygon","coordinates":[[[-123.10487,49.25188],[-123.10483,49.25277],[-123.10287,49.25274],[-123.10284,49.25373],[-123.10089,49.25372],[-123.10094,49.25299],[-123.10103,49.25026],[-123.10292,49.25029],[-123.10292,49.25098],[-123.10492,49.25098],[-123.10487,49.25188]]]}},{"type":"Feature","properties":{"fed":"59038","poll":"110-0","type":"N"},"geometry":{"type":"Polygon","coordinates":[[[-123.10501,49.24881],[-123.10498,49.24992],[-123.10292,49.24993],[-123.10292,49.25029],[-123.10103,49.25026],[-123.10107,49.24937],[-123.10117,49.24723],[-123.10328,49.24728],[-123.10321,49.24881],[-123.10501,49.24881]]]}},{"type":"Feature","properties":{"fed":"59038","poll":"48-0","type":"N"},"geometry":{"type":"Polygon","coordinates":[[[-123.13871,49.26081],[-123.13623,49.26076],[-123.13384,49.26072],[-123.1315,49.26069],[-123.13154,49.25972],[-123.13389,49.25975],[-123.13874,49.25982],[-123.13871,49.26081]]]}},{"type":"Feature","properties":{"fed":"59038","poll":"49-0","type":"N"},"geometry":{"type":"Polygon","coordinates":[[[-123.13874,49.25982],[-123.13389,49.25975],[-123.13392,49.25884],[-123.13874,49.25893],[-123.13874,49.25982]]]}},{"type":"Feature","properties":{"fed":"59038","poll":"46-0","type":"N"},"geometry":{"type":"Polygon","coordinates":[[[-123.13621,49.26123],[-123.13865,49.26123],[-123.13859,49.26172],[-123.13381,49.26163],[-123.13384,49.26072],[-123.13623,49.26076],[-123.13621,49.26123]]]}},{"type":"Feature","properties":{"fed":"59038","poll":"161-0","type":"N"},"geometry":{"type":"Polygon","coordinates":[[[-123.10611,49.22115],[-123.10601,49.22292],[-123.10391,49.22289],[-123.10388,49.22379],[-123.09759,49.22368],[-123.09767,49.22098],[-123.09971,49.22102],[-123.09968,49.22191],[-123.10177,49.22195],[-123.1018,49.22106],[-123.10611,49.22115]]]}},{"type":"Feature","properties":{"fed":"59038","poll":"162-0","type":"N"},"geometry":{"type":"Polygon","coordinates":[[[-123.09759,49.22368],[-123.09753,49.22559],[-123.09073,49.22545],[-123.09082,49.22452],[-123.09416,49.22458],[-123.09417,49.22362],[-123.09759,49.22368]]]}},{"type":"Feature","properties":{"fed":"59038","poll":"160-0","type":"N"},"geometry":{"type":"Polygon","coordinates":[[[-123.10388,49.22379],[-123.10385,49.22476],[-123.10166,49.22472],[-123.10166,49.22565],[-123.09956,49.22563],[-123.09753,49.22559],[-123.09759,49.22368],[-123.10388,49.22379]]]}},{"type":"Feature","properties":{"fed":"59038","poll":"107-0","type":"N"},"geometry":{"type":"Polygon","coordinates":[[[-123.1099,49.25285],[-123.10729,49.2528],[-123.10725,49.25381],[-123.10721,49.25471],[-123.10717,49.2557],[-123.105,49.25571],[-123.10483,49.25277],[-123.10487,49.25188],[-123.10732,49.25192],[-123.10989,49.25197],[-123.1099,49.25285]]]}},{"type":"Feature","properties":{"fed":"59038","poll":"108-0","type":"N"},"geometry":{"type":"Polygon","coordinates":[[[-123.105,49.25571],[-123.10128,49.25569],[-123.10089,49.25372],[-123.10284,49.25373],[-123.10287,49.25274],[-123.10483,49.25277],[-123.105,49.25571]]]}},{"type":"Feature","properties":{"fed":"59038","poll":"112-0","type":"N"},"geometry":{"type":"Polygon","coordinates":[[[-123.11529,49.2521],[-123.11273,49.25202],[-123.11269,49.2529],[-123.1099,49.25285],[-123.10989,49.25197],[-123.10998,49.25002],[-123.11282,49.25008],[-123.11277,49.25112],[-123.11534,49.25122],[-123.11529,49.2521]]]}},{"type":"Feature","properties":{"fed":"59038","poll":"111-0","type":"N"},"geometry":{"type":"Polygon","coordinates":[[[-123.11523,49.25399],[-123.10725,49.25381],[-123.10729,49.2528],[-123.1099,49.25285],[-123.11269,49.2529],[-123.11273,49.25202],[-123.11529,49.2521],[-123.11523,49.25399]]]}},{"type":"Feature","properties":{"fed":"59038","poll":"156-0","type":"N"},"geometry":{"type":"Polygon","coordinates":[[[-123.1165,49.22383],[-123.11645,49.22519],[-123.11635,49.22701],[-123.11299,49.22688],[-123.11302,49.22486],[-123.11376,49.22414],[-123.1165,49.22383]]]}},{"type":"Feature","properties":{"fed":"59038","poll":"150-0","type":"N"},"geometry":{"type":"Polygon","coordinates":[[[-123.11692,49.21907],[-123.11719,49.21907],[-123.12042,49.2191],[-123.11861,49.22011],[-123.11839,49.22146],[-123.11886,49.22178],[-123.11658,49.22172],[-123.11668,49.21906],[-123.11692,49.21907]]]}},{"type":"Feature","properties":{"fed":"59038","poll":"148-0","type":"N"},"geometry":{"type":"Polygon","coordinates":[[[-123.11886,49.22178],[-123.12061,49.22176],[-123.12097,49.22356],[-123.12091,49.22538],[-123.11645,49.22519],[-123.1165,49.22383],[-123.11658,49.22172],[-123.11886,49.22178]]]}},{"type":"Feature","properties":{"fed":"59038","poll":"149-0","type":"N"},"geometry":{"type":"Polygon","coordinates":[[[-123.12042,49.2191],[-123.1207,49.21911],[-123.12227,49.21913],[-123.12253,49.22147],[-123.12061,49.22176],[-123.11886,49.22178],[-123.11839,49.22146],[-123.11861,49.22011],[-123.12042,49.2191]]]}},{"type":"Feature","properties":{"fed":"59039","poll":"180-0","type":"N"},"geometry":{"type":"Polygon","coordinates":[[[-123.027,49.23502],[-123.02701,49.2355],[-123.02804,49.23606],[-123.02815,49.23654],[-123.02621,49.23565],[-123.02594,49.23413],[-123.02816,49.23414],[-123.02816,49.23475],[-123.02791,49.2354],[-123.027,49.23502]]]}},{"type":"Feature","properties":{"fed":"59039","poll":"137-0","type":"N"},"geometry":{"type":"Polygon","coordinates":[[[-123.06211,49.23808],[-123.06211,49.23894],[-123.05875,49.23892],[-123.05873,49.2398],[-123.05678,49.23979],[-123.05442,49.2398],[-123.05456,49.23889],[-123.05655,49.23891],[-123.05769,49.23891],[-123.05771,49.23741],[-123.05875,49.2374],[-123.05877,49.23801],[-123.06211,49.23808]]]}},{"type":"Feature","properties":{"fed":"59039","poll":"158-0","type":"N"},"geometry":{"type":"Polygon","coordinates":[[[-123.03283,49.23999],[-123.03152,49.23946],[-123.03186,49.2391],[-123.03235,49.23884],[-123.0335,49.23928],[-123.03324,49.23955],[-123.03283,49.23999]]]}},{"type":"Feature","properties":{"fed":"59039","poll":"69-0","type":"N"},"geometry":{"type":"Polygon","coordinates":[[[-123.08808,49.23653],[-123.08801,49.2383],[-123.08579,49.23827],[-123.08356,49.23824],[-123.08362,49.23649],[-123.08808,49.23653]]]}},{"type":"Feature","properties":{"fed":"59039","poll":"169-0","type":"N"},"geometry":{"type":"Polygon","coordinates":[[[-123.03425,49.23579],[-123.03061,49.23434],[-123.03045,49.23286],[-123.03127,49.23202],[-123.03251,49.23241],[-123.03163,49.23331],[-123.03524,49.23481],[-123.03425,49.23579]]]}},{"type":"Feature","properties":{"fed":"59039","poll":"61-0","type":"N"},"geometry":{"type":"Polygon","coordinates":[[[-123.05575,49.25321],[-123.05619,49.25345],[-123.0558,49.25406],[-123.05218,49.25405],[-123.04956,49.25403],[-123.04962,49.25155],[-123.04963,49.25069],[-123.05225,49.2507],[-123.05219,49.25322],[-123.05575,49.25321]]]}},{"type":"Feature","properties":{"fed":"59039","poll":"117-0","type":"N"},"geometry":{"type":"Polygon","coordinates":[[[-123.09743,49.22841],[-123.09739,49.22931],[-123.094,49.22924],[-123.09399,49.23015],[-123.0906,49.2301],[-123.09072,49.22737],[-123.09404,49.22743],[-123.09402,49.22834],[-123.09743,49.22841]]]}},{"type":"Feature","properties":{"fed":"59039","poll":"500-0","type":"M"},"geometry":{"type":"Polygon","coordinates":[[[-123.06694,49.25359],[-123.06701,49.25349],[-123.06708,49.25361],[-123.0669,49.25366],[-123.06694,49.25359]]]}},{"type":"Feature","properties":{"fed":"59039","poll":"17-0","type":"N"},"geometry":{"type":"Polygon","coordinates":[[[-123.07785,49.25625],[-123.0759,49.25623],[-123.07601,49.25261],[-123.07595,49.25043],[-123.07596,49.25007],[-123.07803,49.25117],[-123.07785,49.25625]]]}},{"type":"Feature","properties":{"fed":"59039","poll":"34-0","type":"N"},"geometry":{"type":"Polygon","coordinates":[[[-123.05945,49.2496],[-123.05795,49.25188],[-123.0573,49.25169],[-123.05661,49.25288],[-123.05664,49.24971],[-123.05461,49.24972],[-123.05462,49.24882],[-123.05608,49.24882],[-123.05667,49.2481],[-123.05667,49.24711],[-123.05667,49.2467],[-123.05806,49.24671],[-123.05803,49.24811],[-123.05801,49.24885],[-123.06049,49.24888],[-123.06045,49.25001],[-123.05945,49.2496]]]}},{"type":"Feature","properties":{"fed":"59039","poll":"37-0","type":"N"},"geometry":{"type":"Polygon","coordinates":[[[-123.10133,49.24446],[-123.10128,49.24573],[-123.0999,49.2457],[-123.09996,49.24445],[-123.09745,49.2444],[-123.09691,49.24437],[-123.09693,49.24353],[-123.09687,49.2422],[-123.10143,49.24229],[-123.10133,49.24446]]]}},{"type":"Feature","properties":{"fed":"59039","poll":"36-0","type":"N"},"geometry":{"type":"Polygon","coordinates":[[[-123.09745,49.2444],[-123.09738,49.24565],[-123.09922,49.2457],[-123.09909,49.24875],[-123.09873,49.24875],[-123.09871,49.24933],[-123.09676,49.24931],[-123.09679,49.24872],[-123.09689,49.24565],[-123.0969,49.24478],[-123.0942,49.24475],[-123.09418,49.24459],[-123.09419,49.24428],[-123.09691,49.24437],[-123.09745,49.2444]]]}},{"type":"Feature","properties":{"fed":"59039","poll":"19-0","type":"N"},"geometry":{"type":"Polygon","coordinates":[[[-123.09213,49.24924],[-123.08779,49.24917],[-123.08775,49.24862],[-123.08586,49.2486],[-123.08585,49.24914],[-123.08389,49.24911],[-123.08391,49.24858],[-123.08394,49.24751],[-123.09018,49.24762],[-123.09017,49.24867],[-123.09216,49.24867],[-123.09213,49.24924]]]}},{"type":"Feature","properties":{"fed":"59039","poll":"21-0","type":"N"},"geometry":{"type":"Polygon","coordinates":[[[-123.09689,49.24565],[-123.09416,49.24563],[-123.09413,49.24665],[-123.09021,49.24662],[-123.09029,49.24475],[-123.09029,49.24457],[-123.09418,49.24459],[-123.0942,49.24475],[-123.0969,49.24478],[-123.09689,49.24565]]]}},{"type":"Feature","properties":{"fed":"59039","poll":"26-0","type":"N"},"geometry":{"type":"Polygon","coordinates":[[[-123.06935,49.2543],[-123.06801,49.25425],[-123.06815,49.25032],[-123.06946,49.25034],[-123.06935,49.2543]]]}},{"type":"Feature","properties":{"fed":"59039","poll":"39-0","type":"N"},"geometry":{"type":"Polygon","coordinates":[[[-123.10161,49.23816],[-123.10148,49.24051],[-123.09691,49.24043],[-123.09695,49.23962],[-123.09698,49.23886],[-123.09929,49.23892],[-123.09931,49.23811],[-123.10023,49.23813],[-123.10161,49.23816]]]}},{"type":"Feature","properties":{"fed":"59039","poll":"35-0","type":"N"},"geometry":{"type":"Polygon","coordinates":[[[-123.10117,49.24723],[-123.10107,49.24937],[-123.09871,49.24933],[-123.09873,49.24875],[-123.09909,49.24875],[-123.09922,49.2457],[-123.09738,49.24565],[-123.09745,49.2444],[-123.09996,49.24445],[-123.0999,49.2457],[-123.10128,49.24573],[-123.10117,49.24723]]]}},{"type":"Feature","properties":{"fed":"59039","poll":"24-0","type":"N"},"geometry":{"type":"Polygon","coordinates":[[[-123.06801,49.25425],[-123.06909,49.25514],[-123.06984,49.25637],[-123.06791,49.25629],[-123.06607,49.25622],[-123.06602,49.25682],[-123.05663,49.25676],[-123.05661,49.25349],[-123.05831,49.25349],[-123.0583,49.25509],[-123.06032,49.25505],[-123.06071,49.25265],[-123.06465,49.25374],[-123.0649,49.25381],[-123.06648,49.25427],[-123.0669,49.25366],[-123.06708,49.25361],[-123.06701,49.25349],[-123.06801,49.25425]]]}},{"type":"Feature","properties":{"fed":"59039","poll":"28-0","type":"N"},"geometry":{"type":"Polygon","coordinates":[[[-123.06782,49.25031],[-123.06815,49.25032],[-123.06801,49.25425],[-123.06701,49.25349],[-123.06736,49.2529],[-123.06643,49.25233],[-123.06671,49.25193],[-123.06506,49.25142],[-123.06505,49.25027],[-123.06782,49.25031]]]}},{"type":"Feature","properties":{"fed":"59039","poll":"20-0","type":"N"},"geometry":{"type":"Polygon","coordinates":[[[-123.08005,49.24856],[-123.07997,49.25087],[-123.08189,49.2509],[-123.08182,49.25269],[-123.08181,49.25295],[-123.07803,49.25117],[-123.07596,49.25007],[-123.07599,49.24852],[-123.07619,49.24852],[-123.08005,49.24856]]]}},{"type":"Feature","properties":{"fed":"59039","poll":"13-0","type":"N"},"geometry":{"type":"Polygon","coordinates":[[[-123.08362,49.25634],[-123.07981,49.25628],[-123.07989,49.25356],[-123.0818,49.25359],[-123.08181,49.25295],[-123.08182,49.25269],[-123.08376,49.25271],[-123.08374,49.25363],[-123.08362,49.25634]]]}},{"type":"Feature","properties":{"fed":"59040","poll":"85-0","type":"N"},"geometry":{"type":"Polygon","coordinates":[[[-123.16831,49.26048],[-123.16258,49.26022],[-123.16265,49.25836],[-123.16027,49.25833],[-123.1603,49.25743],[-123.16494,49.25765],[-123.16838,49.25775],[-123.16831,49.26048]]]}},{"type":"Feature","properties":{"fed":"59040","poll":"87-0","type":"N"},"geometry":{"type":"Polygon","coordinates":[[[-123.16016,49.26116],[-123.15775,49.26112],[-123.15544,49.26104],[-123.15552,49.25825],[-123.16027,49.25833],[-123.16016,49.26116]]]}},{"type":"Feature","properties":{"fed":"59040","poll":"89-0","type":"N"},"geometry":{"type":"Polygon","coordinates":[[[-123.20462,49.24913],[-123.20403,49.24944],[-123.20057,49.25005],[-123.19678,49.25025],[-123.19669,49.25291],[-123.19361,49.2529],[-123.19363,49.25201],[-123.18807,49.25196],[-123.18809,49.25016],[-123.19363,49.25018],[-123.19364,49.24812],[-123.19364,49.24716],[-123.19676,49.24718],[-123.19677,49.24623],[-123.19893,49.24631],[-123.20462,49.24913]]]}},{"type":"Feature","properties":{"fed":"59040","poll":"44-0","type":"N"},"geometry":{"type":"Polygon","coordinates":[[[-123.1908,49.25794],[-123.19109,49.25812],[-123.18802,49.25804],[-123.18513,49.25801],[-123.18515,49.25557],[-123.18804,49.25557],[-123.19082,49.25559],[-123.1908,49.25794]]]}},{"type":"Feature","properties":{"fed":"59038","poll":"135-0","type":"N"},"geometry":{"type":"Polygon","coordinates":[[[-123.11813,49.22614],[-123.12182,49.2263],[-123.12177,49.22726],[-123.12171,49.22908],[-123.12168,49.23],[-123.11799,49.22988],[-123.11813,49.22614]]]}},{"type":"Feature","properties":{"fed":"59038","poll":"91-0","type":"N"},"geometry":{"type":"Polygon","coordinates":[[[-123.15239,49.24477],[-123.15334,49.24519],[-123.15318,49.24846],[-123.15312,49.24973],[-123.15305,49.25142],[-123.14883,49.24959],[-123.15005,49.24831],[-123.15021,49.24795],[-123.14992,49.24759],[-123.14474,49.24751],[-123.14394,49.24536],[-123.14413,49.24432],[-123.14327,49.24391],[-123.14378,49.24334],[-123.14693,49.24361],[-123.14681,49.24202],[-123.14705,49.24202],[-123.14945,49.24206],[-123.15103,49.24386],[-123.15239,49.24477]]]}},{"type":"Feature","properties":{"fed":"59038","poll":"77-0","type":"N"},"geometry":{"type":"Polygon","coordinates":[[[-123.11469,49.26577],[-123.11475,49.26539],[-123.1148,49.26673],[-123.11152,49.26827],[-123.10944,49.26924],[-123.10659,49.26928],[-123.10467,49.26929],[-123.1048,49.26557],[-123.10487,49.26377],[-123.1049,49.26302],[-123.10685,49.26305],[-123.10689,49.26211],[-123.10951,49.26216],[-123.10948,49.26565],[-123.11469,49.26577]]]}},{"type":"Feature","properties":{"fed":"59038","poll":"59-0","type":"N"},"geometry":{"type":"Polygon","coordinates":[[[-123.12177,49.26593],[-123.1198,49.26596],[-123.11983,49.26507],[-123.11984,49.26422],[-123.12025,49.26423],[-123.12026,49.26385],[-123.12101,49.26386],[-123.121,49.26331],[-123.12183,49.26332],[-123.12177,49.26593]]]}},{"type":"Feature","properties":{"fed":"59038","poll":"74-0","type":"N"},"geometry":{"type":"Polygon","coordinates":[[[-123.12211,49.25524],[-123.12208,49.25616],[-123.12016,49.25611],[-123.12014,49.25699],[-123.11814,49.25695],[-123.11817,49.25608],[-123.11821,49.25517],[-123.12211,49.25524]]]}},{"type":"Feature","properties":{"fed":"59038","poll":"99-0","type":"N"},"geometry":{"type":"Polygon","coordinates":[[[-123.12216,49.25433],[-123.12211,49.25524],[-123.11821,49.25517],[-123.11817,49.25608],[-123.11513,49.25587],[-123.11523,49.25399],[-123.11623,49.25423],[-123.11824,49.25426],[-123.11827,49.25337],[-123.1222,49.25344],[-123.12216,49.25433]]]}},{"type":"Feature","properties":{"fed":"59038","poll":"183-0","type":"N"},"geometry":{"type":"Polygon","coordinates":[[[-123.10243,49.20724],[-123.10224,49.21116],[-123.10207,49.21414],[-123.10207,49.21436],[-123.09787,49.21429],[-123.0979,49.21344],[-123.10024,49.2136],[-123.1003,49.21174],[-123.09797,49.21167],[-123.09798,49.21094],[-123.09836,49.2109],[-123.09855,49.20757],[-123.10243,49.20724]]]}},{"type":"Feature","properties":{"fed":"59038","poll":"182-0","type":"N"},"geometry":{"type":"Polygon","coordinates":[[[-123.09796,49.21226],[-123.0979,49.21344],[-123.09787,49.21429],[-123.09783,49.21577],[-123.09423,49.21571],[-123.09425,49.21488],[-123.0943,49.21322],[-123.09536,49.21328],[-123.09536,49.21223],[-123.09796,49.21226]]]}},{"type":"Feature","properties":{"fed":"59038","poll":"93-0","type":"N"},"geometry":{"type":"Polygon","coordinates":[[[-123.15356,49.24179],[-123.1535,49.24212],[-123.15334,49.24519],[-123.15239,49.24477],[-123.15041,49.24265],[-123.14945,49.24206],[-123.14705,49.24202],[-123.1473,49.24127],[-123.14782,49.24081],[-123.14949,49.24037],[-123.15265,49.24082],[-123.15398,49.24061],[-123.15501,49.23981],[-123.15519,49.23829],[-123.15546,49.2383],[-123.15529,49.24041],[-123.15356,49.24179]]]}},{"type":"Feature","properties":{"fed":"59038","poll":"143-0","type":"N"},"geometry":{"type":"Polygon","coordinates":[[[-123.1352,49.22401],[-123.13515,49.22579],[-123.12836,49.22569],[-123.12825,49.22931],[-123.12682,49.22926],[-123.12686,49.22836],[-123.1232,49.2282],[-123.12313,49.22731],[-123.12684,49.22744],[-123.12685,49.2239],[-123.12846,49.22392],[-123.1352,49.22401]]]}},{"type":"Feature","properties":{"fed":"59038","poll":"165-0","type":"N"},"geometry":{"type":"Polygon","coordinates":[[[-123.10187,49.21931],[-123.1018,49.22106],[-123.10177,49.22195],[-123.09968,49.22191],[-123.09971,49.22102],[-123.09767,49.22098],[-123.09772,49.21922],[-123.10187,49.21931]]]}},{"type":"Feature","properties":{"fed":"59038","poll":"119-0","type":"N"},"geometry":{"type":"Polygon","coordinates":[[[-123.13933,49.24189],[-123.13461,49.2417],[-123.13233,49.24162],[-123.13313,49.24319],[-123.13102,49.2426],[-123.12781,49.24239],[-123.12797,49.23765],[-123.13471,49.23788],[-123.1371,49.23799],[-123.13946,49.23802],[-123.13933,49.24189]]]}},{"type":"Feature","properties":{"fed":"59038","poll":"140-0","type":"N"},"geometry":{"type":"Polygon","coordinates":[[[-123.13505,49.22863],[-123.13498,49.23046],[-123.13491,49.23231],[-123.12674,49.23204],[-123.12682,49.22926],[-123.12825,49.22931],[-123.13202,49.22943],[-123.13205,49.22852],[-123.13505,49.22863]]]}},{"type":"Feature","properties":{"fed":"59038","poll":"145-0","type":"N"},"geometry":{"type":"Polygon","coordinates":[[[-123.12685,49.2239],[-123.12684,49.22744],[-123.12313,49.22731],[-123.12177,49.22726],[-123.12182,49.2263],[-123.1236,49.22638],[-123.12362,49.22546],[-123.12091,49.22538],[-123.12097,49.22356],[-123.1237,49.22326],[-123.12367,49.22386],[-123.12685,49.2239]]]}},{"type":"Feature","properties":{"fed":"59038","poll":"98-0","type":"N"},"geometry":{"type":"Polygon","coordinates":[[[-123.12735,49.25442],[-123.12454,49.25437],[-123.12216,49.25433],[-123.1222,49.25344],[-123.11827,49.25337],[-123.1183,49.25246],[-123.12026,49.2525],[-123.1203,49.25159],[-123.12223,49.25163],[-123.12464,49.25167],[-123.12461,49.25258],[-123.12743,49.25262],[-123.12735,49.25442]]]}},{"type":"Feature","properties":{"fed":"59038","poll":"134-0","type":"N"},"geometry":{"type":"Polygon","coordinates":[[[-123.12682,49.22926],[-123.12674,49.23204],[-123.1253,49.232],[-123.12523,49.23287],[-123.12392,49.23289],[-123.12324,49.23262],[-123.12253,49.22964],[-123.12171,49.22908],[-123.12177,49.22726],[-123.12313,49.22731],[-123.1232,49.2282],[-123.12686,49.22836],[-123.12682,49.22926]]]}},{"type":"Feature","properties":{"fed":"59038","poll":"152-0","type":"N"},"geometry":{"type":"Polygon","coordinates":[[[-123.11082,49.23236],[-123.11078,49.23335],[-123.10563,49.23316],[-123.10154,49.23312],[-123.10146,49.23171],[-123.10368,49.23171],[-123.10364,49.23095],[-123.10569,49.23099],[-123.10568,49.23129],[-123.1082,49.23136],[-123.10818,49.23228],[-123.11082,49.23236]]]}},{"type":"Feature","properties":{"fed":"59038","poll":"174-0","type":"N"},"geometry":{"type":"Polygon","coordinates":[[[-123.11625,49.21059],[-123.11619,49.2123],[-123.11469,49.21226],[-123.11465,49.21318],[-123.11376,49.21316],[-123.11279,49.21257],[-123.11283,49.21148],[-123.11452,49.21119],[-123.11625,49.21059]]]}},{"type":"Feature","properties":{"fed":"59038","poll":"20-0","type":"N"},"geometry":{"type":"Polygon","coordinates":[[[-123.14343,49.26367],[-123.14336,49.26459],[-123.14334,49.26542],[-123.14091,49.26539],[-123.14104,49.26362],[-123.14108,49.26268],[-123.14348,49.26272],[-123.14343,49.26367]]]}},{"type":"Feature","properties":{"fed":"59038","poll":"11-0","type":"N"},"geometry":{"type":"Polygon","coordinates":[[[-123.1414,49.27085],[-123.14021,49.2714],[-123.14013,49.27107],[-123.13943,49.27123],[-123.13913,49.27094],[-123.13783,49.2706],[-123.13721,49.26997],[-123.13782,49.26943],[-123.14081,49.26972],[-123.14109,49.27057],[-123.1414,49.27085]]]}},{"type":"Feature","properties":{"fed":"59038","poll":"12-0","type":"N"},"geometry":{"type":"Polygon","coordinates":[[[-123.13847,49.26795],[-123.13782,49.26943],[-123.13721,49.26997],[-123.13606,49.27076],[-123.1366,49.27046],[-123.13698,49.27145],[-123.13679,49.27286],[-123.13641,49.27306],[-123.13465,49.27164],[-123.13319,49.27261],[-123.12954,49.27014],[-123.13065,49.26968],[-123.13069,49.26839],[-123.13394,49.26885],[-123.13402,49.26849],[-123.13335,49.26843],[-123.13278,49.26794],[-123.13288,49.26777],[-123.13347,49.26819],[-123.13524,49.2686],[-123.13598,49.26951],[-123.13663,49.26907],[-123.13743,49.2689],[-123.13615,49.26782],[-123.13401,49.26715],[-123.13376,49.26708],[-123.13344,49.26699],[-123.13363,49.26619],[-123.13435,49.26629],[-123.13712,49.26786],[-123.13847,49.26795]]]}},{"type":"Feature","properties":{"fed":"59038","poll":"10-0","type":"N"},"geometry":{"type":"Polygon","coordinates":[[[-123.14636,49.27254],[-123.1372,49.27543],[-123.1355,49.27414],[-123.13319,49.27261],[-123.13465,49.27164],[-123.13641,49.27306],[-123.13679,49.27286],[-123.13698,49.27145],[-123.1366,49.27046],[-123.13606,49.27076],[-123.13721,49.26997],[-123.13783,49.2706],[-123.13913,49.27094],[-123.13943,49.27123],[-123.14013,49.27107],[-123.14021,49.2714],[-123.1414,49.27085],[-123.14109,49.27057],[-123.1455,49.27067],[-123.14557,49.2724],[-123.14636,49.27254]]]}},{"type":"Feature","properties":{"fed":"59038","poll":"102-0","type":"N"},"geometry":{"type":"Polygon","coordinates":[[[-123.13673,49.24927],[-123.13665,49.2508],[-123.13435,49.25076],[-123.12856,49.25067],[-123.12751,49.25083],[-123.12758,49.24816],[-123.12767,49.24541],[-123.12998,49.24541],[-123.12987,49.2482],[-123.13205,49.24823],[-123.13202,49.24918],[-123.13673,49.24927]]]}},{"type":"Feature","properties":{"fed":"59038","poll":"103-0","type":"N"},"geometry":{"type":"Polygon","coordinates":[[[-123.13912,49.24932],[-123.13673,49.24927],[-123.13202,49.24918],[-123.13205,49.24823],[-123.12987,49.2482],[-123.12998,49.24541],[-123.13242,49.24532],[-123.1342,49.24566],[-123.1345,49.24578],[-123.1345,49.24662],[-123.13585,49.24727],[-123.13661,49.24736],[-123.13683,49.24649],[-123.13919,49.24649],[-123.13912,49.24932]]]}},{"type":"Feature","properties":{"fed":"59038","poll":"105-0","type":"N"},"geometry":{"type":"Polygon","coordinates":[[[-123.13922,49.24369],[-123.13919,49.24649],[-123.13683,49.24649],[-123.13661,49.24736],[-123.13585,49.24727],[-123.1345,49.24662],[-123.1345,49.24578],[-123.1342,49.24566],[-123.13242,49.24532],[-123.12998,49.24541],[-123.12767,49.24541],[-123.12767,49.2445],[-123.12768,49.24417],[-123.1277,49.24358],[-123.12781,49.24239],[-123.13102,49.2426],[-123.13313,49.24319],[-123.13233,49.24162],[-123.13461,49.2417],[-123.13459,49.24242],[-123.1357,49.24388],[-123.13752,49.24416],[-123.13922,49.24369]]]}},{"type":"Feature","properties":{"fed":"59038","poll":"89-0","type":"N"},"geometry":{"type":"Polygon","coordinates":[[[-123.15305,49.25163],[-123.15303,49.2535],[-123.153,49.2553],[-123.15291,49.2573],[-123.14599,49.25718],[-123.14361,49.25715],[-123.1437,49.25603],[-123.14404,49.25561],[-123.14237,49.25571],[-123.14355,49.25509],[-123.14357,49.25431],[-123.14475,49.25368],[-123.14853,49.25292],[-123.14846,49.25426],[-123.15087,49.25337],[-123.15112,49.25231],[-123.15087,49.2519],[-123.1514,49.25099],[-123.15305,49.25163]]]}},{"type":"Feature","properties":{"fed":"59038","poll":"127-0","type":"N"},"geometry":{"type":"Polygon","coordinates":[[[-123.10794,49.23739],[-123.10551,49.23734],[-123.10538,49.24058],[-123.10148,49.24051],[-123.10161,49.23816],[-123.10165,49.23727],[-123.10356,49.2373],[-123.1036,49.23639],[-123.10554,49.23642],[-123.10798,49.23651],[-123.10794,49.23739]]]}},{"type":"Feature","properties":{"fed":"59038","poll":"154-0","type":"N"},"geometry":{"type":"Polygon","coordinates":[[[-123.11635,49.22701],[-123.11627,49.22881],[-123.10834,49.22862],[-123.10833,49.2277],[-123.10837,49.22681],[-123.11299,49.22688],[-123.11635,49.22701]]]}},{"type":"Feature","properties":{"fed":"59038","poll":"13-0","type":"N"},"geometry":{"type":"Polygon","coordinates":[[[-123.15289,49.26559],[-123.15285,49.26642],[-123.15283,49.26725],[-123.15279,49.26812],[-123.1504,49.26809],[-123.15045,49.26638],[-123.15051,49.26471],[-123.1529,49.26477],[-123.15289,49.26559]]]}},{"type":"Feature","properties":{"fed":"59038","poll":"15-0","type":"N"},"geometry":{"type":"Polygon","coordinates":[[[-123.15045,49.26638],[-123.14806,49.26635],[-123.14811,49.26468],[-123.15051,49.26471],[-123.15045,49.26638]]]}},{"type":"Feature","properties":{"fed":"59038","poll":"138-0","type":"N"},"geometry":{"type":"Polygon","coordinates":[[[-123.13968,49.23064],[-123.13964,49.23435],[-123.13722,49.23426],[-123.1371,49.23799],[-123.13471,49.23788],[-123.13484,49.23418],[-123.13491,49.23231],[-123.13498,49.23046],[-123.13968,49.23064]]]}},{"type":"Feature","properties":{"fed":"59038","poll":"101-0","type":"N"},"geometry":{"type":"Polygon","coordinates":[[[-123.14151,49.24937],[-123.14138,49.25179],[-123.14365,49.25364],[-123.14475,49.25368],[-123.14357,49.25431],[-123.14355,49.25509],[-123.14237,49.25571],[-123.14404,49.25561],[-123.1437,49.25603],[-123.14361,49.25715],[-123.14131,49.2571],[-123.13881,49.25706],[-123.13895,49.25316],[-123.13697,49.25352],[-123.13497,49.25347],[-123.13435,49.25076],[-123.13665,49.2508],[-123.13673,49.24927],[-123.13912,49.24932],[-123.14151,49.24937]]]}},{"type":"Feature","properties":{"fed":"59038","poll":"106-0","type":"N"},"geometry":{"type":"Polygon","coordinates":[[[-123.14701,49.23815],[-123.14693,49.24079],[-123.14782,49.24081],[-123.1473,49.24127],[-123.14705,49.24202],[-123.14681,49.24202],[-123.14693,49.24361],[-123.14378,49.24334],[-123.14414,49.24197],[-123.13933,49.24189],[-123.13946,49.23802],[-123.14701,49.23815]]]}},{"type":"Feature","properties":{"fed":"59038","poll":"104-0","type":"N"},"geometry":{"type":"Polygon","coordinates":[[[-123.14414,49.24197],[-123.14378,49.24334],[-123.14327,49.24391],[-123.14413,49.24432],[-123.14394,49.24536],[-123.14474,49.24751],[-123.14465,49.24944],[-123.14151,49.24937],[-123.13912,49.24932],[-123.13919,49.24649],[-123.13922,49.24369],[-123.13752,49.24416],[-123.1357,49.24388],[-123.13459,49.24242],[-123.13461,49.2417],[-123.13933,49.24189],[-123.14414,49.24197]]]}},{"type":"Feature","properties":{"fed":"59038","poll":"16-0","type":"N"},"geometry":{"type":"Polygon","coordinates":[[[-123.14806,49.26635],[-123.14568,49.26631],[-123.14575,49.26464],[-123.14811,49.26468],[-123.14806,49.26635]]]}},{"type":"Feature","properties":{"fed":"59038","poll":"14-0","type":"N"},"geometry":{"type":"Polygon","coordinates":[[[-123.1504,49.26809],[-123.14799,49.26805],[-123.14566,49.26801],[-123.14566,49.26716],[-123.14568,49.26631],[-123.14806,49.26635],[-123.15045,49.26638],[-123.1504,49.26809]]]}},{"type":"Feature","properties":{"fed":"59039","poll":"125-0","type":"N"},"geometry":{"type":"Polygon","coordinates":[[[-123.05839,49.24162],[-123.05814,49.24188],[-123.05734,49.24259],[-123.05455,49.2411],[-123.05455,49.24025],[-123.05731,49.2415],[-123.05751,49.24122],[-123.05839,49.24162]]]}},{"type":"Feature","properties":{"fed":"59039","poll":"182-0","type":"N"},"geometry":{"type":"Polygon","coordinates":[[[-123.03062,49.23198],[-123.03127,49.23202],[-123.03045,49.23286],[-123.03061,49.23434],[-123.03047,49.23553],[-123.02978,49.23623],[-123.02965,49.23558],[-123.02816,49.23475],[-123.02928,49.23482],[-123.02928,49.23205],[-123.03062,49.23198]]]}},{"type":"Feature","properties":{"fed":"59039","poll":"184-0","type":"N"},"geometry":{"type":"Polygon","coordinates":[[[-123.02595,49.23219],[-123.02594,49.23413],[-123.02621,49.23565],[-123.02483,49.23502],[-123.02486,49.23224],[-123.02595,49.23219]]]}},{"type":"Feature","properties":{"fed":"59039","poll":"30-0","type":"N"},"geometry":{"type":"Polygon","coordinates":[[[-123.06989,49.25035],[-123.07024,49.25035],[-123.07021,49.25162],[-123.07018,49.25251],[-123.07147,49.25253],[-123.07147,49.25438],[-123.06935,49.2543],[-123.06946,49.25034],[-123.06815,49.25032],[-123.06782,49.25031],[-123.06785,49.2464],[-123.06996,49.2474],[-123.06989,49.25035]]]}},{"type":"Feature","properties":{"fed":"59039","poll":"501-0","type":"M"},"geometry":{"type":"Polygon","coordinates":[[[-123.06686,49.25347],[-123.06701,49.25349],[-123.06694,49.25359],[-123.0669,49.25366],[-123.06686,49.25347]]]}},{"type":"Feature","properties":{"fed":"59039","poll":"502-0","type":"M"},"geometry":{"type":"Polygon","coordinates":[[[-123.06465,49.25374],[-123.0647,49.25366],[-123.0649,49.25381],[-123.06465,49.25374]]]}},{"type":"Feature","properties":{"fed":"59039","poll":"503-0","type":"M"},"geometry":{"type":"Polygon","coordinates":[[[-123.10023,49.23813],[-123.09931,49.23811],[-123.1001,49.23803],[-123.10023,49.23813]]]}},{"type":"Feature","properties":{"fed":"59039","poll":"23-0","type":"N"},"geometry":{"type":"Polygon","coordinates":[[[-123.07198,49.25254],[-123.07297,49.25256],[-123.07286,49.25653],[-123.06984,49.25637],[-123.06909,49.25514],[-123.06801,49.25425],[-123.06935,49.2543],[-123.07147,49.25438],[-123.07147,49.25253],[-123.07018,49.25251],[-123.07021,49.25162],[-123.07199,49.25165],[-123.07198,49.25254]]]}},{"type":"Feature","properties":{"fed":"59039","poll":"32-0","type":"N"},"geometry":{"type":"Polygon","coordinates":[[[-123.06071,49.25265],[-123.06032,49.25505],[-123.0583,49.25509],[-123.05831,49.25349],[-123.05661,49.25349],[-123.05661,49.25288],[-123.0573,49.25169],[-123.05795,49.25188],[-123.05945,49.2496],[-123.06045,49.25001],[-123.06257,49.25073],[-123.06183,49.251],[-123.06071,49.25265]]]}},{"type":"Feature","properties":{"fed":"59039","poll":"38-0","type":"N"},"geometry":{"type":"Polygon","coordinates":[[[-123.09693,49.24353],[-123.09691,49.24437],[-123.09419,49.24428],[-123.09418,49.24459],[-123.09029,49.24457],[-123.09032,49.24354],[-123.09034,49.2426],[-123.09426,49.24266],[-123.0942,49.24354],[-123.09693,49.24353]]]}},{"type":"Feature","properties":{"fed":"59039","poll":"25-0","type":"N"},"geometry":{"type":"Polygon","coordinates":[[[-123.07601,49.25261],[-123.07297,49.25256],[-123.07198,49.25254],[-123.07199,49.25165],[-123.07021,49.25162],[-123.07024,49.25035],[-123.07595,49.25043],[-123.07601,49.25261]]]}},{"type":"Feature","properties":{"fed":"59039","poll":"14-0","type":"N"},"geometry":{"type":"Polygon","coordinates":[[[-123.09001,49.2528],[-123.08765,49.25277],[-123.08758,49.25459],[-123.08566,49.25456],[-123.08567,49.25366],[-123.08374,49.25363],[-123.08376,49.25271],[-123.08381,49.25183],[-123.09007,49.2519],[-123.09001,49.2528]]]}},{"type":"Feature","properties":{"fed":"59039","poll":"16-0","type":"N"},"geometry":{"type":"Polygon","coordinates":[[[-123.09009,49.25101],[-123.09007,49.2519],[-123.08381,49.25183],[-123.08386,49.25003],[-123.09013,49.2501],[-123.09009,49.25101]]]}},{"type":"Feature","properties":{"fed":"59039","poll":"31-0","type":"N"},"geometry":{"type":"Polygon","coordinates":[[[-123.07337,49.24895],[-123.07596,49.25007],[-123.07595,49.25043],[-123.07024,49.25035],[-123.06989,49.25035],[-123.06996,49.2474],[-123.07131,49.24802],[-123.07337,49.24895]]]}},{"type":"Feature","properties":{"fed":"59039","poll":"29-0","type":"N"},"geometry":{"type":"Polygon","coordinates":[[[-123.06701,49.25349],[-123.06686,49.25347],[-123.0669,49.25366],[-123.06648,49.25427],[-123.0649,49.25381],[-123.0647,49.25366],[-123.06465,49.25374],[-123.06071,49.25265],[-123.06183,49.251],[-123.06257,49.25073],[-123.06506,49.25142],[-123.0657,49.25245],[-123.06701,49.25349]]]}},{"type":"Feature","properties":{"fed":"59039","poll":"15-0","type":"N"},"geometry":{"type":"Polygon","coordinates":[[[-123.08181,49.25295],[-123.0818,49.25359],[-123.07989,49.25356],[-123.07981,49.25628],[-123.07785,49.25625],[-123.07803,49.25117],[-123.08181,49.25295]]]}},{"type":"Feature","properties":{"fed":"59039","poll":"12-0","type":"N"},"geometry":{"type":"Polygon","coordinates":[[[-123.08743,49.25559],[-123.0892,49.25641],[-123.08748,49.25639],[-123.08362,49.25634],[-123.08374,49.25363],[-123.08567,49.25366],[-123.08566,49.25456],[-123.08758,49.25459],[-123.08743,49.25559]]]}},{"type":"Feature","properties":{"fed":"59039","poll":"18-0","type":"N"},"geometry":{"type":"Polygon","coordinates":[[[-123.08389,49.24911],[-123.08386,49.25003],[-123.08381,49.25183],[-123.08376,49.25271],[-123.08182,49.25269],[-123.08189,49.2509],[-123.07997,49.25087],[-123.08005,49.24856],[-123.08192,49.24857],[-123.08391,49.24858],[-123.08389,49.24911]]]}},{"type":"Feature","properties":{"fed":"59039","poll":"27-0","type":"N"},"geometry":{"type":"Polygon","coordinates":[[[-123.06506,49.25142],[-123.06671,49.25193],[-123.06643,49.25233],[-123.06736,49.2529],[-123.06701,49.25349],[-123.0657,49.25245],[-123.06506,49.25142]]]}},{"type":"Feature","properties":{"fed":"59039","poll":"504-0","type":"M"},"geometry":{"type":"Polygon","coordinates":[[[-123.04354,49.25063],[-123.04354,49.25054],[-123.04381,49.25063],[-123.04354,49.25063]]]}},{"type":"Feature","properties":{"fed":"59039","poll":"150-0","type":"N"},"geometry":{"type":"Polygon","coordinates":[[[-123.04764,49.23707],[-123.04552,49.23922],[-123.04294,49.23818],[-123.04154,49.23963],[-123.0406,49.23925],[-123.04199,49.2378],[-123.04245,49.23799],[-123.04433,49.23613],[-123.04591,49.23643],[-123.04764,49.23707]]]}},{"type":"Feature","properties":{"fed":"59038","poll":"73-0","type":"N"},"geometry":{"type":"Polygon","coordinates":[[[-123.11767,49.2595],[-123.11503,49.25945],[-123.11507,49.25692],[-123.11602,49.25693],[-123.11568,49.25876],[-123.11772,49.25879],[-123.11767,49.2595]]]}},{"type":"Feature","properties":{"fed":"59038","poll":"63-0","type":"N"},"geometry":{"type":"Polygon","coordinates":[[[-123.12912,49.26061],[-123.12673,49.26055],[-123.12675,49.25964],[-123.12678,49.25872],[-123.12917,49.25876],[-123.12912,49.26061]]]}},{"type":"Feature","properties":{"fed":"59038","poll":"5-0","type":"N"},"geometry":{"type":"Polygon","coordinates":[[[-123.15265,49.27166],[-123.15031,49.27162],[-123.15034,49.27075],[-123.15037,49.26987],[-123.15272,49.26991],[-123.15265,49.27166]]]}},{"type":"Feature","properties":{"fed":"59038","poll":"39-0","type":"N"},"geometry":{"type":"Polygon","coordinates":[[[-123.14349,49.26089],[-123.13871,49.26081],[-123.13874,49.25982],[-123.14354,49.2599],[-123.14349,49.26089]]]}},{"type":"Feature","properties":{"fed":"59038","poll":"92-0","type":"N"},"geometry":{"type":"Polygon","coordinates":[[[-123.14945,49.24206],[-123.15041,49.24265],[-123.15239,49.24477],[-123.15103,49.24386],[-123.14945,49.24206]]]}},{"type":"Feature","properties":{"fed":"59038","poll":"37-0","type":"N"},"geometry":{"type":"Polygon","coordinates":[[[-123.1483,49.25998],[-123.14592,49.25995],[-123.14354,49.2599],[-123.14358,49.25899],[-123.14595,49.25906],[-123.14835,49.2591],[-123.1483,49.25998]]]}},{"type":"Feature","properties":{"fed":"59038","poll":"123-0","type":"N"},"geometry":{"type":"Polygon","coordinates":[[[-123.12088,49.23556],[-123.12233,49.23562],[-123.12226,49.23746],[-123.12374,49.23751],[-123.12364,49.24129],[-123.12065,49.24117],[-123.12071,49.23982],[-123.12057,49.23991],[-123.12065,49.24117],[-123.11835,49.24109],[-123.11695,49.24103],[-123.11544,49.2397],[-123.11686,49.23902],[-123.11836,49.2404],[-123.11953,49.23982],[-123.1178,49.23826],[-123.11776,49.23729],[-123.11926,49.23735],[-123.11933,49.23551],[-123.12088,49.23556]]]}},{"type":"Feature","properties":{"fed":"59038","poll":"21-0","type":"N"},"geometry":{"type":"Polygon","coordinates":[[[-123.1529,49.26477],[-123.15051,49.26471],[-123.15059,49.26283],[-123.15062,49.26191],[-123.15302,49.26195],[-123.1529,49.26477]]]}},{"type":"Feature","properties":{"fed":"59038","poll":"65-0","type":"N"},"geometry":{"type":"Polygon","coordinates":[[[-123.12435,49.2596],[-123.12432,49.26058],[-123.11995,49.2605],[-123.12001,49.25953],[-123.122,49.25956],[-123.12204,49.25864],[-123.12437,49.25869],[-123.12435,49.2596]]]}},{"type":"Feature","properties":{"fed":"59038","poll":"31-0","type":"N"},"geometry":{"type":"Polygon","coordinates":[[[-123.11938,49.26668],[-123.11954,49.26762],[-123.12081,49.26764],[-123.12137,49.26842],[-123.12131,49.26939],[-123.12012,49.26973],[-123.11863,49.27062],[-123.11837,49.26877],[-123.11615,49.2692],[-123.11645,49.26864],[-123.11748,49.26817],[-123.11747,49.26741],[-123.1179,49.26699],[-123.11938,49.26668]]]}},{"type":"Feature","properties":{"fed":"59038","poll":"18-0","type":"N"},"geometry":{"type":"Polygon","coordinates":[[[-123.14566,49.26716],[-123.14027,49.26707],[-123.14049,49.26622],[-123.13848,49.26619],[-123.13854,49.26451],[-123.13858,49.2636],[-123.14104,49.26362],[-123.14091,49.26539],[-123.14334,49.26542],[-123.14332,49.26627],[-123.14568,49.26631],[-123.14566,49.26716]],[[-123.1399,49.26537],[-123.1399,49.26528],[-123.13963,49.26528],[-123.1399,49.26537]]]}},{"type":"Feature","properties":{"fed":"59038","poll":"87-0","type":"N"},"geometry":{"type":"Polygon","coordinates":[[[-123.1247,49.25016],[-123.12231,49.25012],[-123.12223,49.25163],[-123.1203,49.25159],[-123.12037,49.25009],[-123.11839,49.25004],[-123.11843,49.24911],[-123.11848,49.248],[-123.12479,49.24812],[-123.1247,49.25016]]]}},{"type":"Feature","properties":{"fed":"59038","poll":"139-0","type":"N"},"geometry":{"type":"Polygon","coordinates":[[[-123.13983,49.22697],[-123.13968,49.23064],[-123.13498,49.23046],[-123.13505,49.22863],[-123.13511,49.2268],[-123.13983,49.22697]]]}},{"type":"Feature","properties":{"fed":"59038","poll":"147-0","type":"N"},"geometry":{"type":"Polygon","coordinates":[[[-123.12857,49.21921],[-123.12846,49.22392],[-123.12685,49.2239],[-123.12367,49.22386],[-123.1237,49.22326],[-123.12097,49.22356],[-123.12061,49.22176],[-123.12253,49.22147],[-123.12227,49.21913],[-123.1283,49.21921],[-123.12843,49.2193],[-123.12857,49.21921]]]}},{"type":"Feature","properties":{"fed":"59038","poll":"142-0","type":"N"},"geometry":{"type":"Polygon","coordinates":[[[-123.13994,49.22409],[-123.13983,49.22697],[-123.13511,49.2268],[-123.13515,49.22579],[-123.1352,49.22401],[-123.13525,49.22255],[-123.13764,49.22259],[-123.1376,49.22348],[-123.13996,49.22352],[-123.13994,49.22409]]]}},{"type":"Feature","properties":{"fed":"59038","poll":"113-0","type":"N"},"geometry":{"type":"Polygon","coordinates":[[[-123.11282,49.25008],[-123.10998,49.25002],[-123.10989,49.25197],[-123.10732,49.25192],[-123.10752,49.2478],[-123.11006,49.24784],[-123.11007,49.24886],[-123.1122,49.24887],[-123.11288,49.24888],[-123.11282,49.25008]]]}},{"type":"Feature","properties":{"fed":"59038","poll":"67-0","type":"N"},"geometry":{"type":"Polygon","coordinates":[[[-123.11477,49.26404],[-123.11476,49.26494],[-123.11475,49.26539],[-123.11469,49.26577],[-123.10948,49.26565],[-123.10951,49.26216],[-123.11487,49.26224],[-123.11477,49.26404]]]}},{"type":"Feature","properties":{"fed":"59038","poll":"69-0","type":"N"},"geometry":{"type":"Polygon","coordinates":[[[-123.12007,49.25884],[-123.12008,49.25862],[-123.12204,49.25864],[-123.122,49.25956],[-123.12001,49.25953],[-123.11995,49.2605],[-123.11764,49.26045],[-123.11767,49.2595],[-123.11772,49.25879],[-123.12007,49.25884]]]}},{"type":"Feature","properties":{"fed":"59038","poll":"66-0","type":"N"},"geometry":{"type":"Polygon","coordinates":[[[-123.12438,49.25778],[-123.12437,49.25869],[-123.12204,49.25864],[-123.12008,49.25862],[-123.12012,49.25772],[-123.12207,49.25774],[-123.12205,49.25703],[-123.1244,49.25708],[-123.12438,49.25778]]]}},{"type":"Feature","properties":{"fed":"59038","poll":"23-0","type":"N"},"geometry":{"type":"Polygon","coordinates":[[[-123.15059,49.26283],[-123.14581,49.26276],[-123.14577,49.26371],[-123.14343,49.26367],[-123.14348,49.26272],[-123.14347,49.26177],[-123.14584,49.26183],[-123.15062,49.26191],[-123.15059,49.26283]]]}},{"type":"Feature","properties":{"fed":"59038","poll":"96-0","type":"N"},"geometry":{"type":"Polygon","coordinates":[[[-123.12723,49.25712],[-123.1244,49.25708],[-123.12454,49.25437],[-123.12735,49.25442],[-123.12723,49.25712]]]}},{"type":"Feature","properties":{"fed":"59038","poll":"32-0","type":"N"},"geometry":{"type":"Polygon","coordinates":[[[-123.11743,49.26685],[-123.1179,49.26699],[-123.11747,49.26741],[-123.11748,49.26817],[-123.11645,49.26864],[-123.11615,49.2692],[-123.11531,49.26908],[-123.11531,49.26796],[-123.11743,49.26685]]]}},{"type":"Feature","properties":{"fed":"59038","poll":"2-0","type":"N"},"geometry":{"type":"Polygon","coordinates":[[[-123.1511,49.27627],[-123.15009,49.27626],[-123.14768,49.27621],[-123.14782,49.27248],[-123.14899,49.2725],[-123.14892,49.27448],[-123.15136,49.27452],[-123.15254,49.27454],[-123.1511,49.27627]]]}},{"type":"Feature","properties":{"fed":"59038","poll":"1-0","type":"N"},"geometry":{"type":"Polygon","coordinates":[[[-123.14768,49.27621],[-123.15009,49.27626],[-123.14987,49.28223],[-123.14635,49.28173],[-123.14319,49.28051],[-123.14017,49.27831],[-123.1372,49.27543],[-123.14636,49.27254],[-123.14782,49.27248],[-123.14768,49.27621]]]}},{"type":"Feature","properties":{"fed":"59038","poll":"137-0","type":"N"},"geometry":{"type":"Polygon","coordinates":[[[-123.13484,49.23418],[-123.13471,49.23788],[-123.12797,49.23765],[-123.12809,49.23401],[-123.12974,49.23405],[-123.12974,49.23424],[-123.13039,49.23407],[-123.13484,49.23418]],[[-123.13038,49.23442],[-123.13024,49.23442],[-123.13038,49.2346],[-123.13038,49.23442]]]}},{"type":"Feature","properties":{"fed":"59038","poll":"179-0","type":"N"},"geometry":{"type":"Polygon","coordinates":[[[-123.10645,49.21422],[-123.10639,49.21508],[-123.1062,49.21682],[-123.10197,49.21674],[-123.10201,49.21582],[-123.10207,49.21436],[-123.10207,49.21414],[-123.10645,49.21422]]]}},{"type":"Feature","properties":{"fed":"59038","poll":"163-0","type":"N"},"geometry":{"type":"Polygon","coordinates":[[[-123.10614,49.21773],[-123.10611,49.22115],[-123.1018,49.22106],[-123.10187,49.21931],[-123.10401,49.21935],[-123.10407,49.21853],[-123.1019,49.21847],[-123.10194,49.21761],[-123.10614,49.21773]]]}},{"type":"Feature","properties":{"fed":"59038","poll":"130-0","type":"N"},"geometry":{"type":"Polygon","coordinates":[[[-123.13491,49.23231],[-123.13484,49.23418],[-123.13039,49.23407],[-123.12974,49.23405],[-123.12809,49.23401],[-123.12389,49.23387],[-123.12392,49.23289],[-123.12523,49.23287],[-123.1253,49.232],[-123.12674,49.23204],[-123.13491,49.23231]]]}},{"type":"Feature","properties":{"fed":"59039","poll":"400-0","type":"S"},"geometry":{"type":"Polygon","coordinates":[[[-123.02363,49.23402],[-123.02362,49.23373],[-123.02384,49.23401],[-123.02363,49.23402]]]}},{"type":"Feature","properties":{"fed":"59039","poll":"401-0","type":"S"},"geometry":{"type":"Polygon","coordinates":[[[-123.02362,49.2333],[-123.02362,49.23299],[-123.02384,49.2333],[-123.02362,49.2333]]]}},{"type":"Feature","properties":{"fed":"59039","poll":"96-0","type":"N"},"geometry":{"type":"Polygon","coordinates":[[[-123.02855,49.25728],[-123.02855,49.25814],[-123.0235,49.25822],[-123.02351,49.25733],[-123.02352,49.25473],[-123.02352,49.25332],[-123.02353,49.25242],[-123.02353,49.25151],[-123.02464,49.25151],[-123.02475,49.25516],[-123.02741,49.2569],[-123.02939,49.25559],[-123.03043,49.25647],[-123.03005,49.25723],[-123.02855,49.25728]]]}},{"type":"Feature","properties":{"fed":"59039","poll":"99-0","type":"N"},"geometry":{"type":"Polygon","coordinates":[[[-123.03377,49.25231],[-123.03376,49.25315],[-123.03226,49.25328],[-123.03102,49.25414],[-123.03099,49.25473],[-123.03055,49.25477],[-123.02653,49.25221],[-123.02626,49.25152],[-123.02627,49.25064],[-123.02854,49.25063],[-123.02866,49.25125],[-123.03022,49.25227],[-123.03377,49.25231]]]}},{"type":"Feature","properties":{"fed":"59039","poll":"48-0","type":"N"},"geometry":{"type":"Polygon","coordinates":[[[-123.09034,49.2426],[-123.09032,49.24354],[-123.08789,49.24351],[-123.0879,49.24328],[-123.0879,49.24257],[-123.08795,49.24029],[-123.08916,49.24029],[-123.09039,49.24031],[-123.09034,49.2426]]]}},{"type":"Feature","properties":{"fed":"59039","poll":"80-0","type":"N"},"geometry":{"type":"Polygon","coordinates":[[[-123.06042,49.24673],[-123.06052,49.24813],[-123.05803,49.24811],[-123.05806,49.24671],[-123.05667,49.2467],[-123.05667,49.24711],[-123.05428,49.24713],[-123.05427,49.24627],[-123.05667,49.24628],[-123.05667,49.2458],[-123.06046,49.2458],[-123.06042,49.24673]]]}},{"type":"Feature","properties":{"fed":"59039","poll":"75-0","type":"N"},"geometry":{"type":"Polygon","coordinates":[[[-123.06505,49.25027],[-123.06511,49.24763],[-123.06519,49.24515],[-123.06785,49.2464],[-123.06782,49.25031],[-123.06505,49.25027]]]}},{"type":"Feature","properties":{"fed":"59039","poll":"83-0","type":"N"},"geometry":{"type":"Polygon","coordinates":[[[-123.06046,49.2458],[-123.05667,49.2458],[-123.05667,49.24628],[-123.05427,49.24627],[-123.05426,49.24544],[-123.05208,49.24546],[-123.05208,49.24462],[-123.05667,49.24462],[-123.0567,49.24345],[-123.05734,49.24259],[-123.05847,49.24312],[-123.05791,49.2436],[-123.05791,49.24399],[-123.0591,49.24405],[-123.06052,49.24473],[-123.06045,49.2449],[-123.06046,49.2458]]]}},{"type":"Feature","properties":{"fed":"59039","poll":"47-0","type":"N"},"geometry":{"type":"Polygon","coordinates":[[[-123.08665,49.24327],[-123.08662,49.24549],[-123.08782,49.24549],[-123.0878,49.24659],[-123.08396,49.24655],[-123.08399,49.24462],[-123.08403,49.24391],[-123.08594,49.24395],[-123.086,49.24255],[-123.0879,49.24257],[-123.0879,49.24328],[-123.08665,49.24327]]]}},{"type":"Feature","properties":{"fed":"59039","poll":"100-0","type":"N"},"geometry":{"type":"Polygon","coordinates":[[[-123.03377,49.24966],[-123.03108,49.24965],[-123.02854,49.24969],[-123.02855,49.2488],[-123.03108,49.24879],[-123.03108,49.24789],[-123.02855,49.2479],[-123.02855,49.24706],[-123.03379,49.2471],[-123.03377,49.24966]]]}},{"type":"Feature","properties":{"fed":"59039","poll":"77-0","type":"N"},"geometry":{"type":"Polygon","coordinates":[[[-123.06519,49.24515],[-123.06511,49.24763],[-123.06274,49.24762],[-123.06274,49.24675],[-123.06042,49.24673],[-123.06046,49.2458],[-123.06045,49.2449],[-123.06302,49.24493],[-123.06378,49.24451],[-123.06519,49.24515]]]}},{"type":"Feature","properties":{"fed":"59039","poll":"95-0","type":"N"},"geometry":{"type":"Polygon","coordinates":[[[-123.03657,49.2564],[-123.03656,49.25724],[-123.03386,49.25724],[-123.03388,49.25813],[-123.03374,49.25813],[-123.02855,49.25814],[-123.02855,49.25728],[-123.03005,49.25723],[-123.03043,49.25647],[-123.02939,49.25559],[-123.03055,49.25477],[-123.03099,49.25473],[-123.03102,49.25414],[-123.03226,49.25328],[-123.03376,49.25315],[-123.03376,49.254],[-123.03375,49.25642],[-123.03657,49.2564]]]}},{"type":"Feature","properties":{"fed":"59039","poll":"165-0","type":"N"},"geometry":{"type":"Polygon","coordinates":[[[-123.03782,49.23504],[-123.03566,49.23726],[-123.03361,49.23642],[-123.03425,49.23579],[-123.03524,49.23481],[-123.03163,49.23331],[-123.03251,49.23241],[-123.03595,49.23417],[-123.03782,49.23504]]]}},{"type":"Feature","properties":{"fed":"59039","poll":"74-0","type":"N"},"geometry":{"type":"Polygon","coordinates":[[[-123.08693,49.23287],[-123.08691,49.23381],[-123.08478,49.23377],[-123.08479,49.23471],[-123.08112,49.23485],[-123.08122,49.23275],[-123.08259,49.23277],[-123.08693,49.23287]]]}},{"type":"Feature","properties":{"fed":"59039","poll":"171-0","type":"N"},"geometry":{"type":"Polygon","coordinates":[[[-123.04154,49.23963],[-123.04249,49.24001],[-123.04068,49.24189],[-123.03974,49.24151],[-123.0393,49.24211],[-123.03825,49.24168],[-123.03721,49.24125],[-123.03777,49.2407],[-123.03957,49.23883],[-123.0406,49.23925],[-123.04154,49.23963]]]}},{"type":"Feature","properties":{"fed":"59039","poll":"174-0","type":"N"},"geometry":{"type":"Polygon","coordinates":[[[-123.04882,49.23757],[-123.04764,49.23707],[-123.04591,49.23643],[-123.04595,49.23297],[-123.0488,49.23277],[-123.04882,49.23757]]]}},{"type":"Feature","properties":{"fed":"59039","poll":"149-0","type":"N"},"geometry":{"type":"Polygon","coordinates":[[[-123.08007,49.22534],[-123.08006,49.22617],[-123.08239,49.22622],[-123.08241,49.22703],[-123.08003,49.22698],[-123.08,49.22776],[-123.08134,49.22781],[-123.08131,49.22906],[-123.07996,49.22904],[-123.07989,49.23084],[-123.0785,49.23075],[-123.07856,49.22903],[-123.07715,49.22901],[-123.07734,49.22529],[-123.0787,49.22531],[-123.08007,49.22534]]]}},{"type":"Feature","properties":{"fed":"59039","poll":"177-0","type":"N"},"geometry":{"type":"Polygon","coordinates":[[[-123.04173,49.23299],[-123.04311,49.23299],[-123.04306,49.23511],[-123.04235,49.23594],[-123.04077,49.2358],[-123.03956,49.23565],[-123.04025,49.23431],[-123.03878,49.2337],[-123.03881,49.23298],[-123.04173,49.23299]]]}},{"type":"Feature","properties":{"fed":"59039","poll":"142-0","type":"N"},"geometry":{"type":"Polygon","coordinates":[[[-123.06213,49.23292],[-123.06213,49.23392],[-123.05882,49.23388],[-123.05882,49.23488],[-123.0588,49.23589],[-123.05551,49.23587],[-123.0555,49.23282],[-123.05888,49.23284],[-123.06047,49.23286],[-123.06213,49.23292]]]}},{"type":"Feature","properties":{"fed":"59039","poll":"141-0","type":"N"},"geometry":{"type":"Polygon","coordinates":[[[-123.06553,49.23281],[-123.0655,49.2345],[-123.06552,49.23492],[-123.05882,49.23488],[-123.05882,49.23388],[-123.06213,49.23392],[-123.06213,49.23292],[-123.06553,49.23281]]]}},{"type":"Feature","properties":{"fed":"59039","poll":"175-0","type":"N"},"geometry":{"type":"Polygon","coordinates":[[[-123.04595,49.23297],[-123.04591,49.23643],[-123.04433,49.23613],[-123.04245,49.23799],[-123.04199,49.2378],[-123.04098,49.23736],[-123.04235,49.23594],[-123.04306,49.23511],[-123.04311,49.23299],[-123.04595,49.23297]]]}},{"type":"Feature","properties":{"fed":"59039","poll":"143-0","type":"N"},"geometry":{"type":"Polygon","coordinates":[[[-123.05551,49.23587],[-123.05172,49.23585],[-123.05169,49.23385],[-123.05019,49.23388],[-123.05019,49.23277],[-123.05167,49.23278],[-123.0555,49.23282],[-123.05551,49.23587]]]}},{"type":"Feature","properties":{"fed":"59039","poll":"170-0","type":"N"},"geometry":{"type":"Polygon","coordinates":[[[-123.04882,49.23757],[-123.0468,49.23973],[-123.04576,49.23932],[-123.04437,49.24077],[-123.04249,49.24001],[-123.04154,49.23963],[-123.04294,49.23818],[-123.04552,49.23922],[-123.04764,49.23707],[-123.04882,49.23757]]]}},{"type":"Feature","properties":{"fed":"59040","poll":"152-0","type":"N"},"geometry":{"type":"Polygon","coordinates":[[[-123.164,49.22422],[-123.16387,49.22509],[-123.15899,49.22502],[-123.15906,49.2229],[-123.15921,49.22211],[-123.15857,49.22149],[-123.15856,49.21954],[-123.15453,49.21958],[-123.15462,49.21723],[-123.14913,49.21716],[-123.14841,49.21578],[-123.14843,49.21508],[-123.15444,49.21515],[-123.15547,49.21458],[-123.15488,49.21361],[-123.15564,49.20955],[-123.15694,49.21048],[-123.16356,49.21359],[-123.16825,49.21447],[-123.168,49.21616],[-123.16831,49.22291],[-123.16882,49.22479],[-123.16843,49.22579],[-123.16602,49.22522],[-123.164,49.22422]]]}},{"type":"Feature","properties":{"fed":"59040","poll":"138-0","type":"N"},"geometry":{"type":"Polygon","coordinates":[[[-123.168,49.21616],[-123.16825,49.21447],[-123.18037,49.2157],[-123.19131,49.21945],[-123.19111,49.22556],[-123.18559,49.22551],[-123.1855,49.22749],[-123.18218,49.22746],[-123.18203,49.23015],[-123.17872,49.23013],[-123.17157,49.22737],[-123.16843,49.22579],[-123.16882,49.22479],[-123.16831,49.22291],[-123.168,49.21616]]]}},{"type":"Feature","properties":{"fed":"59040","poll":"61-0","type":"N","jurisdiction":"UBC / UEL — outside City of Vancouver","locality":"Metro Vancouver A"},"geometry":{"type":"Polygon","coordinates":[[[-123.23903,49.24727],[-123.23872,49.24738],[-123.2338,49.24489],[-123.23194,49.247],[-123.23188,49.24841],[-123.23233,49.24972],[-123.23387,49.25256],[-123.23005,49.25317],[-123.23044,49.25441],[-123.23235,49.25445],[-123.23353,49.25576],[-123.23154,49.2564],[-123.23225,49.2573],[-123.23141,49.25759],[-123.2285,49.25828],[-123.22611,49.25854],[-123.2154,49.25852],[-123.20629,49.25832],[-123.20323,49.25827],[-123.20294,49.2567],[-123.19656,49.25653],[-123.19669,49.25291],[-123.19678,49.25025],[-123.20057,49.25005],[-123.20403,49.24944],[-123.20462,49.24913],[-123.19893,49.24631],[-123.19677,49.24623],[-123.19679,49.24337],[-123.19684,49.23865],[-123.19834,49.2386],[-123.19841,49.2365],[-123.19685,49.23649],[-123.1971,49.23506],[-123.20533,49.23734],[-123.20858,49.23506],[-123.22008,49.23913],[-123.22132,49.23733],[-123.22159,49.237],[-123.22775,49.24036],[-123.23319,49.24218],[-123.2401,49.24596],[-123.24429,49.24763],[-123.24756,49.24864],[-123.24968,49.2499],[-123.24839,49.25076],[-123.24277,49.24831],[-123.23903,49.24727]]]}},{"type":"Feature","properties":{"fed":"59040","poll":"12-0","type":"N"},"geometry":{"type":"Polygon","coordinates":[[[-123.21499,49.27027],[-123.21495,49.27144],[-123.21188,49.27141],[-123.21178,49.27374],[-123.20571,49.27359],[-123.20481,49.28262],[-123.19291,49.28242],[-123.19347,49.2688],[-123.20268,49.26894],[-123.20274,49.27012],[-123.21499,49.27027]]]}},{"type":"Feature","properties":{"fed":"59040","poll":"401-0","type":"S"},"geometry":{"type":"Polygon","coordinates":[[[-123.15543,49.26122],[-123.15544,49.26104],[-123.15556,49.26122],[-123.15543,49.26122]]]}},{"type":"Feature","properties":{"fed":"59040","poll":"400-0","type":"S","jurisdiction":"UBC / UEL — outside City of Vancouver","locality":"Metro Vancouver A"},"geometry":{"type":"Polygon","coordinates":[[[-123.23504,49.25456],[-123.23524,49.25448],[-123.23551,49.25481],[-123.2353,49.25488],[-123.23504,49.25456]]]}},{"type":"Feature","properties":{"fed":"59040","poll":"402-0","type":"S"},"geometry":{"type":"Polygon","coordinates":[[[-123.15477,49.24695],[-123.15622,49.24697],[-123.15715,49.24678],[-123.15624,49.24706],[-123.15477,49.24695]]]}},{"type":"Feature","properties":{"fed":"59040","poll":"504-0","type":"M"},"geometry":{"type":"Polygon","coordinates":[[[-123.16106,49.27004],[-123.16134,49.26995],[-123.16134,49.27004],[-123.16106,49.27004]]]}},{"type":"Feature","properties":{"fed":"59038","poll":"22-0","type":"N"},"geometry":{"type":"Polygon","coordinates":[[[-123.15051,49.26471],[-123.14811,49.26468],[-123.14575,49.26464],[-123.14336,49.26459],[-123.14343,49.26367],[-123.14577,49.26371],[-123.14581,49.26276],[-123.15059,49.26283],[-123.15051,49.26471]]]}},{"type":"Feature","properties":{"fed":"59038","poll":"26-0","type":"N"},"geometry":{"type":"Polygon","coordinates":[[[-123.14347,49.26177],[-123.13859,49.26172],[-123.13865,49.26123],[-123.13621,49.26123],[-123.13623,49.26076],[-123.13871,49.26081],[-123.14349,49.26089],[-123.14347,49.26177]]]}},{"type":"Feature","properties":{"fed":"59038","poll":"178-0","type":"N"},"geometry":{"type":"Polygon","coordinates":[[[-123.10201,49.21582],[-123.10197,49.21674],[-123.10194,49.21761],[-123.1019,49.21847],[-123.09775,49.2184],[-123.0978,49.21666],[-123.09783,49.21577],[-123.09825,49.21607],[-123.10152,49.21614],[-123.10201,49.21582]]]}},{"type":"Feature","properties":{"fed":"59038","poll":"27-0","type":"N"},"geometry":{"type":"Polygon","coordinates":[[[-123.13663,49.26907],[-123.13598,49.26951],[-123.13524,49.2686],[-123.13347,49.26819],[-123.13288,49.26777],[-123.13289,49.26734],[-123.13344,49.26699],[-123.13376,49.26708],[-123.13371,49.26716],[-123.13401,49.26715],[-123.13615,49.26782],[-123.13743,49.2689],[-123.13663,49.26907]]]}},{"type":"Feature","properties":{"fed":"59038","poll":"19-0","type":"N"},"geometry":{"type":"Polygon","coordinates":[[[-123.14027,49.26707],[-123.1398,49.26679],[-123.13847,49.26678],[-123.13847,49.26795],[-123.13712,49.26786],[-123.13435,49.26629],[-123.13608,49.26615],[-123.13848,49.26619],[-123.14049,49.26622],[-123.14027,49.26707]]]}},{"type":"Feature","properties":{"fed":"59038","poll":"171-0","type":"N"},"geometry":{"type":"Polygon","coordinates":[[[-123.11689,49.21321],[-123.11675,49.21695],[-123.11673,49.21781],[-123.11335,49.2178],[-123.11337,49.2169],[-123.11264,49.21689],[-123.11274,49.21429],[-123.1099,49.21425],[-123.10997,49.21251],[-123.11279,49.21257],[-123.11376,49.21316],[-123.11465,49.21318],[-123.11689,49.21321]]]}},{"type":"Feature","properties":{"fed":"59038","poll":"175-0","type":"N"},"geometry":{"type":"Polygon","coordinates":[[[-123.11738,49.20379],[-123.11732,49.20571],[-123.11707,49.21025],[-123.11625,49.21059],[-123.11452,49.21119],[-123.11283,49.21148],[-123.11279,49.21257],[-123.10997,49.21251],[-123.1099,49.21425],[-123.10986,49.21513],[-123.10639,49.21508],[-123.10645,49.21422],[-123.10659,49.21239],[-123.10224,49.21116],[-123.10243,49.20724],[-123.10247,49.20493],[-123.10158,49.20409],[-123.11352,49.20477],[-123.11738,49.20379]],[[-123.11644,49.21035],[-123.11614,49.21036],[-123.11621,49.21044],[-123.11644,49.21035]],[[-123.11636,49.20935],[-123.11629,49.20927],[-123.11606,49.20937],[-123.11636,49.20935]]]}},{"type":"Feature","properties":{"fed":"59038","poll":"159-0","type":"N"},"geometry":{"type":"Polygon","coordinates":[[[-123.11302,49.22486],[-123.11299,49.22688],[-123.10837,49.22681],[-123.10833,49.2277],[-123.10154,49.22758],[-123.10158,49.22666],[-123.10588,49.22675],[-123.10601,49.22292],[-123.10611,49.22115],[-123.10614,49.21773],[-123.111,49.21791],[-123.11335,49.2178],[-123.11673,49.21781],[-123.11668,49.21906],[-123.11658,49.22172],[-123.1165,49.22383],[-123.11376,49.22414],[-123.11302,49.22486]]]}},{"type":"Feature","properties":{"fed":"59038","poll":"62-0","type":"N"},"geometry":{"type":"Polygon","coordinates":[[[-123.12673,49.26055],[-123.12669,49.26153],[-123.12663,49.26341],[-123.12419,49.26337],[-123.12183,49.26332],[-123.121,49.26331],[-123.12101,49.26386],[-123.12026,49.26385],[-123.12025,49.26423],[-123.11984,49.26422],[-123.11991,49.2633],[-123.11995,49.2605],[-123.12432,49.26058],[-123.12435,49.2596],[-123.12675,49.25964],[-123.12673,49.26055]],[[-123.12471,49.26053],[-123.12471,49.26044],[-123.12445,49.26058],[-123.12471,49.26053]]]}},{"type":"Feature","properties":{"fed":"59038","poll":"25-0","type":"N"},"geometry":{"type":"Polygon","coordinates":[[[-123.14588,49.26095],[-123.14584,49.26183],[-123.14347,49.26177],[-123.14349,49.26089],[-123.14354,49.2599],[-123.14592,49.25995],[-123.14588,49.26095]]]}},{"type":"Feature","properties":{"fed":"59038","poll":"84-0","type":"N"},"geometry":{"type":"Polygon","coordinates":[[[-123.13435,49.25076],[-123.13497,49.25347],[-123.13519,49.25509],[-123.13422,49.25524],[-123.13384,49.25567],[-123.13266,49.2553],[-123.13088,49.25402],[-123.12871,49.25368],[-123.12929,49.25479],[-123.12735,49.25442],[-123.12743,49.25262],[-123.12751,49.25083],[-123.12856,49.25067],[-123.13435,49.25076]]]}},{"type":"Feature","properties":{"fed":"59038","poll":"76-0","type":"N"},"geometry":{"type":"Polygon","coordinates":[[[-123.11817,49.25608],[-123.11814,49.25695],[-123.11602,49.25693],[-123.11507,49.25692],[-123.1112,49.2568],[-123.10971,49.25676],[-123.10976,49.25575],[-123.11513,49.25587],[-123.11817,49.25608]]]}},{"type":"Feature","properties":{"fed":"59038","poll":"94-0","type":"N"},"geometry":{"type":"Polygon","coordinates":[[[-123.15556,49.23459],[-123.15553,49.23644],[-123.15546,49.2383],[-123.15519,49.23829],[-123.15501,49.23981],[-123.15398,49.24061],[-123.15265,49.24082],[-123.14949,49.24037],[-123.14782,49.24081],[-123.14693,49.24079],[-123.14701,49.23815],[-123.14755,49.23736],[-123.14761,49.23631],[-123.15202,49.2364],[-123.15209,49.23454],[-123.15556,49.23459]]]}},{"type":"Feature","properties":{"fed":"59038","poll":"72-0","type":"N"},"geometry":{"type":"Polygon","coordinates":[[[-123.12014,49.25699],[-123.12205,49.25703],[-123.12207,49.25774],[-123.12012,49.25772],[-123.12008,49.25862],[-123.12007,49.25884],[-123.11772,49.25879],[-123.11568,49.25876],[-123.11602,49.25693],[-123.11814,49.25695],[-123.12014,49.25699]]]}},{"type":"Feature","properties":{"fed":"59038","poll":"53-0","type":"N"},"geometry":{"type":"Polygon","coordinates":[[[-123.13392,49.25884],[-123.13389,49.25975],[-123.13154,49.25972],[-123.13157,49.2588],[-123.1316,49.25789],[-123.13029,49.25787],[-123.13032,49.25707],[-123.13182,49.25711],[-123.13363,49.25779],[-123.13307,49.25791],[-123.13308,49.25829],[-123.13393,49.25827],[-123.13392,49.25884]]]}},{"type":"Feature","properties":{"fed":"59038","poll":"44-0","type":"N"},"geometry":{"type":"Polygon","coordinates":[[[-123.13368,49.26527],[-123.12896,49.2652],[-123.12898,49.26437],[-123.13133,49.2644],[-123.13138,49.26349],[-123.13374,49.26353],[-123.13368,49.26527]]]}},{"type":"Feature","properties":{"fed":"59038","poll":"52-0","type":"N"},"geometry":{"type":"Polygon","coordinates":[[[-123.13154,49.25972],[-123.1315,49.26069],[-123.12912,49.26061],[-123.12917,49.25876],[-123.13157,49.2588],[-123.13154,49.25972]]]}},{"type":"Feature","properties":{"fed":"59038","poll":"100-0","type":"N"},"geometry":{"type":"Polygon","coordinates":[[[-123.1183,49.25246],[-123.11827,49.25337],[-123.11824,49.25426],[-123.11623,49.25423],[-123.11523,49.25399],[-123.11529,49.2521],[-123.11534,49.25122],[-123.11538,49.2501],[-123.11622,49.25003],[-123.11616,49.2515],[-123.11834,49.25156],[-123.1183,49.25246]]]}},{"type":"Feature","properties":{"fed":"59038","poll":"120-0","type":"N"},"geometry":{"type":"Polygon","coordinates":[[[-123.12797,49.23765],[-123.12781,49.24239],[-123.1277,49.24358],[-123.12754,49.24441],[-123.12767,49.2445],[-123.12767,49.24541],[-123.12758,49.24816],[-123.12479,49.24812],[-123.1248,49.24719],[-123.1227,49.24715],[-123.1227,49.24706],[-123.12242,49.24715],[-123.12246,49.24623],[-123.11532,49.2461],[-123.11539,49.24517],[-123.11632,49.24412],[-123.1173,49.24464],[-123.11862,49.24477],[-123.11859,49.24525],[-123.12048,49.24527],[-123.1206,49.24224],[-123.12074,49.24215],[-123.1206,49.24206],[-123.12065,49.24117],[-123.12364,49.24129],[-123.12374,49.23751],[-123.12797,49.23765]]]}},{"type":"Feature","properties":{"fed":"59039","poll":"138-0","type":"N"},"geometry":{"type":"Polygon","coordinates":[[[-123.06551,49.23524],[-123.06546,49.23692],[-123.06212,49.23691],[-123.06212,49.23591],[-123.0588,49.23589],[-123.05882,49.23488],[-123.06552,49.23492],[-123.06551,49.23524]]]}},{"type":"Feature","properties":{"fed":"59039","poll":"59-0","type":"N"},"geometry":{"type":"Polygon","coordinates":[[[-123.05217,49.25449],[-123.05301,49.2545],[-123.05297,49.25751],[-123.04959,49.25789],[-123.04957,49.25742],[-123.04703,49.25751],[-123.04705,49.25544],[-123.04706,49.25403],[-123.04956,49.25403],[-123.05218,49.25405],[-123.05217,49.25449]]]}},{"type":"Feature","properties":{"fed":"59039","poll":"64-0","type":"N"},"geometry":{"type":"Polygon","coordinates":[[[-123.05462,49.24882],[-123.05461,49.24972],[-123.05223,49.24972],[-123.05225,49.24883],[-123.04966,49.24881],[-123.04965,49.24793],[-123.04711,49.24792],[-123.04712,49.24627],[-123.04967,49.24628],[-123.04967,49.24586],[-123.05133,49.24661],[-123.05131,49.24753],[-123.05191,49.24752],[-123.05193,49.24794],[-123.05458,49.24799],[-123.05462,49.24882]]]}},{"type":"Feature","properties":{"fed":"59039","poll":"163-0","type":"N"},"geometry":{"type":"Polygon","coordinates":[[[-123.02995,49.23737],[-123.03066,49.23664],[-123.03209,49.23726],[-123.03172,49.23765],[-123.03071,49.23725],[-123.02995,49.23737]]]}},{"type":"Feature","properties":{"fed":"59039","poll":"94-0","type":"N"},"geometry":{"type":"Polygon","coordinates":[[[-123.04426,49.25541],[-123.04425,49.25632],[-123.04159,49.25635],[-123.04158,49.25723],[-123.03909,49.25722],[-123.03909,49.25637],[-123.03657,49.2564],[-123.03657,49.25558],[-123.0416,49.25559],[-123.04161,49.25478],[-123.04161,49.25438],[-123.04428,49.25439],[-123.04426,49.25541]]]}},{"type":"Feature","properties":{"fed":"59039","poll":"72-0","type":"N"},"geometry":{"type":"Polygon","coordinates":[[[-123.09056,49.23292],[-123.09051,49.2357],[-123.0881,49.23568],[-123.08478,49.23562],[-123.08479,49.23471],[-123.08478,49.23377],[-123.08691,49.23381],[-123.08693,49.23287],[-123.09056,49.23292]]]}},{"type":"Feature","properties":{"fed":"59039","poll":"92-0","type":"N"},"geometry":{"type":"Polygon","coordinates":[[[-123.04443,49.2488],[-123.0471,49.24881],[-123.0471,49.2497],[-123.04442,49.24969],[-123.04393,49.25027],[-123.0418,49.24919],[-123.04161,49.24967],[-123.03912,49.24967],[-123.03913,49.24877],[-123.03914,49.24706],[-123.04496,49.24713],[-123.04514,49.24791],[-123.04443,49.2488]]]}},{"type":"Feature","properties":{"fed":"59039","poll":"108-0","type":"N"},"geometry":{"type":"Polygon","coordinates":[[[-123.07982,49.23273],[-123.07971,49.23644],[-123.07914,49.23647],[-123.07914,49.23687],[-123.07693,49.23684],[-123.07708,49.23275],[-123.07982,49.23273]]]}},{"type":"Feature","properties":{"fed":"59039","poll":"181-0","type":"N"},"geometry":{"type":"Polygon","coordinates":[[[-123.02696,49.23641],[-123.02601,49.2365],[-123.02546,49.23697],[-123.02345,49.23622],[-123.02347,49.23433],[-123.02483,49.23502],[-123.02621,49.23565],[-123.02696,49.23641]]]}},{"type":"Feature","properties":{"fed":"59039","poll":"119-0","type":"N"},"geometry":{"type":"Polygon","coordinates":[[[-123.08131,49.22906],[-123.08267,49.22907],[-123.08259,49.23277],[-123.08122,49.23275],[-123.07982,49.23273],[-123.07989,49.23084],[-123.07996,49.22904],[-123.08131,49.22906]]]}},{"type":"Feature","properties":{"fed":"59039","poll":"167-0","type":"N"},"geometry":{"type":"Polygon","coordinates":[[[-123.02696,49.23641],[-123.0252,49.23803],[-123.02715,49.23884],[-123.02634,49.2397],[-123.02511,49.23924],[-123.02512,49.23961],[-123.02346,49.23959],[-123.02344,49.23699],[-123.02345,49.23622],[-123.02546,49.23697],[-123.02601,49.2365],[-123.02696,49.23641]]]}},{"type":"Feature","properties":{"fed":"59039","poll":"87-0","type":"N"},"geometry":{"type":"Polygon","coordinates":[[[-123.04161,49.25478],[-123.0416,49.25559],[-123.03657,49.25558],[-123.03657,49.2564],[-123.03375,49.25642],[-123.03376,49.254],[-123.03659,49.25401],[-123.03658,49.25476],[-123.04161,49.25478]]]}},{"type":"Feature","properties":{"fed":"59039","poll":"45-0","type":"N"},"geometry":{"type":"Polygon","coordinates":[[[-123.08396,49.24655],[-123.08394,49.24751],[-123.08391,49.24858],[-123.08192,49.24857],[-123.08194,49.24772],[-123.08198,49.24653],[-123.08137,49.24652],[-123.08137,49.24461],[-123.08399,49.24462],[-123.08396,49.24655]]]}},{"type":"Feature","properties":{"fed":"59039","poll":"54-0","type":"N"},"geometry":{"type":"Polygon","coordinates":[[[-123.08137,49.24652],[-123.08198,49.24653],[-123.08194,49.24772],[-123.08009,49.24772],[-123.08012,49.2465],[-123.07625,49.24644],[-123.07629,49.24542],[-123.07822,49.24543],[-123.07824,49.24458],[-123.08137,49.24461],[-123.08137,49.24652]]]}},{"type":"Feature","properties":{"fed":"59039","poll":"91-0","type":"N"},"geometry":{"type":"Polygon","coordinates":[[[-123.04164,49.2515],[-123.03911,49.2515],[-123.03912,49.25062],[-123.03662,49.25061],[-123.03661,49.25149],[-123.03388,49.25149],[-123.03389,49.24966],[-123.03912,49.24967],[-123.04161,49.24967],[-123.04164,49.2515]]]}},{"type":"Feature","properties":{"fed":"59039","poll":"104-0","type":"N"},"geometry":{"type":"Polygon","coordinates":[[[-123.07971,49.23644],[-123.08028,49.23644],[-123.08024,49.2382],[-123.07909,49.2382],[-123.079,49.24022],[-123.07771,49.24022],[-123.07638,49.24022],[-123.07693,49.23684],[-123.07914,49.23687],[-123.07914,49.23647],[-123.07971,49.23644]]]}},{"type":"Feature","properties":{"fed":"59039","poll":"124-0","type":"N"},"geometry":{"type":"Polygon","coordinates":[[[-123.06663,49.24288],[-123.06528,49.24283],[-123.06525,49.24407],[-123.06454,49.24376],[-123.06266,49.2428],[-123.06016,49.24152],[-123.06662,49.24155],[-123.06663,49.24288]]]}},{"type":"Feature","properties":{"fed":"59039","poll":"146-0","type":"N"},"geometry":{"type":"Polygon","coordinates":[[[-123.03379,49.24536],[-123.02856,49.24536],[-123.02856,49.24448],[-123.02739,49.24448],[-123.02807,49.24377],[-123.02699,49.24335],[-123.02772,49.24259],[-123.03061,49.24377],[-123.03139,49.24293],[-123.03443,49.24418],[-123.03379,49.24536]]]}},{"type":"Feature","properties":{"fed":"59039","poll":"102-0","type":"N"},"geometry":{"type":"Polygon","coordinates":[[[-123.07771,49.24022],[-123.07762,49.24458],[-123.07633,49.24455],[-123.07635,49.24369],[-123.07638,49.24306],[-123.07485,49.24304],[-123.07493,49.2402],[-123.07638,49.24022],[-123.07771,49.24022]]]}},{"type":"Feature","properties":{"fed":"59039","poll":"42-0","type":"N"},"geometry":{"type":"Polygon","coordinates":[[[-123.10164,49.23543],[-123.09713,49.23535],[-123.09722,49.23299],[-123.10154,49.23312],[-123.10164,49.23543]]]}},{"type":"Feature","properties":{"fed":"59039","poll":"6-0","type":"N"},"geometry":{"type":"Polygon","coordinates":[[[-123.09666,49.25202],[-123.09659,49.25382],[-123.0939,49.25378],[-123.09402,49.25108],[-123.09207,49.25105],[-123.0921,49.25015],[-123.09673,49.25021],[-123.09666,49.25202]]]}},{"type":"Feature","properties":{"fed":"59039","poll":"178-0","type":"N"},"geometry":{"type":"Polygon","coordinates":[[[-123.02815,49.23654],[-123.02889,49.23586],[-123.02978,49.23623],[-123.03066,49.23664],[-123.02995,49.23737],[-123.02815,49.23654]]]}},{"type":"Feature","properties":{"fed":"59040","poll":"507-0","type":"M"},"geometry":{"type":"Polygon","coordinates":[[[-123.16887,49.23473],[-123.16859,49.23482],[-123.16859,49.23473],[-123.16887,49.23473]]]}},{"type":"Feature","properties":{"fed":"59040","poll":"505-0","type":"M"},"geometry":{"type":"Polygon","coordinates":[[[-123.17812,49.25765],[-123.17815,49.25746],[-123.17833,49.25765],[-123.17812,49.25765]]]}},{"type":"Feature","properties":{"fed":"59040","poll":"501-0","type":"M","jurisdiction":"UBC / UEL — outside City of Vancouver","locality":"Metro Vancouver A"},"geometry":{"type":"Polygon","coordinates":[[[-123.24359,49.26394],[-123.24345,49.26378],[-123.24374,49.26389],[-123.24359,49.26394]]]}},{"type":"Feature","properties":{"fed":"59040","poll":"503-0","type":"M"},"geometry":{"type":"Polygon","coordinates":[[[-123.16048,49.27268],[-123.16076,49.27268],[-123.16075,49.27277],[-123.16048,49.27268]]]}},{"type":"Feature","properties":{"fed":"59040","poll":"502-0","type":"M"},"geometry":{"type":"Polygon","coordinates":[[[-123.24723,49.25534],[-123.24708,49.25518],[-123.24794,49.25529],[-123.24723,49.25534]]]}},{"type":"Feature","properties":{"fed":"59040","poll":"506-0","type":"M"},"geometry":{"type":"Polygon","coordinates":[[[-123.15334,49.24519],[-123.15484,49.24574],[-123.15464,49.24578],[-123.15334,49.24519]]]}},{"type":"Feature","properties":{"fed":"59040","poll":"145-0","type":"N"},"geometry":{"type":"Polygon","coordinates":[[[-123.1528,49.22424],[-123.15299,49.22456],[-123.15237,49.22466],[-123.15236,49.22582],[-123.14801,49.22576],[-123.14789,49.22889],[-123.14493,49.22885],[-123.14354,49.22882],[-123.1436,49.22702],[-123.14363,49.22413],[-123.14512,49.22415],[-123.14509,49.22485],[-123.14805,49.22489],[-123.14807,49.22418],[-123.1528,49.22424]]]}},{"type":"Feature","properties":{"fed":"59040","poll":"146-0","type":"N"},"geometry":{"type":"Polygon","coordinates":[[[-123.14177,49.22412],[-123.14165,49.22701],[-123.13983,49.22697],[-123.13994,49.22409],[-123.14177,49.22412]]]}},{"type":"Feature","properties":{"fed":"59040","poll":"147-0","type":"N"},"geometry":{"type":"Polygon","coordinates":[[[-123.15027,49.21949],[-123.15325,49.22451],[-123.15299,49.22456],[-123.1528,49.22424],[-123.14807,49.22418],[-123.14805,49.22489],[-123.14509,49.22485],[-123.14512,49.22415],[-123.14532,49.21942],[-123.15027,49.21949]]]}},{"type":"Feature","properties":{"fed":"59040","poll":"148-0","type":"N"},"geometry":{"type":"Polygon","coordinates":[[[-123.14185,49.22173],[-123.14377,49.22175],[-123.14363,49.22413],[-123.1436,49.22702],[-123.14165,49.22701],[-123.14177,49.22412],[-123.13994,49.22409],[-123.13996,49.22352],[-123.14015,49.21934],[-123.14223,49.21939],[-123.14211,49.2216],[-123.14185,49.22173]]]}},{"type":"Feature","properties":{"fed":"59040","poll":"149-0","type":"N"},"geometry":{"type":"Polygon","coordinates":[[[-123.14532,49.21942],[-123.14512,49.22415],[-123.14363,49.22413],[-123.14377,49.22175],[-123.14185,49.22173],[-123.14211,49.2216],[-123.14223,49.21939],[-123.14532,49.21942]]]}},{"type":"Feature","properties":{"fed":"59040","poll":"150-0","type":"N"},"geometry":{"type":"Polygon","coordinates":[[[-123.16843,49.22579],[-123.16745,49.22732],[-123.16744,49.23101],[-123.16436,49.231],[-123.1644,49.22916],[-123.16013,49.22909],[-123.15875,49.22907],[-123.15878,49.22816],[-123.15899,49.22502],[-123.16387,49.22509],[-123.164,49.22422],[-123.16602,49.22522],[-123.16843,49.22579]]]}},{"type":"Feature","properties":{"fed":"59040","poll":"151-0","type":"N"},"geometry":{"type":"Polygon","coordinates":[[[-123.15906,49.2229],[-123.15899,49.22502],[-123.15878,49.22816],[-123.15566,49.22812],[-123.15325,49.22451],[-123.15027,49.21949],[-123.15053,49.21949],[-123.15252,49.22282],[-123.15906,49.2229]]]}},{"type":"Feature","properties":{"fed":"59040","poll":"153-0","type":"N"},"geometry":{"type":"Polygon","coordinates":[[[-123.15921,49.22211],[-123.15906,49.2229],[-123.15252,49.22282],[-123.15053,49.21949],[-123.14913,49.21716],[-123.15462,49.21723],[-123.15453,49.21958],[-123.15856,49.21954],[-123.15857,49.22149],[-123.15921,49.22211]]]}},{"type":"Feature","properties":{"fed":"59040","poll":"154-0","type":"N"},"geometry":{"type":"Polygon","coordinates":[[[-123.15488,49.21361],[-123.15547,49.21458],[-123.15444,49.21515],[-123.14843,49.21508],[-123.14873,49.20948],[-123.14827,49.20905],[-123.14889,49.20875],[-123.14995,49.20516],[-123.15074,49.20535],[-123.15357,49.20741],[-123.15564,49.20955],[-123.15488,49.21361]]]}},{"type":"Feature","properties":{"fed":"59040","poll":"3-0","type":"N","jurisdiction":"UBC / UEL — outside City of Vancouver","locality":"Metro Vancouver A"},"geometry":{"type":"Polygon","coordinates":[[[-123.25159,49.25971],[-123.24273,49.26291],[-123.24258,49.26275],[-123.24162,49.26162],[-123.24814,49.25933],[-123.2467,49.25758],[-123.24915,49.25672],[-123.25159,49.25971]]]}},{"type":"Feature","properties":{"fed":"59040","poll":"2-0","type":"N","jurisdiction":"UBC / UEL — outside City of Vancouver","locality":"Metro Vancouver A"},"geometry":{"type":"Polygon","coordinates":[[[-123.25416,49.27022],[-123.25405,49.27111],[-123.25325,49.27042],[-123.25128,49.27117],[-123.251,49.27103],[-123.24841,49.27215],[-123.24754,49.26869],[-123.24573,49.26646],[-123.25038,49.26558],[-123.25416,49.27022]]]}},{"type":"Feature","properties":{"fed":"59040","poll":"112-0","type":"N"},"geometry":{"type":"Polygon","coordinates":[[[-123.20858,49.23506],[-123.20533,49.23734],[-123.1971,49.23506],[-123.19706,49.23058],[-123.19715,49.22834],[-123.19841,49.22836],[-123.19854,49.22969],[-123.20232,49.23023],[-123.20301,49.22985],[-123.20398,49.23025],[-123.20383,49.23067],[-123.20661,49.23124],[-123.20732,49.23079],[-123.21027,49.2325],[-123.22132,49.23733],[-123.22008,49.23913],[-123.20858,49.23506]]]}},{"type":"Feature","properties":{"fed":"59040","poll":"77-0","type":"N"},"geometry":{"type":"Polygon","coordinates":[[[-123.18513,49.25801],[-123.18403,49.258],[-123.18001,49.25794],[-123.17811,49.2579],[-123.17812,49.25765],[-123.17833,49.25765],[-123.17815,49.25746],[-123.17824,49.25719],[-123.17624,49.25567],[-123.17542,49.25464],[-123.17509,49.25423],[-123.17683,49.25477],[-123.17795,49.25554],[-123.17859,49.25637],[-123.17857,49.25465],[-123.18187,49.25467],[-123.18186,49.25557],[-123.18515,49.25557],[-123.18513,49.25801]]]}},{"type":"Feature","properties":{"fed":"59038","poll":"126-0","type":"N"},"geometry":{"type":"Polygon","coordinates":[[[-123.11782,49.23546],[-123.11776,49.23729],[-123.1145,49.23714],[-123.11458,49.23881],[-123.11544,49.2397],[-123.11695,49.24103],[-123.11835,49.24109],[-123.11817,49.24266],[-123.11778,49.24323],[-123.11632,49.24412],[-123.11539,49.24517],[-123.11238,49.24511],[-123.11138,49.24483],[-123.10665,49.24079],[-123.10538,49.24058],[-123.10551,49.23734],[-123.10794,49.23739],[-123.10927,49.23729],[-123.10936,49.23565],[-123.11067,49.2357],[-123.11078,49.23335],[-123.11347,49.23349],[-123.11337,49.2353],[-123.11782,49.23546]]]}},{"type":"Feature","properties":{"fed":"59038","poll":"40-0","type":"N"},"geometry":{"type":"Polygon","coordinates":[[[-123.14595,49.25906],[-123.14358,49.25899],[-123.14354,49.2599],[-123.13874,49.25982],[-123.13874,49.25893],[-123.14123,49.25896],[-123.14131,49.2571],[-123.14361,49.25715],[-123.14599,49.25718],[-123.14595,49.25906]],[[-123.14233,49.25897],[-123.14205,49.25906],[-123.14232,49.25906],[-123.14233,49.25897]]]}},{"type":"Feature","properties":{"fed":"59038","poll":"132-0","type":"N"},"geometry":{"type":"Polygon","coordinates":[[[-123.12168,49.23],[-123.12171,49.22908],[-123.12253,49.22964],[-123.12324,49.23262],[-123.12392,49.23289],[-123.12324,49.23325],[-123.12208,49.23316],[-123.12075,49.23044],[-123.12168,49.23]]]}},{"type":"Feature","properties":{"fed":"59038","poll":"97-0","type":"N"},"geometry":{"type":"Polygon","coordinates":[[[-123.1244,49.25708],[-123.12205,49.25703],[-123.12014,49.25699],[-123.12016,49.25611],[-123.12208,49.25616],[-123.12211,49.25524],[-123.12216,49.25433],[-123.12454,49.25437],[-123.1244,49.25708]]]}},{"type":"Feature","properties":{"fed":"59038","poll":"153-0","type":"N"},"geometry":{"type":"Polygon","coordinates":[[[-123.11627,49.22881],[-123.11622,49.22981],[-123.11618,49.23074],[-123.10824,49.23046],[-123.10825,49.22954],[-123.10834,49.22862],[-123.11627,49.22881]]]}},{"type":"Feature","properties":{"fed":"59038","poll":"184-0","type":"N"},"geometry":{"type":"Polygon","coordinates":[[[-123.10158,49.20409],[-123.10247,49.20493],[-123.10243,49.20724],[-123.09855,49.20757],[-123.09836,49.2109],[-123.09798,49.21094],[-123.09797,49.21167],[-123.1003,49.21174],[-123.10024,49.2136],[-123.0979,49.21344],[-123.09796,49.21226],[-123.09536,49.21223],[-123.09536,49.21328],[-123.0943,49.21322],[-123.0933,49.21315],[-123.09331,49.21108],[-123.09115,49.21108],[-123.09128,49.20531],[-123.09792,49.20419],[-123.10158,49.20409]]]}},{"type":"Feature","properties":{"fed":"59038","poll":"144-0","type":"N"},"geometry":{"type":"Polygon","coordinates":[[[-123.14015,49.21934],[-123.13996,49.22352],[-123.1376,49.22348],[-123.13764,49.22259],[-123.13525,49.22255],[-123.13531,49.22074],[-123.13428,49.21988],[-123.13406,49.21927],[-123.14015,49.21934]]]}},{"type":"Feature","properties":{"fed":"59038","poll":"180-0","type":"N"},"geometry":{"type":"Polygon","coordinates":[[[-123.10201,49.21582],[-123.10152,49.21614],[-123.09825,49.21607],[-123.09783,49.21577],[-123.09787,49.21429],[-123.10207,49.21436],[-123.10201,49.21582]]]}},{"type":"Feature","properties":{"fed":"59038","poll":"60-0","type":"N"},"geometry":{"type":"Polygon","coordinates":[[[-123.1198,49.26596],[-123.11743,49.26592],[-123.1179,49.26699],[-123.11743,49.26685],[-123.11531,49.26796],[-123.11482,49.26806],[-123.1148,49.26673],[-123.11475,49.26539],[-123.11476,49.26494],[-123.11983,49.26507],[-123.1198,49.26596]]]}},{"type":"Feature","properties":{"fed":"59038","poll":"86-0","type":"N"},"geometry":{"type":"Polygon","coordinates":[[[-123.1203,49.25159],[-123.12026,49.2525],[-123.1183,49.25246],[-123.11834,49.25156],[-123.11616,49.2515],[-123.11622,49.25003],[-123.11538,49.2501],[-123.11531,49.24905],[-123.11843,49.24911],[-123.11839,49.25004],[-123.12037,49.25009],[-123.1203,49.25159]]]}},{"type":"Feature","properties":{"fed":"59038","poll":"115-0","type":"N"},"geometry":{"type":"Polygon","coordinates":[[[-123.11138,49.24483],[-123.10897,49.24603],[-123.11044,49.24682],[-123.11229,49.24699],[-123.11225,49.24788],[-123.1122,49.24887],[-123.11007,49.24886],[-123.11006,49.24784],[-123.10752,49.2478],[-123.10507,49.24775],[-123.10509,49.24732],[-123.10522,49.24453],[-123.10538,49.24058],[-123.10665,49.24079],[-123.11138,49.24483]]]}},{"type":"Feature","properties":{"fed":"59038","poll":"151-0","type":"N"},"geometry":{"type":"Polygon","coordinates":[[[-123.11603,49.2336],[-123.11347,49.23349],[-123.11078,49.23335],[-123.11082,49.23236],[-123.10818,49.23228],[-123.1082,49.23136],[-123.10568,49.23129],[-123.10569,49.23099],[-123.10572,49.23037],[-123.10824,49.23046],[-123.11618,49.23074],[-123.11603,49.2336]]]}},{"type":"Feature","properties":{"fed":"59038","poll":"55-0","type":"N"},"geometry":{"type":"Polygon","coordinates":[[[-123.12898,49.26437],[-123.12896,49.2652],[-123.12893,49.26605],[-123.12655,49.266],[-123.12663,49.26341],[-123.12902,49.26345],[-123.12898,49.26437]]]}},{"type":"Feature","properties":{"fed":"59038","poll":"56-0","type":"N"},"geometry":{"type":"Polygon","coordinates":[[[-123.12655,49.266],[-123.12409,49.26595],[-123.12419,49.26337],[-123.12663,49.26341],[-123.12655,49.266]]]}},{"type":"Feature","properties":{"fed":"59038","poll":"54-0","type":"N"},"geometry":{"type":"Polygon","coordinates":[[[-123.13029,49.25787],[-123.1316,49.25789],[-123.13157,49.2588],[-123.12917,49.25876],[-123.12678,49.25872],[-123.12705,49.25782],[-123.12438,49.25778],[-123.1244,49.25708],[-123.12723,49.25712],[-123.13032,49.25707],[-123.13029,49.25787]]]}},{"type":"Feature","properties":{"fed":"59038","poll":"85-0","type":"N"},"geometry":{"type":"Polygon","coordinates":[[[-123.12751,49.25083],[-123.12743,49.25262],[-123.12461,49.25258],[-123.12464,49.25167],[-123.12223,49.25163],[-123.12231,49.25012],[-123.1247,49.25016],[-123.12479,49.24812],[-123.12758,49.24816],[-123.12751,49.25083]]]}},{"type":"Feature","properties":{"fed":"59038","poll":"164-0","type":"N"},"geometry":{"type":"Polygon","coordinates":[[[-123.09421,49.22181],[-123.09417,49.22362],[-123.09416,49.22458],[-123.09082,49.22452],[-123.09086,49.22272],[-123.09089,49.222],[-123.09089,49.22175],[-123.09421,49.22181]]]}},{"type":"Feature","properties":{"fed":"59038","poll":"29-0","type":"N"},"geometry":{"type":"Polygon","coordinates":[[[-123.13069,49.26839],[-123.13065,49.26968],[-123.12954,49.27014],[-123.12695,49.26947],[-123.12131,49.26939],[-123.12137,49.26842],[-123.12081,49.26764],[-123.11954,49.26762],[-123.11938,49.26668],[-123.1179,49.26699],[-123.11743,49.26592],[-123.1198,49.26596],[-123.12177,49.26593],[-123.12409,49.26595],[-123.12655,49.266],[-123.12893,49.26605],[-123.12897,49.2664],[-123.12787,49.26634],[-123.12651,49.26679],[-123.12622,49.26705],[-123.12634,49.2674],[-123.12686,49.2676],[-123.12744,49.26753],[-123.1282,49.26822],[-123.1307,49.26796],[-123.13152,49.26733],[-123.13278,49.26794],[-123.13335,49.26843],[-123.13402,49.26849],[-123.13394,49.26885],[-123.13069,49.26839]]]}},{"type":"Feature","properties":{"fed":"59038","poll":"78-0","type":"N"},"geometry":{"type":"Polygon","coordinates":[[[-123.1111,49.25937],[-123.11105,49.26037],[-123.10957,49.26034],[-123.10951,49.26216],[-123.10689,49.26211],[-123.107,49.25939],[-123.10962,49.2594],[-123.10966,49.25768],[-123.11113,49.25774],[-123.1111,49.25937]]]}},{"type":"Feature","properties":{"fed":"59039","poll":"10-0","type":"N"},"geometry":{"type":"Polygon","coordinates":[[[-123.09689,49.24565],[-123.09679,49.24872],[-123.09547,49.24871],[-123.09549,49.24737],[-123.0941,49.24735],[-123.09409,49.24769],[-123.09018,49.24762],[-123.09021,49.24662],[-123.09413,49.24665],[-123.09416,49.24563],[-123.09689,49.24565]]]}},{"type":"Feature","properties":{"fed":"59039","poll":"157-0","type":"N"},"geometry":{"type":"Polygon","coordinates":[[[-123.02772,49.24259],[-123.02699,49.24335],[-123.02807,49.24377],[-123.02739,49.24448],[-123.02357,49.24443],[-123.02358,49.24299],[-123.02357,49.24024],[-123.0251,49.24037],[-123.02852,49.24175],[-123.02772,49.24259]]]}},{"type":"Feature","properties":{"fed":"59039","poll":"62-0","type":"N"},"geometry":{"type":"Polygon","coordinates":[[[-123.04962,49.25155],[-123.04956,49.25403],[-123.04706,49.25403],[-123.04705,49.25544],[-123.04426,49.25541],[-123.04428,49.25439],[-123.04431,49.25151],[-123.04962,49.25155]]]}},{"type":"Feature","properties":{"fed":"59039","poll":"126-0","type":"N"},"geometry":{"type":"Polygon","coordinates":[[[-123.05087,49.24328],[-123.05166,49.24244],[-123.05276,49.2429],[-123.05111,49.24462],[-123.04966,49.24463],[-123.04218,49.24455],[-123.04304,49.24365],[-123.0436,49.24308],[-123.04466,49.24352],[-123.04649,49.24163],[-123.04893,49.24249],[-123.05087,49.24328]]]}},{"type":"Feature","properties":{"fed":"59039","poll":"156-0","type":"N"},"geometry":{"type":"Polygon","coordinates":[[[-123.03443,49.24418],[-123.03139,49.24293],[-123.03061,49.24377],[-123.02772,49.24259],[-123.02852,49.24175],[-123.0293,49.24093],[-123.0322,49.24207],[-123.03302,49.24122],[-123.03603,49.24249],[-123.03443,49.24418]]]}},{"type":"Feature","properties":{"fed":"59039","poll":"129-0","type":"N"},"geometry":{"type":"Polygon","coordinates":[[[-123.05093,49.24077],[-123.0526,49.24153],[-123.05166,49.24244],[-123.05087,49.24328],[-123.04893,49.24249],[-123.05029,49.24114],[-123.0468,49.23973],[-123.04882,49.23757],[-123.05191,49.23901],[-123.0526,49.23934],[-123.05093,49.24077]]]}},{"type":"Feature","properties":{"fed":"59039","poll":"52-0","type":"N"},"geometry":{"type":"Polygon","coordinates":[[[-123.07599,49.24852],[-123.07596,49.25007],[-123.07337,49.24895],[-123.07338,49.2485],[-123.07385,49.24851],[-123.07495,49.24907],[-123.07496,49.24851],[-123.07599,49.24852]]]}},{"type":"Feature","properties":{"fed":"59039","poll":"73-0","type":"N"},"geometry":{"type":"Polygon","coordinates":[[[-123.08122,49.23275],[-123.08112,49.23485],[-123.08479,49.23471],[-123.08478,49.23562],[-123.08252,49.2356],[-123.08249,49.23645],[-123.0814,49.23645],[-123.08028,49.23644],[-123.07971,49.23644],[-123.07982,49.23273],[-123.08122,49.23275]]]}},{"type":"Feature","properties":{"fed":"59039","poll":"44-0","type":"N"},"geometry":{"type":"Polygon","coordinates":[[[-123.09021,49.24662],[-123.09018,49.24762],[-123.08394,49.24751],[-123.08396,49.24655],[-123.0878,49.24659],[-123.08782,49.24549],[-123.08784,49.2447],[-123.09029,49.24475],[-123.09021,49.24662]]]}},{"type":"Feature","properties":{"fed":"59039","poll":"145-0","type":"N"},"geometry":{"type":"Polygon","coordinates":[[[-123.04176,49.24313],[-123.04059,49.24437],[-123.03707,49.24291],[-123.03825,49.24168],[-123.0393,49.24211],[-123.03974,49.24151],[-123.04068,49.24189],[-123.0436,49.24308],[-123.04304,49.24365],[-123.04176,49.24313]]]}},{"type":"Feature","properties":{"fed":"59039","poll":"86-0","type":"N"},"geometry":{"type":"Polygon","coordinates":[[[-123.10153,49.22939],[-123.10146,49.23171],[-123.10154,49.23312],[-123.09722,49.23299],[-123.09739,49.22931],[-123.0995,49.22934],[-123.10153,49.22939]]]}},{"type":"Feature","properties":{"fed":"59039","poll":"3-0","type":"N"},"geometry":{"type":"Polygon","coordinates":[[[-123.09649,49.25652],[-123.0938,49.25648],[-123.08985,49.25641],[-123.08993,49.25554],[-123.09382,49.2556],[-123.09385,49.25469],[-123.09656,49.25473],[-123.09649,49.25652]]]}},{"type":"Feature","properties":{"fed":"59039","poll":"22-0","type":"N"},"geometry":{"type":"Polygon","coordinates":[[[-123.0759,49.25623],[-123.07582,49.2566],[-123.07372,49.25654],[-123.07286,49.25653],[-123.07297,49.25256],[-123.07601,49.25261],[-123.0759,49.25623]]]}},{"type":"Feature","properties":{"fed":"59039","poll":"140-0","type":"N"},"geometry":{"type":"Polygon","coordinates":[[[-123.0687,49.23264],[-123.06867,49.23453],[-123.0655,49.2345],[-123.06553,49.23281],[-123.0687,49.23264]]]}},{"type":"Feature","properties":{"fed":"59039","poll":"136-0","type":"N"},"geometry":{"type":"Polygon","coordinates":[[[-123.06861,49.23756],[-123.06545,49.23749],[-123.06544,49.23814],[-123.06211,49.23808],[-123.06212,49.23691],[-123.06546,49.23692],[-123.06551,49.23524],[-123.06866,49.23528],[-123.06861,49.23756]]]}},{"type":"Feature","properties":{"fed":"59039","poll":"127-0","type":"N"},"geometry":{"type":"Polygon","coordinates":[[[-123.06016,49.24152],[-123.05918,49.24236],[-123.05814,49.24188],[-123.05839,49.24162],[-123.05751,49.24122],[-123.05731,49.2415],[-123.05455,49.24025],[-123.0526,49.23934],[-123.05191,49.23901],[-123.05302,49.23889],[-123.05456,49.23889],[-123.05442,49.2398],[-123.05678,49.23979],[-123.05869,49.24086],[-123.06016,49.24152]]]}},{"type":"Feature","properties":{"fed":"59039","poll":"133-0","type":"N"},"geometry":{"type":"Polygon","coordinates":[[[-123.05169,49.23385],[-123.05172,49.23585],[-123.05175,49.23739],[-123.05302,49.23739],[-123.05302,49.23889],[-123.05191,49.23901],[-123.04882,49.23757],[-123.0488,49.23277],[-123.05019,49.23277],[-123.05019,49.23388],[-123.05169,49.23385]]]}},{"type":"Feature","properties":{"fed":"59039","poll":"11-0","type":"N"},"geometry":{"type":"Polygon","coordinates":[[[-123.08998,49.25373],[-123.08993,49.25554],[-123.08985,49.25641],[-123.0892,49.25641],[-123.08743,49.25559],[-123.08758,49.25459],[-123.08765,49.25277],[-123.09001,49.2528],[-123.08998,49.25373]]]}},{"type":"Feature","properties":{"fed":"59039","poll":"116-0","type":"N"},"geometry":{"type":"Polygon","coordinates":[[[-123.0995,49.22934],[-123.09739,49.22931],[-123.09743,49.22841],[-123.09402,49.22834],[-123.09404,49.22743],[-123.09745,49.2275],[-123.09753,49.22559],[-123.09956,49.22563],[-123.0995,49.22934]]]}},{"type":"Feature","properties":{"fed":"59039","poll":"132-0","type":"N"},"geometry":{"type":"Polygon","coordinates":[[[-123.05551,49.23587],[-123.0555,49.2374],[-123.05657,49.2374],[-123.05655,49.23891],[-123.05456,49.23889],[-123.05302,49.23889],[-123.05302,49.23739],[-123.05175,49.23739],[-123.05172,49.23585],[-123.05551,49.23587]]]}},{"type":"Feature","properties":{"fed":"59039","poll":"33-0","type":"N"},"geometry":{"type":"Polygon","coordinates":[[[-123.05661,49.25288],[-123.05661,49.25349],[-123.05619,49.25345],[-123.05575,49.25321],[-123.05219,49.25322],[-123.05225,49.2507],[-123.04963,49.25069],[-123.04963,49.2506],[-123.0546,49.25064],[-123.05461,49.24972],[-123.05664,49.24971],[-123.05661,49.25288]]]}},{"type":"Feature","properties":{"fed":"59040","poll":"13-0","type":"N"},"geometry":{"type":"Polygon","coordinates":[[[-123.19063,49.26958],[-123.19067,49.26875],[-123.19347,49.2688],[-123.19291,49.28242],[-123.18553,49.28234],[-123.18559,49.27228],[-123.18352,49.27217],[-123.18355,49.27129],[-123.18563,49.27132],[-123.18566,49.2704],[-123.18757,49.27044],[-123.1876,49.26956],[-123.19063,49.26958]]]}},{"type":"Feature","properties":{"fed":"59040","poll":"14-0","type":"N"},"geometry":{"type":"Polygon","coordinates":[[[-123.21501,49.26912],[-123.21499,49.27027],[-123.20274,49.27012],[-123.20268,49.26894],[-123.20322,49.26828],[-123.20592,49.26891],[-123.20599,49.2664],[-123.209,49.26646],[-123.20893,49.26816],[-123.21199,49.2682],[-123.21505,49.2682],[-123.21501,49.26912]]]}},{"type":"Feature","properties":{"fed":"59040","poll":"22-0","type":"N"},"geometry":{"type":"Polygon","coordinates":[[[-123.18169,49.26947],[-123.18164,49.27126],[-123.17763,49.27119],[-123.17763,49.27154],[-123.18352,49.27217],[-123.18559,49.27228],[-123.18553,49.28234],[-123.16845,49.28231],[-123.16818,49.27146],[-123.16919,49.27106],[-123.171,49.27108],[-123.17375,49.27112],[-123.17376,49.27025],[-123.17967,49.27033],[-123.17968,49.26944],[-123.18169,49.26947]]]}},{"type":"Feature","properties":{"fed":"59040","poll":"23-0","type":"N"},"geometry":{"type":"Polygon","coordinates":[[[-123.17968,49.26944],[-123.17967,49.27033],[-123.17376,49.27025],[-123.17379,49.26934],[-123.17573,49.26937],[-123.17577,49.26847],[-123.17973,49.26854],[-123.17968,49.26944]]]}},{"type":"Feature","properties":{"fed":"59040","poll":"24-0","type":"N"},"geometry":{"type":"Polygon","coordinates":[[[-123.18369,49.26772],[-123.18176,49.26769],[-123.18175,49.26857],[-123.17973,49.26854],[-123.17577,49.26847],[-123.17582,49.26761],[-123.17588,49.2659],[-123.1778,49.26593],[-123.17776,49.26681],[-123.1798,49.26683],[-123.17981,49.26597],[-123.18374,49.26603],[-123.18369,49.26772]]]}},{"type":"Feature","properties":{"fed":"59040","poll":"50-0","type":"N"},"geometry":{"type":"Polygon","coordinates":[[[-123.20629,49.25832],[-123.2062,49.26107],[-123.20313,49.26102],[-123.2031,49.26193],[-123.20006,49.26189],[-123.20009,49.26097],[-123.19706,49.26093],[-123.19709,49.26002],[-123.20013,49.26007],[-123.20017,49.25823],[-123.20323,49.25827],[-123.20629,49.25832]]]}},{"type":"Feature","properties":{"fed":"59040","poll":"52-0","type":"N"},"geometry":{"type":"Polygon","coordinates":[[[-123.20323,49.25827],[-123.20017,49.25823],[-123.19109,49.25812],[-123.1908,49.25794],[-123.19082,49.25559],[-123.19359,49.25561],[-123.19361,49.2529],[-123.19669,49.25291],[-123.19656,49.25653],[-123.20294,49.2567],[-123.20323,49.25827]]]}},{"type":"Feature","properties":{"fed":"59040","poll":"83-0","type":"N"},"geometry":{"type":"Polygon","coordinates":[[[-123.15535,49.2629],[-123.15531,49.26387],[-123.15528,49.2648],[-123.1529,49.26477],[-123.15302,49.26195],[-123.15538,49.26201],[-123.15535,49.2629]]]}},{"type":"Feature","properties":{"fed":"59040","poll":"84-0","type":"N"},"geometry":{"type":"Polygon","coordinates":[[[-123.15769,49.26294],[-123.15535,49.2629],[-123.15538,49.26201],[-123.15541,49.26151],[-123.15773,49.26158],[-123.15769,49.26294]]]}},{"type":"Feature","properties":{"fed":"59040","poll":"86-0","type":"N"},"geometry":{"type":"Polygon","coordinates":[[[-123.15773,49.26158],[-123.15541,49.26151],[-123.15538,49.26201],[-123.15302,49.26195],[-123.15308,49.26101],[-123.15544,49.26104],[-123.15543,49.26122],[-123.15556,49.26122],[-123.15544,49.26104],[-123.15775,49.26112],[-123.15773,49.26158]]]}},{"type":"Feature","properties":{"fed":"59040","poll":"1-0","type":"N","jurisdiction":"UBC / UEL — outside City of Vancouver","locality":"Metro Vancouver A"},"geometry":{"type":"Polygon","coordinates":[[[-123.29944,49.25918],[-123.29852,49.28447],[-123.22151,49.28291],[-123.22377,49.27821],[-123.22388,49.27739],[-123.22619,49.27754],[-123.22979,49.27817],[-123.23408,49.27814],[-123.23747,49.27893],[-123.24115,49.27927],[-123.2438,49.27909],[-123.24766,49.27749],[-123.24944,49.27676],[-123.25055,49.27553],[-123.25167,49.27522],[-123.25232,49.27435],[-123.25368,49.27378],[-123.25424,49.27298],[-123.25405,49.27111],[-123.25416,49.27022],[-123.25038,49.26558],[-123.24573,49.26646],[-123.24359,49.26394],[-123.24374,49.26389],[-123.24345,49.26378],[-123.24273,49.26291],[-123.25159,49.25971],[-123.24915,49.25672],[-123.24821,49.25535],[-123.24996,49.25441],[-123.25081,49.25475],[-123.25221,49.25628],[-123.2546,49.25462],[-123.25637,49.25637],[-123.2733,49.26233],[-123.27623,49.25922],[-123.29944,49.25918]]]}},{"type":"Feature","properties":{"fed":"59040","poll":"54-0","type":"N","jurisdiction":"UBC / UEL — outside City of Vancouver","locality":"Metro Vancouver A"},"geometry":{"type":"Polygon","coordinates":[[[-123.23794,49.25744],[-123.23586,49.25833],[-123.23529,49.25823],[-123.23399,49.25874],[-123.23331,49.25835],[-123.2322,49.25876],[-123.23141,49.25759],[-123.23225,49.2573],[-123.23588,49.25594],[-123.23661,49.25589],[-123.23794,49.25744]]]}},{"type":"Feature","properties":{"fed":"59040","poll":"55-0","type":"N","jurisdiction":"UBC / UEL — outside City of Vancouver","locality":"Metro Vancouver A"},"geometry":{"type":"Polygon","coordinates":[[[-123.23399,49.25874],[-123.23529,49.25823],[-123.23601,49.2591],[-123.23326,49.26008],[-123.23286,49.25958],[-123.22689,49.26027],[-123.21621,49.25911],[-123.2154,49.25852],[-123.22611,49.25854],[-123.2285,49.25828],[-123.23141,49.25759],[-123.2322,49.25876],[-123.23331,49.25835],[-123.23399,49.25874]]]}},{"type":"Feature","properties":{"fed":"59040","poll":"56-0","type":"N","jurisdiction":"UBC / UEL — outside City of Vancouver","locality":"Metro Vancouver A"},"geometry":{"type":"Polygon","coordinates":[[[-123.23671,49.25574],[-123.23661,49.25589],[-123.23588,49.25594],[-123.23225,49.2573],[-123.23154,49.2564],[-123.23353,49.25576],[-123.23235,49.25445],[-123.23471,49.25372],[-123.23571,49.25497],[-123.23671,49.25574]],[[-123.23524,49.25448],[-123.23504,49.25456],[-123.2353,49.25488],[-123.23551,49.25481],[-123.23524,49.25448]]]}},{"type":"Feature","properties":{"fed":"59040","poll":"57-0","type":"N","jurisdiction":"UBC / UEL — outside City of Vancouver","locality":"Metro Vancouver A"},"geometry":{"type":"Polygon","coordinates":[[[-123.24839,49.25076],[-123.24968,49.2499],[-123.25263,49.25105],[-123.25371,49.25272],[-123.25372,49.25404],[-123.2546,49.25462],[-123.25221,49.25628],[-123.25081,49.25475],[-123.24996,49.25441],[-123.24685,49.25191],[-123.24542,49.25268],[-123.23671,49.25574],[-123.23571,49.25497],[-123.23471,49.25372],[-123.23583,49.25334],[-123.23858,49.25169],[-123.23824,49.25132],[-123.23635,49.25083],[-123.23233,49.24972],[-123.23188,49.24841],[-123.23194,49.247],[-123.2338,49.24489],[-123.23872,49.24738],[-123.23903,49.24727],[-123.24277,49.24831],[-123.24839,49.25076]]]}},{"type":"Feature","properties":{"fed":"59040","poll":"58-0","type":"N","jurisdiction":"UBC / UEL — outside City of Vancouver","locality":"Metro Vancouver A"},"geometry":{"type":"Polygon","coordinates":[[[-123.23387,49.25256],[-123.23471,49.25372],[-123.23235,49.25445],[-123.23044,49.25441],[-123.23005,49.25317],[-123.23387,49.25256]]]}},{"type":"Feature","properties":{"fed":"59040","poll":"59-0","type":"N","jurisdiction":"UBC / UEL — outside City of Vancouver","locality":"Metro Vancouver A"},"geometry":{"type":"Polygon","coordinates":[[[-123.23635,49.25083],[-123.23824,49.25132],[-123.23858,49.25169],[-123.23583,49.25334],[-123.23471,49.25372],[-123.23387,49.25256],[-123.23635,49.25083]]]}},{"type":"Feature","properties":{"fed":"59040","poll":"88-0","type":"N"},"geometry":{"type":"Polygon","coordinates":[[[-123.16502,49.25724],[-123.16494,49.25765],[-123.1603,49.25743],[-123.15291,49.2573],[-123.153,49.2553],[-123.16343,49.25548],[-123.16502,49.25724]]]}},{"type":"Feature","properties":{"fed":"59038","poll":"167-0","type":"N"},"geometry":{"type":"Polygon","coordinates":[[[-123.09772,49.21922],[-123.09767,49.22098],[-123.09422,49.22092],[-123.09424,49.22002],[-123.09092,49.21997],[-123.09094,49.21912],[-123.09772,49.21922]]]}},{"type":"Feature","properties":{"fed":"59038","poll":"90-0","type":"N"},"geometry":{"type":"Polygon","coordinates":[[[-123.14992,49.24759],[-123.15021,49.24795],[-123.15005,49.24831],[-123.14883,49.24959],[-123.15305,49.25142],[-123.15305,49.25163],[-123.1514,49.25099],[-123.15087,49.2519],[-123.15112,49.25231],[-123.15087,49.25337],[-123.14846,49.25426],[-123.14853,49.25292],[-123.14475,49.25368],[-123.14365,49.25364],[-123.14138,49.25179],[-123.14151,49.24937],[-123.14465,49.24944],[-123.14474,49.24751],[-123.14992,49.24759]]]}},{"type":"Feature","properties":{"fed":"59038","poll":"133-0","type":"N"},"geometry":{"type":"Polygon","coordinates":[[[-123.12389,49.23387],[-123.1209,49.23378],[-123.11603,49.2336],[-123.11618,49.23074],[-123.11622,49.22981],[-123.11799,49.22988],[-123.12168,49.23],[-123.12075,49.23044],[-123.12208,49.23316],[-123.12324,49.23325],[-123.12392,49.23289],[-123.12389,49.23387]]]}},{"type":"Feature","properties":{"fed":"59038","poll":"136-0","type":"N"},"geometry":{"type":"Polygon","coordinates":[[[-123.12091,49.22538],[-123.12362,49.22546],[-123.1236,49.22638],[-123.12182,49.2263],[-123.11813,49.22614],[-123.11799,49.22988],[-123.11622,49.22981],[-123.11627,49.22881],[-123.11635,49.22701],[-123.11645,49.22519],[-123.12091,49.22538]]]}},{"type":"Feature","properties":{"fed":"59038","poll":"43-0","type":"N"},"geometry":{"type":"Polygon","coordinates":[[[-123.13363,49.26619],[-123.12893,49.26605],[-123.12896,49.2652],[-123.13368,49.26527],[-123.13363,49.26619]]]}},{"type":"Feature","properties":{"fed":"59038","poll":"141-0","type":"N"},"geometry":{"type":"Polygon","coordinates":[[[-123.13511,49.2268],[-123.13505,49.22863],[-123.13205,49.22852],[-123.13202,49.22943],[-123.12825,49.22931],[-123.12836,49.22569],[-123.13515,49.22579],[-123.13511,49.2268]]]}},{"type":"Feature","properties":{"fed":"59038","poll":"24-0","type":"N"},"geometry":{"type":"Polygon","coordinates":[[[-123.15302,49.26195],[-123.15062,49.26191],[-123.14584,49.26183],[-123.14588,49.26095],[-123.15308,49.26101],[-123.15302,49.26195]]]}},{"type":"Feature","properties":{"fed":"59038","poll":"181-0","type":"N"},"geometry":{"type":"Polygon","coordinates":[[[-123.10659,49.21239],[-123.10645,49.21422],[-123.10207,49.21414],[-123.10224,49.21116],[-123.10659,49.21239]]]}},{"type":"Feature","properties":{"fed":"59038","poll":"61-0","type":"N"},"geometry":{"type":"Polygon","coordinates":[[[-123.11984,49.26422],[-123.11983,49.26507],[-123.11476,49.26494],[-123.11477,49.26404],[-123.11748,49.26418],[-123.11754,49.26326],[-123.11991,49.2633],[-123.11984,49.26422]]]}},{"type":"Feature","properties":{"fed":"59038","poll":"82-0","type":"N"},"geometry":{"type":"Polygon","coordinates":[[[-123.10976,49.25575],[-123.10971,49.25676],[-123.10519,49.25665],[-123.10125,49.25658],[-123.10128,49.25569],[-123.105,49.25571],[-123.10717,49.2557],[-123.10721,49.25471],[-123.10981,49.25477],[-123.10976,49.25575]]]}},{"type":"Feature","properties":{"fed":"59038","poll":"57-0","type":"N"},"geometry":{"type":"Polygon","coordinates":[[[-123.12409,49.26595],[-123.12177,49.26593],[-123.12183,49.26332],[-123.12419,49.26337],[-123.12409,49.26595]]]}},{"type":"Feature","properties":{"fed":"59038","poll":"34-0","type":"N"},"geometry":{"type":"Polygon","coordinates":[[[-123.14348,49.26272],[-123.14108,49.26268],[-123.14104,49.26362],[-123.13858,49.2636],[-123.13854,49.26451],[-123.1361,49.26447],[-123.1361,49.26357],[-123.13616,49.2626],[-123.13856,49.26264],[-123.13859,49.26172],[-123.14347,49.26177],[-123.14348,49.26272]]]}},{"type":"Feature","properties":{"fed":"59038","poll":"170-0","type":"N"},"geometry":{"type":"Polygon","coordinates":[[[-123.11337,49.2169],[-123.11335,49.2178],[-123.111,49.21791],[-123.11104,49.21688],[-123.10981,49.21687],[-123.10986,49.21513],[-123.1099,49.21425],[-123.11259,49.21438],[-123.11274,49.21429],[-123.11264,49.21689],[-123.11337,49.2169]]]}},{"type":"Feature","properties":{"fed":"59038","poll":"116-0","type":"N"},"geometry":{"type":"Polygon","coordinates":[[[-123.10522,49.24453],[-123.10509,49.24732],[-123.10328,49.24728],[-123.10117,49.24723],[-123.10128,49.24573],[-123.10133,49.24446],[-123.10522,49.24453]]]}},{"type":"Feature","properties":{"fed":"59038","poll":"7-0","type":"N"},"geometry":{"type":"Polygon","coordinates":[[[-123.15037,49.26987],[-123.15034,49.27075],[-123.14789,49.27071],[-123.14796,49.26896],[-123.14799,49.26805],[-123.1504,49.26809],[-123.15037,49.26987]]]}},{"type":"Feature","properties":{"fed":"59038","poll":"146-0","type":"N"},"geometry":{"type":"Polygon","coordinates":[[[-123.13406,49.21927],[-123.13428,49.21988],[-123.13531,49.22074],[-123.13525,49.22255],[-123.1352,49.22401],[-123.12846,49.22392],[-123.12857,49.21921],[-123.13406,49.21927]]]}},{"type":"Feature","properties":{"fed":"59038","poll":"3-0","type":"N"},"geometry":{"type":"Polygon","coordinates":[[[-123.15254,49.27454],[-123.15136,49.27452],[-123.15143,49.27254],[-123.15024,49.27252],[-123.15031,49.27162],[-123.15265,49.27166],[-123.15254,49.27454]]]}},{"type":"Feature","properties":{"fed":"59038","poll":"125-0","type":"N"},"geometry":{"type":"Polygon","coordinates":[[[-123.12797,49.23765],[-123.12374,49.23751],[-123.12226,49.23746],[-123.12233,49.23562],[-123.12088,49.23556],[-123.1209,49.23378],[-123.12389,49.23387],[-123.12809,49.23401],[-123.12797,49.23765]]]}},{"type":"Feature","properties":{"fed":"59038","poll":"168-0","type":"N"},"geometry":{"type":"Polygon","coordinates":[[[-123.10407,49.21853],[-123.10401,49.21935],[-123.10187,49.21931],[-123.09772,49.21922],[-123.09094,49.21912],[-123.09096,49.21828],[-123.09775,49.2184],[-123.1019,49.21847],[-123.10407,49.21853]]]}},{"type":"Feature","properties":{"fed":"59038","poll":"6-0","type":"N"},"geometry":{"type":"Polygon","coordinates":[[[-123.15275,49.26903],[-123.15272,49.26991],[-123.15037,49.26987],[-123.1504,49.26809],[-123.15279,49.26812],[-123.15275,49.26903]]]}},{"type":"Feature","properties":{"fed":"59038","poll":"50-0","type":"N"},"geometry":{"type":"Polygon","coordinates":[[[-123.1315,49.26069],[-123.13384,49.26072],[-123.13381,49.26163],[-123.13146,49.2616],[-123.13127,49.26146],[-123.12908,49.26157],[-123.12669,49.26153],[-123.12673,49.26055],[-123.12912,49.26061],[-123.1315,49.26069]]]}},{"type":"Feature","properties":{"fed":"59038","poll":"75-0","type":"N"},"geometry":{"type":"Polygon","coordinates":[[[-123.11503,49.25945],[-123.11441,49.25944],[-123.1111,49.25937],[-123.11113,49.25774],[-123.1112,49.2568],[-123.11507,49.25692],[-123.11503,49.25945]]]}},{"type":"Feature","properties":{"fed":"59039","poll":"120-0","type":"N"},"geometry":{"type":"Polygon","coordinates":[[[-123.03108,49.24965],[-123.03108,49.25061],[-123.02854,49.25063],[-123.02627,49.25064],[-123.02626,49.25152],[-123.02464,49.25151],[-123.02353,49.25151],[-123.02353,49.25066],[-123.02539,49.25065],[-123.02538,49.2488],[-123.02855,49.2488],[-123.02854,49.24969],[-123.03108,49.24965]]]}},{"type":"Feature","properties":{"fed":"59039","poll":"154-0","type":"N"},"geometry":{"type":"Polygon","coordinates":[[[-123.03392,49.24624],[-123.0339,49.2471],[-123.03379,49.2471],[-123.02855,49.24706],[-123.02856,49.24536],[-123.03379,49.24536],[-123.03392,49.24624]]]}},{"type":"Feature","properties":{"fed":"59039","poll":"155-0","type":"N"},"geometry":{"type":"Polygon","coordinates":[[[-123.02856,49.24536],[-123.02855,49.24706],[-123.02356,49.24705],[-123.02357,49.2449],[-123.02357,49.24443],[-123.02739,49.24448],[-123.02856,49.24448],[-123.02856,49.24536]]]}},{"type":"Feature","properties":{"fed":"59039","poll":"153-0","type":"N"},"geometry":{"type":"Polygon","coordinates":[[[-123.04059,49.24437],[-123.0406,49.24455],[-123.03915,49.24454],[-123.03667,49.24452],[-123.03666,49.24626],[-123.03392,49.24624],[-123.03379,49.24536],[-123.03443,49.24418],[-123.03603,49.24249],[-123.03707,49.24291],[-123.04059,49.24437]]]}},{"type":"Feature","properties":{"fed":"59039","poll":"151-0","type":"N"},"geometry":{"type":"Polygon","coordinates":[[[-123.03658,49.24877],[-123.03913,49.24877],[-123.03912,49.24967],[-123.03389,49.24966],[-123.03377,49.24966],[-123.03379,49.2471],[-123.0339,49.2471],[-123.03665,49.24711],[-123.03658,49.24877]]]}},{"type":"Feature","properties":{"fed":"59039","poll":"152-0","type":"N"},"geometry":{"type":"Polygon","coordinates":[[[-123.04505,49.24626],[-123.04496,49.24713],[-123.03914,49.24706],[-123.03913,49.24877],[-123.03658,49.24877],[-123.03665,49.24711],[-123.0339,49.2471],[-123.03392,49.24624],[-123.03666,49.24626],[-123.03667,49.24452],[-123.03915,49.24454],[-123.03914,49.24623],[-123.04505,49.24626]]]}},{"type":"Feature","properties":{"fed":"59039","poll":"79-0","type":"N"},"geometry":{"type":"Polygon","coordinates":[[[-123.06663,49.24288],[-123.06662,49.24155],[-123.06802,49.24156],[-123.0679,49.24501],[-123.06785,49.2464],[-123.06519,49.24515],[-123.06378,49.24451],[-123.06454,49.24376],[-123.06525,49.24407],[-123.06528,49.24283],[-123.06663,49.24288]]]}},{"type":"Feature","properties":{"fed":"59039","poll":"78-0","type":"N"},"geometry":{"type":"Polygon","coordinates":[[[-123.07217,49.24301],[-123.07215,49.24401],[-123.07145,49.24401],[-123.07004,49.244],[-123.07001,49.24509],[-123.0679,49.24501],[-123.06802,49.24156],[-123.07083,49.24159],[-123.07077,49.24299],[-123.07217,49.24301]]]}},{"type":"Feature","properties":{"fed":"59039","poll":"66-0","type":"N"},"geometry":{"type":"Polygon","coordinates":[[[-123.08801,49.2383],[-123.08921,49.23832],[-123.08916,49.24029],[-123.08795,49.24029],[-123.0879,49.24257],[-123.086,49.24255],[-123.08579,49.23827],[-123.08801,49.2383]]]}},{"type":"Feature","properties":{"fed":"59039","poll":"85-0","type":"N"},"geometry":{"type":"Polygon","coordinates":[[[-123.0567,49.24345],[-123.05667,49.24462],[-123.05208,49.24462],[-123.05111,49.24462],[-123.05276,49.2429],[-123.05455,49.2411],[-123.05734,49.24259],[-123.0567,49.24345]]]}},{"type":"Feature","properties":{"fed":"59039","poll":"50-0","type":"N"},"geometry":{"type":"Polygon","coordinates":[[[-123.079,49.24022],[-123.07896,49.24252],[-123.08141,49.24251],[-123.08137,49.24461],[-123.07824,49.24458],[-123.07822,49.24543],[-123.07629,49.24542],[-123.07633,49.24455],[-123.07762,49.24458],[-123.07771,49.24022],[-123.079,49.24022]]]}},{"type":"Feature","properties":{"fed":"59039","poll":"46-0","type":"N"},"geometry":{"type":"Polygon","coordinates":[[[-123.09032,49.24354],[-123.09029,49.24457],[-123.09029,49.24475],[-123.08784,49.2447],[-123.08782,49.24549],[-123.08662,49.24549],[-123.08665,49.24327],[-123.0879,49.24328],[-123.08789,49.24351],[-123.09032,49.24354]]]}},{"type":"Feature","properties":{"fed":"59039","poll":"81-0","type":"N"},"geometry":{"type":"Polygon","coordinates":[[[-123.05427,49.24627],[-123.05428,49.24713],[-123.05667,49.24711],[-123.05667,49.2481],[-123.05608,49.24882],[-123.05462,49.24882],[-123.05458,49.24799],[-123.05193,49.24794],[-123.05191,49.24752],[-123.05131,49.24753],[-123.05133,49.24661],[-123.04967,49.24586],[-123.04966,49.24463],[-123.05111,49.24462],[-123.05208,49.24462],[-123.05208,49.24546],[-123.05426,49.24544],[-123.05427,49.24627]]]}},{"type":"Feature","properties":{"fed":"59039","poll":"51-0","type":"N"},"geometry":{"type":"Polygon","coordinates":[[[-123.08239,49.24025],[-123.08288,49.24026],[-123.08278,49.24252],[-123.08141,49.24251],[-123.07896,49.24252],[-123.079,49.24022],[-123.08239,49.24025]]]}},{"type":"Feature","properties":{"fed":"59039","poll":"82-0","type":"N"},"geometry":{"type":"Polygon","coordinates":[[[-123.06378,49.24451],[-123.06302,49.24493],[-123.06045,49.2449],[-123.06052,49.24473],[-123.0591,49.24405],[-123.05791,49.24399],[-123.05791,49.2436],[-123.05847,49.24312],[-123.05734,49.24259],[-123.05814,49.24188],[-123.05918,49.24236],[-123.06183,49.24357],[-123.06266,49.2428],[-123.06454,49.24376],[-123.06378,49.24451]]]}},{"type":"Feature","properties":{"fed":"59039","poll":"68-0","type":"N"},"geometry":{"type":"Polygon","coordinates":[[[-123.09046,49.23704],[-123.09039,49.24031],[-123.08916,49.24029],[-123.08921,49.23832],[-123.08801,49.2383],[-123.08808,49.23653],[-123.0881,49.23568],[-123.09051,49.2357],[-123.09046,49.23704]]]}},{"type":"Feature","properties":{"fed":"59039","poll":"70-0","type":"N"},"geometry":{"type":"Polygon","coordinates":[[[-123.0814,49.23645],[-123.08133,49.23821],[-123.08244,49.23823],[-123.08239,49.24025],[-123.079,49.24022],[-123.07909,49.2382],[-123.08024,49.2382],[-123.08028,49.23644],[-123.0814,49.23645]]]}},{"type":"Feature","properties":{"fed":"59039","poll":"76-0","type":"N"},"geometry":{"type":"Polygon","coordinates":[[[-123.06505,49.25027],[-123.06506,49.25142],[-123.06257,49.25073],[-123.06045,49.25001],[-123.06049,49.24888],[-123.05801,49.24885],[-123.05803,49.24811],[-123.06052,49.24813],[-123.06042,49.24673],[-123.06274,49.24675],[-123.06274,49.24762],[-123.06511,49.24763],[-123.06505,49.25027]]]}},{"type":"Feature","properties":{"fed":"59039","poll":"67-0","type":"N"},"geometry":{"type":"Polygon","coordinates":[[[-123.08579,49.23827],[-123.086,49.24255],[-123.08594,49.24395],[-123.08403,49.24391],[-123.08413,49.24027],[-123.08288,49.24026],[-123.08239,49.24025],[-123.08244,49.23823],[-123.08356,49.23824],[-123.08579,49.23827]]]}},{"type":"Feature","properties":{"fed":"59039","poll":"97-0","type":"N"},"geometry":{"type":"Polygon","coordinates":[[[-123.02939,49.25559],[-123.02741,49.2569],[-123.02475,49.25516],[-123.02464,49.25151],[-123.02626,49.25152],[-123.02653,49.25221],[-123.03055,49.25477],[-123.02939,49.25559]]]}},{"type":"Feature","properties":{"fed":"59039","poll":"98-0","type":"N"},"geometry":{"type":"Polygon","coordinates":[[[-123.03659,49.25316],[-123.03659,49.25401],[-123.03376,49.254],[-123.03376,49.25315],[-123.03377,49.25231],[-123.03022,49.25227],[-123.02866,49.25125],[-123.02854,49.25063],[-123.03108,49.25061],[-123.03108,49.24965],[-123.03377,49.24966],[-123.03389,49.24966],[-123.03388,49.25149],[-123.03661,49.25149],[-123.03659,49.25316]]]}},{"type":"Feature","properties":{"fed":"59040","poll":"93-0","type":"N"},"geometry":{"type":"Polygon","coordinates":[[[-123.1678,49.25372],[-123.168,49.25641],[-123.1701,49.25645],[-123.17048,49.25779],[-123.16838,49.25775],[-123.16494,49.25765],[-123.16502,49.25724],[-123.16343,49.25548],[-123.16142,49.25271],[-123.16524,49.25276],[-123.16521,49.25369],[-123.1678,49.25372]]]}},{"type":"Feature","properties":{"fed":"59040","poll":"94-0","type":"N"},"geometry":{"type":"Polygon","coordinates":[[[-123.17857,49.25374],[-123.17857,49.25465],[-123.17859,49.25637],[-123.17795,49.25554],[-123.17683,49.25477],[-123.17509,49.25423],[-123.17542,49.25464],[-123.17289,49.25463],[-123.17291,49.25282],[-123.17291,49.25242],[-123.17139,49.25101],[-123.16784,49.25099],[-123.16785,49.25007],[-123.16964,49.25009],[-123.17051,49.25],[-123.16989,49.24929],[-123.17105,49.24991],[-123.17223,49.25012],[-123.17049,49.2481],[-123.17295,49.24803],[-123.1729,49.25012],[-123.17569,49.25012],[-123.17569,49.25102],[-123.17567,49.25309],[-123.17626,49.25373],[-123.17857,49.25374]]]}},{"type":"Feature","properties":{"fed":"59040","poll":"95-0","type":"N"},"geometry":{"type":"Polygon","coordinates":[[[-123.17291,49.25242],[-123.17291,49.25282],[-123.17017,49.25281],[-123.17013,49.25372],[-123.1678,49.25372],[-123.16521,49.25369],[-123.16524,49.25276],[-123.16142,49.25271],[-123.16075,49.2518],[-123.16528,49.25186],[-123.16527,49.25098],[-123.16784,49.25099],[-123.17139,49.25101],[-123.17291,49.25242]]]}},{"type":"Feature","properties":{"fed":"59040","poll":"96-0","type":"N"},"geometry":{"type":"Polygon","coordinates":[[[-123.1655,49.24479],[-123.16645,49.24516],[-123.16794,49.24517],[-123.16791,49.24612],[-123.16606,49.24615],[-123.1678,49.24787],[-123.16786,49.2491],[-123.16873,49.24929],[-123.16964,49.25009],[-123.16785,49.25007],[-123.16784,49.25099],[-123.16527,49.25098],[-123.16534,49.24912],[-123.16345,49.24933],[-123.16252,49.24863],[-123.16422,49.24819],[-123.16537,49.24816],[-123.1654,49.24707],[-123.16448,49.24708],[-123.164,49.24638],[-123.16302,49.24602],[-123.16111,49.24599],[-123.16048,49.24522],[-123.16133,49.2451],[-123.16339,49.24502],[-123.16517,49.24579],[-123.1655,49.24479]]]}},{"type":"Feature","properties":{"fed":"59040","poll":"97-0","type":"N"},"geometry":{"type":"Polygon","coordinates":[[[-123.18807,49.25288],[-123.18804,49.25557],[-123.18515,49.25557],[-123.18186,49.25557],[-123.18187,49.25467],[-123.18188,49.25194],[-123.18519,49.25195],[-123.18519,49.25286],[-123.18807,49.25288]]]}},{"type":"Feature","properties":{"fed":"59040","poll":"98-0","type":"N"},"geometry":{"type":"Polygon","coordinates":[[[-123.18519,49.25195],[-123.18188,49.25194],[-123.18187,49.25467],[-123.17857,49.25465],[-123.17857,49.25374],[-123.17626,49.25373],[-123.17567,49.25309],[-123.17569,49.25102],[-123.17861,49.25103],[-123.17865,49.25014],[-123.18189,49.25014],[-123.18187,49.25105],[-123.18521,49.25106],[-123.18519,49.25195]]]}},{"type":"Feature","properties":{"fed":"59040","poll":"105-0","type":"N"},"geometry":{"type":"Polygon","coordinates":[[[-123.19371,49.23863],[-123.19369,49.24146],[-123.19369,49.24243],[-123.19094,49.24243],[-123.18817,49.2424],[-123.18818,49.24144],[-123.18526,49.24142],[-123.18526,49.23858],[-123.18821,49.23859],[-123.19096,49.2386],[-123.19371,49.23863]]]}},{"type":"Feature","properties":{"fed":"59040","poll":"106-0","type":"N"},"geometry":{"type":"Polygon","coordinates":[[[-123.18526,49.23858],[-123.18526,49.24142],[-123.18197,49.24141],[-123.17866,49.2414],[-123.17869,49.23766],[-123.18202,49.23772],[-123.18527,49.23775],[-123.18526,49.23858]]]}},{"type":"Feature","properties":{"fed":"59040","poll":"114-0","type":"N"},"geometry":{"type":"Polygon","coordinates":[[[-123.1971,49.23506],[-123.19685,49.23649],[-123.19373,49.23646],[-123.19372,49.23762],[-123.19096,49.23761],[-123.19096,49.2386],[-123.18821,49.23859],[-123.18825,49.23645],[-123.18959,49.23645],[-123.18965,49.23222],[-123.18966,49.23072],[-123.19245,49.23072],[-123.19233,49.2332],[-123.1971,49.23506]]]}},{"type":"Feature","properties":{"fed":"59040","poll":"115-0","type":"N"},"geometry":{"type":"Polygon","coordinates":[[[-123.18965,49.23222],[-123.18959,49.23645],[-123.18825,49.23645],[-123.18821,49.23859],[-123.18526,49.23858],[-123.18527,49.23775],[-123.18202,49.23772],[-123.18203,49.23686],[-123.18528,49.23691],[-123.18528,49.23645],[-123.18678,49.23644],[-123.18683,49.23479],[-123.18534,49.23477],[-123.18538,49.23061],[-123.18965,49.23222]]]}},{"type":"Feature","properties":{"fed":"59040","poll":"118-0","type":"N"},"geometry":{"type":"Polygon","coordinates":[[[-123.17302,49.24328],[-123.17299,49.24612],[-123.16791,49.24612],[-123.16794,49.24517],[-123.16645,49.24516],[-123.1655,49.24479],[-123.16561,49.2423],[-123.16796,49.2423],[-123.16804,49.24136],[-123.17026,49.24136],[-123.17022,49.24325],[-123.17302,49.24328]]]}},{"type":"Feature","properties":{"fed":"59040","poll":"120-0","type":"N"},"geometry":{"type":"Polygon","coordinates":[[[-123.16561,49.2423],[-123.1655,49.24479],[-123.16517,49.24579],[-123.16339,49.24502],[-123.16133,49.2451],[-123.1611,49.24444],[-123.1592,49.24317],[-123.15499,49.24305],[-123.15553,49.24341],[-123.15534,49.24671],[-123.15477,49.24695],[-123.1547,49.24848],[-123.15318,49.24846],[-123.15334,49.24519],[-123.15464,49.24578],[-123.15484,49.24574],[-123.15334,49.24519],[-123.1535,49.24212],[-123.16561,49.2423]]]}},{"type":"Feature","properties":{"fed":"59040","poll":"121-0","type":"N"},"geometry":{"type":"Polygon","coordinates":[[[-123.16806,49.24042],[-123.16804,49.24136],[-123.16796,49.2423],[-123.16561,49.2423],[-123.1535,49.24212],[-123.15356,49.24179],[-123.15529,49.24041],[-123.15546,49.2383],[-123.15841,49.23835],[-123.15814,49.2393],[-123.16571,49.23945],[-123.16568,49.24039],[-123.16806,49.24042]]]}},{"type":"Feature","properties":{"fed":"59040","poll":"124-0","type":"N"},"geometry":{"type":"Polygon","coordinates":[[[-123.17314,49.23102],[-123.17307,49.23377],[-123.17308,49.23474],[-123.16887,49.23473],[-123.16859,49.23473],[-123.16741,49.23474],[-123.16744,49.23101],[-123.17314,49.23102]]]}},{"type":"Feature","properties":{"fed":"59040","poll":"125-0","type":"N"},"geometry":{"type":"Polygon","coordinates":[[[-123.16291,49.23097],[-123.16277,49.23469],[-123.16136,49.23468],[-123.16151,49.23096],[-123.16291,49.23097]]]}},{"type":"Feature","properties":{"fed":"59040","poll":"126-0","type":"N"},"geometry":{"type":"Polygon","coordinates":[[[-123.16744,49.23101],[-123.16741,49.23474],[-123.16585,49.23473],[-123.16277,49.23469],[-123.16291,49.23097],[-123.16151,49.23096],[-123.16009,49.23094],[-123.16013,49.22909],[-123.1644,49.22916],[-123.16436,49.231],[-123.16744,49.23101]]]}},{"type":"Feature","properties":{"fed":"59040","poll":"127-0","type":"N"},"geometry":{"type":"Polygon","coordinates":[[[-123.16009,49.23094],[-123.16151,49.23096],[-123.16136,49.23468],[-123.15995,49.23466],[-123.15998,49.23369],[-123.16001,49.23279],[-123.16009,49.23094]]]}},{"type":"Feature","properties":{"fed":"59040","poll":"128-0","type":"N"},"geometry":{"type":"Polygon","coordinates":[[[-123.16407,49.23845],[-123.16575,49.23848],[-123.16571,49.23945],[-123.15814,49.2393],[-123.15841,49.23835],[-123.15849,49.23648],[-123.1613,49.23652],[-123.16123,49.2384],[-123.16407,49.23845]]]}},{"type":"Feature","properties":{"fed":"59039","poll":"49-0","type":"N"},"geometry":{"type":"Polygon","coordinates":[[[-123.08413,49.24027],[-123.08403,49.24391],[-123.08399,49.24462],[-123.08137,49.24461],[-123.08141,49.24251],[-123.08278,49.24252],[-123.08288,49.24026],[-123.08413,49.24027]]]}},{"type":"Feature","properties":{"fed":"59039","poll":"84-0","type":"N"},"geometry":{"type":"Polygon","coordinates":[[[-123.06183,49.24357],[-123.05918,49.24236],[-123.06016,49.24152],[-123.06266,49.2428],[-123.06183,49.24357]]]}},{"type":"Feature","properties":{"fed":"59039","poll":"56-0","type":"N"},"geometry":{"type":"Polygon","coordinates":[[[-123.07215,49.24401],[-123.07217,49.24301],[-123.07356,49.24303],[-123.07354,49.24365],[-123.0734,49.24785],[-123.07205,49.24782],[-123.07133,49.2475],[-123.07145,49.24401],[-123.07215,49.24401]]]}},{"type":"Feature","properties":{"fed":"59039","poll":"168-0","type":"N"},"geometry":{"type":"Polygon","coordinates":[[[-123.02816,49.23475],[-123.02965,49.23558],[-123.02978,49.23623],[-123.02889,49.23586],[-123.02791,49.2354],[-123.02816,49.23475]]]}},{"type":"Feature","properties":{"fed":"59039","poll":"89-0","type":"N"},"geometry":{"type":"Polygon","coordinates":[[[-123.04963,49.2506],[-123.04963,49.25069],[-123.04962,49.25155],[-123.04431,49.25151],[-123.04428,49.25439],[-123.04161,49.25438],[-123.04163,49.25235],[-123.04164,49.2515],[-123.04161,49.24967],[-123.0418,49.24919],[-123.04393,49.25027],[-123.04442,49.24969],[-123.0471,49.2497],[-123.04964,49.24972],[-123.04963,49.2506]],[[-123.04381,49.25063],[-123.04354,49.25054],[-123.04354,49.25063],[-123.04381,49.25063]]]}},{"type":"Feature","properties":{"fed":"59039","poll":"107-0","type":"N"},"geometry":{"type":"Polygon","coordinates":[[[-123.07137,49.23761],[-123.0713,49.23932],[-123.07126,49.24014],[-123.06854,49.2401],[-123.06859,49.23838],[-123.06543,49.23835],[-123.06544,49.23814],[-123.06545,49.23749],[-123.06861,49.23756],[-123.07137,49.23761]]]}},{"type":"Feature","properties":{"fed":"59039","poll":"159-0","type":"N"},"geometry":{"type":"Polygon","coordinates":[[[-123.0367,49.24026],[-123.03468,49.23944],[-123.03512,49.23901],[-123.03286,49.23811],[-123.03301,49.23771],[-123.03256,49.23746],[-123.03361,49.23642],[-123.03566,49.23726],[-123.03649,49.23759],[-123.03583,49.23825],[-123.03787,49.23906],[-123.0367,49.24026]]]}},{"type":"Feature","properties":{"fed":"59039","poll":"90-0","type":"N"},"geometry":{"type":"Polygon","coordinates":[[[-123.03911,49.2515],[-123.04164,49.2515],[-123.04163,49.25235],[-123.03911,49.25234],[-123.03911,49.25316],[-123.03659,49.25316],[-123.03661,49.25149],[-123.03662,49.25061],[-123.03912,49.25062],[-123.03911,49.2515]]]}},{"type":"Feature","properties":{"fed":"59039","poll":"93-0","type":"N"},"geometry":{"type":"Polygon","coordinates":[[[-123.04425,49.25632],[-123.04439,49.2582],[-123.04421,49.2582],[-123.03388,49.25813],[-123.03386,49.25724],[-123.03656,49.25724],[-123.03657,49.2564],[-123.03909,49.25637],[-123.03909,49.25722],[-123.04158,49.25723],[-123.04159,49.25635],[-123.04425,49.25632]]]}},{"type":"Feature","properties":{"fed":"59039","poll":"9-0","type":"N"},"geometry":{"type":"Polygon","coordinates":[[[-123.0921,49.25015],[-123.09207,49.25105],[-123.09009,49.25101],[-123.09013,49.2501],[-123.08386,49.25003],[-123.08389,49.24911],[-123.08585,49.24914],[-123.08586,49.2486],[-123.08775,49.24862],[-123.08779,49.24917],[-123.09213,49.24924],[-123.0921,49.25015]]]}},{"type":"Feature","properties":{"fed":"59039","poll":"63-0","type":"N"},"geometry":{"type":"Polygon","coordinates":[[[-123.05223,49.24972],[-123.05461,49.24972],[-123.0546,49.25064],[-123.04963,49.2506],[-123.04964,49.24972],[-123.0471,49.2497],[-123.0471,49.24881],[-123.04443,49.2488],[-123.04514,49.24791],[-123.04711,49.24792],[-123.04965,49.24793],[-123.04966,49.24881],[-123.05225,49.24883],[-123.05223,49.24972]]]}},{"type":"Feature","properties":{"fed":"59039","poll":"123-0","type":"N"},"geometry":{"type":"Polygon","coordinates":[[[-123.07989,49.23084],[-123.07982,49.23273],[-123.07708,49.23275],[-123.07715,49.22901],[-123.07856,49.22903],[-123.0785,49.23075],[-123.07989,49.23084]]]}},{"type":"Feature","properties":{"fed":"59039","poll":"5-0","type":"N"},"geometry":{"type":"Polygon","coordinates":[[[-123.10103,49.25026],[-123.10094,49.25299],[-123.09858,49.25296],[-123.09861,49.25204],[-123.09666,49.25202],[-123.09673,49.25021],[-123.09676,49.24931],[-123.09871,49.24933],[-123.10107,49.24937],[-123.10103,49.25026]]]}},{"type":"Feature","properties":{"fed":"59039","poll":"111-0","type":"N"},"geometry":{"type":"Polygon","coordinates":[[[-123.07147,49.23474],[-123.07137,49.23761],[-123.06861,49.23756],[-123.06866,49.23528],[-123.06551,49.23524],[-123.06552,49.23492],[-123.0655,49.2345],[-123.06867,49.23453],[-123.06867,49.23471],[-123.07147,49.23474]]]}},{"type":"Feature","properties":{"fed":"59039","poll":"88-0","type":"N"},"geometry":{"type":"Polygon","coordinates":[[[-123.04161,49.25438],[-123.04161,49.25478],[-123.03658,49.25476],[-123.03659,49.25401],[-123.03659,49.25316],[-123.03911,49.25316],[-123.03911,49.25234],[-123.04163,49.25235],[-123.04161,49.25438]]]}},{"type":"Feature","properties":{"fed":"59039","poll":"1-0","type":"N"},"geometry":{"type":"Polygon","coordinates":[[[-123.10089,49.25372],[-123.10128,49.25569],[-123.09849,49.25566],[-123.09858,49.25296],[-123.10094,49.25299],[-123.10089,49.25372]]]}},{"type":"Feature","properties":{"fed":"59039","poll":"128-0","type":"N"},"geometry":{"type":"Polygon","coordinates":[[[-123.05455,49.24025],[-123.05455,49.2411],[-123.05276,49.2429],[-123.05166,49.24244],[-123.0526,49.24153],[-123.05093,49.24077],[-123.0526,49.23934],[-123.05455,49.24025]]]}},{"type":"Feature","properties":{"fed":"59039","poll":"65-0","type":"N"},"geometry":{"type":"Polygon","coordinates":[[[-123.04966,49.24463],[-123.04967,49.24586],[-123.04967,49.24628],[-123.04712,49.24627],[-123.04711,49.24792],[-123.04514,49.24791],[-123.04496,49.24713],[-123.04505,49.24626],[-123.045,49.24546],[-123.04164,49.24541],[-123.04218,49.24455],[-123.04966,49.24463]]]}},{"type":"Feature","properties":{"fed":"59039","poll":"106-0","type":"N"},"geometry":{"type":"Polygon","coordinates":[[[-123.07693,49.23684],[-123.07638,49.24022],[-123.07493,49.2402],[-123.07403,49.24019],[-123.07408,49.23936],[-123.0713,49.23932],[-123.07137,49.23761],[-123.07147,49.23474],[-123.07423,49.23477],[-123.07417,49.23681],[-123.07693,49.23684]]]}},{"type":"Feature","properties":{"fed":"59039","poll":"115-0","type":"N"},"geometry":{"type":"Polygon","coordinates":[[[-123.10166,49.22565],[-123.10158,49.22666],[-123.10154,49.22758],[-123.10153,49.22939],[-123.0995,49.22934],[-123.09956,49.22563],[-123.10166,49.22565]]]}},{"type":"Feature","properties":{"fed":"59039","poll":"110-0","type":"N"},"geometry":{"type":"Polygon","coordinates":[[[-123.07708,49.23275],[-123.07693,49.23684],[-123.07417,49.23681],[-123.07423,49.23477],[-123.0743,49.23273],[-123.07708,49.23275]]]}},{"type":"Feature","properties":{"fed":"59040","poll":"129-0","type":"N"},"geometry":{"type":"Polygon","coordinates":[[[-123.16585,49.23473],[-123.16581,49.23658],[-123.16414,49.23657],[-123.16407,49.23845],[-123.16123,49.2384],[-123.1613,49.23652],[-123.16136,49.23468],[-123.16277,49.23469],[-123.16585,49.23473]]]}},{"type":"Feature","properties":{"fed":"59040","poll":"130-0","type":"N"},"geometry":{"type":"Polygon","coordinates":[[[-123.15849,49.23648],[-123.15841,49.23835],[-123.15546,49.2383],[-123.15553,49.23644],[-123.15849,49.23648]]]}},{"type":"Feature","properties":{"fed":"59040","poll":"131-0","type":"N"},"geometry":{"type":"Polygon","coordinates":[[[-123.15995,49.23466],[-123.16136,49.23468],[-123.1613,49.23652],[-123.15849,49.23648],[-123.15853,49.2356],[-123.15776,49.23559],[-123.15775,49.23462],[-123.15852,49.23463],[-123.15855,49.23366],[-123.15998,49.23369],[-123.15995,49.23466]]]}},{"type":"Feature","properties":{"fed":"59040","poll":"132-0","type":"N"},"geometry":{"type":"Polygon","coordinates":[[[-123.15775,49.23462],[-123.15776,49.23559],[-123.15853,49.2356],[-123.15849,49.23648],[-123.15553,49.23644],[-123.15556,49.23459],[-123.15558,49.23359],[-123.15855,49.23366],[-123.15852,49.23463],[-123.15775,49.23462]]]}},{"type":"Feature","properties":{"fed":"59040","poll":"135-0","type":"N"},"geometry":{"type":"Polygon","coordinates":[[[-123.18683,49.23479],[-123.18678,49.23644],[-123.18528,49.23645],[-123.18528,49.23691],[-123.18203,49.23686],[-123.18202,49.23772],[-123.17869,49.23766],[-123.17584,49.23759],[-123.17585,49.23663],[-123.17673,49.23664],[-123.17674,49.23476],[-123.17873,49.23477],[-123.18534,49.23477],[-123.18683,49.23479]]]}},{"type":"Feature","properties":{"fed":"59040","poll":"136-0","type":"N"},"geometry":{"type":"Polygon","coordinates":[[[-123.18538,49.23061],[-123.18534,49.23477],[-123.17873,49.23477],[-123.17872,49.23013],[-123.18203,49.23015],[-123.18432,49.23025],[-123.18538,49.23061]]]}},{"type":"Feature","properties":{"fed":"59040","poll":"27-0","type":"N"},"geometry":{"type":"Polygon","coordinates":[[[-123.171,49.27108],[-123.16919,49.27106],[-123.16818,49.27146],[-123.16845,49.28231],[-123.16426,49.28231],[-123.16415,49.27357],[-123.16439,49.27272],[-123.16625,49.27224],[-123.16632,49.27012],[-123.16824,49.27015],[-123.16827,49.26925],[-123.1683,49.26839],[-123.17109,49.26843],[-123.171,49.27108]]]}},{"type":"Feature","properties":{"fed":"59040","poll":"28-0","type":"N"},"geometry":{"type":"Polygon","coordinates":[[[-123.15988,49.27349],[-123.16415,49.27357],[-123.16426,49.28231],[-123.15948,49.28228],[-123.15708,49.2812],[-123.15738,49.27263],[-123.15499,49.27259],[-123.15503,49.27169],[-123.1574,49.27173],[-123.15974,49.27179],[-123.15988,49.27349]]]}},{"type":"Feature","properties":{"fed":"59040","poll":"29-0","type":"N"},"geometry":{"type":"Polygon","coordinates":[[[-123.15499,49.27259],[-123.15738,49.27263],[-123.15708,49.2812],[-123.15948,49.28228],[-123.14987,49.28223],[-123.15009,49.27626],[-123.1511,49.27627],[-123.15254,49.27454],[-123.15265,49.27166],[-123.15503,49.27169],[-123.15499,49.27259]]]}},{"type":"Feature","properties":{"fed":"59040","poll":"30-0","type":"N"},"geometry":{"type":"Polygon","coordinates":[[[-123.16439,49.27272],[-123.16415,49.27357],[-123.15988,49.27349],[-123.15974,49.27179],[-123.16215,49.27184],[-123.16443,49.27188],[-123.16439,49.27272]],[[-123.16076,49.27268],[-123.16048,49.27268],[-123.16075,49.27277],[-123.16076,49.27268]]]}},{"type":"Feature","properties":{"fed":"59040","poll":"31-0","type":"N"},"geometry":{"type":"Polygon","coordinates":[[[-123.15977,49.2709],[-123.16219,49.27094],[-123.16215,49.27184],[-123.15974,49.27179],[-123.1574,49.27173],[-123.15743,49.27087],[-123.15977,49.2709]]]}},{"type":"Feature","properties":{"fed":"59040","poll":"32-0","type":"N"},"geometry":{"type":"Polygon","coordinates":[[[-123.16448,49.27101],[-123.16219,49.27094],[-123.15977,49.2709],[-123.15984,49.26913],[-123.16225,49.26917],[-123.16222,49.27006],[-123.1645,49.27009],[-123.16448,49.27101]],[[-123.16134,49.27004],[-123.16134,49.26995],[-123.16106,49.27004],[-123.16134,49.27004]]]}},{"type":"Feature","properties":{"fed":"59040","poll":"33-0","type":"N"},"geometry":{"type":"Polygon","coordinates":[[[-123.1683,49.26839],[-123.16827,49.26925],[-123.16453,49.2692],[-123.16455,49.26833],[-123.16457,49.26744],[-123.1664,49.26745],[-123.16834,49.26747],[-123.1683,49.26839]]]}},{"type":"Feature","properties":{"fed":"59040","poll":"34-0","type":"N"},"geometry":{"type":"Polygon","coordinates":[[[-123.17391,49.26673],[-123.17116,49.26668],[-123.17113,49.2675],[-123.16834,49.26747],[-123.1664,49.26745],[-123.16643,49.26661],[-123.16837,49.26664],[-123.16841,49.26581],[-123.16842,49.26498],[-123.17122,49.26503],[-123.17398,49.26506],[-123.17391,49.26673]]]}},{"type":"Feature","properties":{"fed":"59040","poll":"35-0","type":"N"},"geometry":{"type":"Polygon","coordinates":[[[-123.15977,49.2709],[-123.15743,49.27087],[-123.15746,49.26998],[-123.15749,49.2691],[-123.15984,49.26913],[-123.15977,49.2709]]]}},{"type":"Feature","properties":{"fed":"59040","poll":"38-0","type":"N"},"geometry":{"type":"Polygon","coordinates":[[[-123.21227,49.26026],[-123.21216,49.26298],[-123.20916,49.26293],[-123.20306,49.26281],[-123.2031,49.26193],[-123.20313,49.26102],[-123.2062,49.26107],[-123.20923,49.26111],[-123.20926,49.26021],[-123.21227,49.26026]]]}},{"type":"Feature","properties":{"fed":"59040","poll":"39-0","type":"N"},"geometry":{"type":"Polygon","coordinates":[[[-123.20306,49.26281],[-123.20301,49.26462],[-123.20296,49.26548],[-123.19559,49.26536],[-123.19619,49.26476],[-123.19693,49.2646],[-123.19702,49.26185],[-123.19706,49.26093],[-123.20009,49.26097],[-123.20006,49.26189],[-123.2031,49.26193],[-123.20306,49.26281]]]}},{"type":"Feature","properties":{"fed":"59040","poll":"40-0","type":"N"},"geometry":{"type":"Polygon","coordinates":[[[-123.2154,49.25852],[-123.21537,49.2603],[-123.21227,49.26026],[-123.20926,49.26021],[-123.20923,49.26111],[-123.2062,49.26107],[-123.20629,49.25832],[-123.2154,49.25852]]]}},{"type":"Feature","properties":{"fed":"59040","poll":"42-0","type":"N"},"geometry":{"type":"Polygon","coordinates":[[[-123.19693,49.2646],[-123.19619,49.26476],[-123.19559,49.26536],[-123.19343,49.2651],[-123.19324,49.26468],[-123.19113,49.26388],[-123.19086,49.26358],[-123.18591,49.26349],[-123.18594,49.26255],[-123.18593,49.26167],[-123.194,49.26179],[-123.19702,49.26185],[-123.19693,49.2646]]]}},{"type":"Feature","properties":{"fed":"59040","poll":"53-0","type":"N"},"geometry":{"type":"Polygon","coordinates":[[[-123.19361,49.2529],[-123.19359,49.25561],[-123.19082,49.25559],[-123.18804,49.25557],[-123.18807,49.25288],[-123.18519,49.25286],[-123.18519,49.25195],[-123.18807,49.25196],[-123.19363,49.25201],[-123.19361,49.2529]]]}},{"type":"Feature","properties":{"fed":"59040","poll":"62-0","type":"N"},"geometry":{"type":"Polygon","coordinates":[[[-123.15503,49.27169],[-123.15265,49.27166],[-123.15272,49.26991],[-123.15509,49.26994],[-123.15503,49.27169]]]}},{"type":"Feature","properties":{"fed":"59040","poll":"63-0","type":"N"},"geometry":{"type":"Polygon","coordinates":[[[-123.15746,49.26998],[-123.15509,49.26994],[-123.15272,49.26991],[-123.15275,49.26903],[-123.15749,49.2691],[-123.15746,49.26998]]]}},{"type":"Feature","properties":{"fed":"59036","poll":"196-0","type":"N"},"geometry":{"type":"Polygon","coordinates":[[[-123.0566,49.26126],[-123.0582,49.26129],[-123.05817,49.26225],[-123.055,49.26203],[-123.05472,49.26202],[-123.05302,49.26201],[-123.05302,49.26103],[-123.0566,49.26102],[-123.0566,49.26126]]]}},{"type":"Feature","properties":{"fed":"59036","poll":"155-0","type":"N"},"geometry":{"type":"Polygon","coordinates":[[[-123.08362,49.25634],[-123.08359,49.25693],[-123.08151,49.25685],[-123.08149,49.25785],[-123.07762,49.25783],[-123.07763,49.25669],[-123.07582,49.2566],[-123.0759,49.25623],[-123.07785,49.25625],[-123.07981,49.25628],[-123.08362,49.25634]]]}},{"type":"Feature","properties":{"fed":"59036","poll":"145-0","type":"N"},"geometry":{"type":"Polygon","coordinates":[[[-123.02842,49.27495],[-123.02805,49.27515],[-123.02804,49.27726],[-123.02837,49.27744],[-123.02365,49.27743],[-123.02379,49.27734],[-123.02365,49.27681],[-123.02365,49.27743],[-123.02342,49.27756],[-123.02343,49.27483],[-123.02842,49.27495]]]}},{"type":"Feature","properties":{"fed":"59036","poll":"184-0","type":"N"},"geometry":{"type":"Polygon","coordinates":[[[-123.03896,49.26937],[-123.04424,49.26938],[-123.04423,49.26958],[-123.04148,49.26956],[-123.0336,49.26954],[-123.0336,49.26937],[-123.03367,49.26597],[-123.03367,49.26588],[-123.03368,49.26566],[-123.03383,49.26567],[-123.0365,49.26568],[-123.03649,49.26665],[-123.03902,49.26666],[-123.03896,49.26937]]]}},{"type":"Feature","properties":{"fed":"59036","poll":"175-0","type":"N"},"geometry":{"type":"Polygon","coordinates":[[[-123.07762,49.25783],[-123.07759,49.25963],[-123.07371,49.25961],[-123.07372,49.25654],[-123.07582,49.2566],[-123.07763,49.25669],[-123.07762,49.25783]]]}},{"type":"Feature","properties":{"fed":"59036","poll":"123-0","type":"N"},"geometry":{"type":"Polygon","coordinates":[[[-123.06188,49.27124],[-123.05799,49.2712],[-123.05661,49.2712],[-123.05662,49.26956],[-123.05996,49.26952],[-123.06192,49.26954],[-123.06188,49.27124]]]}},{"type":"Feature","properties":{"fed":"59036","poll":"128-0","type":"N"},"geometry":{"type":"Polygon","coordinates":[[[-123.0755,49.26691],[-123.07357,49.2669],[-123.06972,49.26688],[-123.06973,49.26599],[-123.07359,49.26602],[-123.07361,49.26501],[-123.07552,49.26566],[-123.0755,49.26691]]]}},{"type":"Feature","properties":{"fed":"59036","poll":"102-0","type":"N"},"geometry":{"type":"Polygon","coordinates":[[[-123.10512,49.25846],[-123.1032,49.25843],[-123.10316,49.25934],[-123.10112,49.25931],[-123.10115,49.2584],[-123.10121,49.25751],[-123.10515,49.25758],[-123.10512,49.25846]]]}},{"type":"Feature","properties":{"fed":"59036","poll":"148-0","type":"N"},"geometry":{"type":"Polygon","coordinates":[[[-123.09107,49.26151],[-123.09303,49.26152],[-123.09302,49.26251],[-123.09106,49.2625],[-123.08915,49.26249],[-123.08919,49.26063],[-123.08721,49.26061],[-123.08721,49.25973],[-123.0911,49.25975],[-123.09107,49.26151]]]}},{"type":"Feature","properties":{"fed":"59036","poll":"166-0","type":"N"},"geometry":{"type":"Polygon","coordinates":[[[-123.04946,49.26958],[-123.04695,49.26958],[-123.04423,49.26958],[-123.04424,49.26938],[-123.04425,49.26849],[-123.04426,49.26806],[-123.04427,49.26788],[-123.04429,49.26667],[-123.0495,49.26668],[-123.04946,49.26958]]]}},{"type":"Feature","properties":{"fed":"59036","poll":"195-0","type":"N"},"geometry":{"type":"Polygon","coordinates":[[[-123.05222,49.26296],[-123.05473,49.26297],[-123.05473,49.26388],[-123.05221,49.26387],[-123.05219,49.26477],[-123.04952,49.26477],[-123.04701,49.26476],[-123.04702,49.26387],[-123.04703,49.26295],[-123.05222,49.26296]]]}},{"type":"Feature","properties":{"fed":"59036","poll":"200-0","type":"N"},"geometry":{"type":"Polygon","coordinates":[[[-123.04429,49.26667],[-123.04427,49.26788],[-123.04413,49.26806],[-123.04426,49.26806],[-123.04425,49.26849],[-123.04151,49.26848],[-123.04154,49.26569],[-123.04156,49.26386],[-123.04434,49.26387],[-123.04429,49.26667]]]}},{"type":"Feature","properties":{"fed":"59036","poll":"127-0","type":"N"},"geometry":{"type":"Polygon","coordinates":[[[-123.06969,49.2678],[-123.06972,49.26688],[-123.07357,49.2669],[-123.07356,49.26783],[-123.06969,49.2678]]]}},{"type":"Feature","properties":{"fed":"59036","poll":"124-0","type":"N"},"geometry":{"type":"Polygon","coordinates":[[[-123.07544,49.26964],[-123.07351,49.26963],[-123.07354,49.26874],[-123.07356,49.26783],[-123.07548,49.26785],[-123.07544,49.26964]]]}},{"type":"Feature","properties":{"fed":"59036","poll":"100-0","type":"N"},"geometry":{"type":"Polygon","coordinates":[[[-123.10507,49.25936],[-123.10505,49.26025],[-123.1031,49.26024],[-123.10306,49.26115],[-123.10115,49.26112],[-123.10117,49.2602],[-123.10046,49.2602],[-123.10051,49.25931],[-123.10112,49.25931],[-123.10316,49.25934],[-123.1032,49.25843],[-123.10512,49.25846],[-123.10507,49.25936]]]}},{"type":"Feature","properties":{"fed":"59036","poll":"160-0","type":"N"},"geometry":{"type":"Polygon","coordinates":[[[-123.06978,49.26373],[-123.06976,49.26508],[-123.06587,49.26505],[-123.0659,49.26325],[-123.06399,49.26323],[-123.06398,49.26228],[-123.06593,49.2623],[-123.06685,49.2623],[-123.0669,49.26258],[-123.06978,49.26373]]]}},{"type":"Feature","properties":{"fed":"59036","poll":"133-0","type":"N"},"geometry":{"type":"Polygon","coordinates":[[[-123.03886,49.28117],[-123.0362,49.28117],[-123.03621,49.2802],[-123.03362,49.2802],[-123.03361,49.27907],[-123.03623,49.27908],[-123.03625,49.27747],[-123.03889,49.27747],[-123.03886,49.28117]]]}},{"type":"Feature","properties":{"fed":"59036","poll":"122-0","type":"N"},"geometry":{"type":"Polygon","coordinates":[[[-123.05659,49.27499],[-123.0547,49.27499],[-123.05204,49.27498],[-123.05203,49.27415],[-123.05206,49.2723],[-123.0566,49.2723],[-123.0566,49.27294],[-123.05659,49.27499]]]}},{"type":"Feature","properties":{"fed":"59036","poll":"161-0","type":"N"},"geometry":{"type":"Polygon","coordinates":[[[-123.05797,49.27291],[-123.0566,49.27294],[-123.0566,49.2723],[-123.05206,49.2723],[-123.05211,49.27043],[-123.05471,49.27043],[-123.05469,49.26962],[-123.05662,49.26956],[-123.05661,49.2712],[-123.05799,49.2712],[-123.05797,49.27291]]]}},{"type":"Feature","properties":{"fed":"59036","poll":"16-0","type":"N"},"geometry":{"type":"Polygon","coordinates":[[[-123.10917,49.28354],[-123.1073,49.28302],[-123.1074,49.2827],[-123.10906,49.28304],[-123.10917,49.28354]]]}},{"type":"Feature","properties":{"fed":"59036","poll":"42-0","type":"N"},"geometry":{"type":"Polygon","coordinates":[[[-123.10023,49.27149],[-123.09987,49.27494],[-123.09911,49.2749],[-123.09903,49.27674],[-123.09364,49.27668],[-123.09322,49.27578],[-123.09261,49.27546],[-123.0887,49.27505],[-123.08277,49.27316],[-123.08266,49.27582],[-123.07589,49.27584],[-123.07591,49.27492],[-123.07731,49.27495],[-123.07735,49.27151],[-123.07738,49.26965],[-123.07743,49.2663],[-123.07744,49.26518],[-123.07942,49.26521],[-123.08132,49.26525],[-123.08907,49.2667],[-123.09562,49.26682],[-123.09559,49.26734],[-123.09885,49.26922],[-123.10062,49.27013],[-123.10023,49.27149]]]}},{"type":"Feature","properties":{"fed":"59040","poll":"64-0","type":"N"},"geometry":{"type":"Polygon","coordinates":[[[-123.15749,49.2691],[-123.15275,49.26903],[-123.15279,49.26812],[-123.15283,49.26725],[-123.1552,49.2673],[-123.15516,49.26816],[-123.15752,49.26819],[-123.15749,49.2691]]]}},{"type":"Feature","properties":{"fed":"59040","poll":"66-0","type":"N"},"geometry":{"type":"Polygon","coordinates":[[[-123.16453,49.2692],[-123.16225,49.26917],[-123.15984,49.26913],[-123.15749,49.2691],[-123.15752,49.26819],[-123.16227,49.26829],[-123.16455,49.26833],[-123.16453,49.2692]]]}},{"type":"Feature","properties":{"fed":"59040","poll":"67-0","type":"N"},"geometry":{"type":"Polygon","coordinates":[[[-123.16841,49.26581],[-123.16837,49.26664],[-123.16643,49.26661],[-123.1664,49.26745],[-123.16457,49.26744],[-123.16455,49.26833],[-123.16227,49.26829],[-123.16234,49.26655],[-123.16237,49.26572],[-123.16841,49.26581]]]}},{"type":"Feature","properties":{"fed":"59040","poll":"68-0","type":"N"},"geometry":{"type":"Polygon","coordinates":[[[-123.16227,49.26829],[-123.15752,49.26819],[-123.15516,49.26816],[-123.1552,49.2673],[-123.15992,49.26739],[-123.15994,49.26652],[-123.16234,49.26655],[-123.16227,49.26829]]]}},{"type":"Feature","properties":{"fed":"59040","poll":"69-0","type":"N"},"geometry":{"type":"Polygon","coordinates":[[[-123.17009,49.2641],[-123.17126,49.26413],[-123.17122,49.26503],[-123.16842,49.26498],[-123.16841,49.26581],[-123.16237,49.26572],[-123.16243,49.26399],[-123.16465,49.26405],[-123.16466,49.26492],[-123.16647,49.26495],[-123.1665,49.26406],[-123.17009,49.2641]]]}},{"type":"Feature","properties":{"fed":"59040","poll":"70-0","type":"N"},"geometry":{"type":"Polygon","coordinates":[[[-123.16824,49.26322],[-123.17017,49.26325],[-123.17009,49.2641],[-123.1665,49.26406],[-123.16647,49.26495],[-123.16466,49.26492],[-123.16465,49.26405],[-123.16243,49.26399],[-123.1625,49.26302],[-123.16471,49.26308],[-123.16472,49.26226],[-123.16805,49.26221],[-123.16824,49.26322]]]}},{"type":"Feature","properties":{"fed":"59040","poll":"71-0","type":"N"},"geometry":{"type":"Polygon","coordinates":[[[-123.16237,49.26572],[-123.15763,49.26566],[-123.15766,49.26391],[-123.16243,49.26399],[-123.16237,49.26572]]]}},{"type":"Feature","properties":{"fed":"59040","poll":"72-0","type":"N"},"geometry":{"type":"Polygon","coordinates":[[[-123.15763,49.26566],[-123.15736,49.26581],[-123.15289,49.26559],[-123.1529,49.26477],[-123.15528,49.2648],[-123.15531,49.26387],[-123.15766,49.26391],[-123.15763,49.26566]]]}},{"type":"Feature","properties":{"fed":"59040","poll":"73-0","type":"N"},"geometry":{"type":"Polygon","coordinates":[[[-123.1625,49.26302],[-123.16243,49.26399],[-123.15766,49.26391],[-123.15531,49.26387],[-123.15535,49.2629],[-123.15769,49.26294],[-123.1625,49.26302]]]}},{"type":"Feature","properties":{"fed":"59040","poll":"75-0","type":"N"},"geometry":{"type":"Polygon","coordinates":[[[-123.18402,49.25982],[-123.18581,49.26116],[-123.18593,49.26167],[-123.18594,49.26255],[-123.18193,49.26249],[-123.18199,49.26071],[-123.17998,49.26068],[-123.18002,49.25976],[-123.18001,49.25794],[-123.18403,49.258],[-123.18402,49.25982]]]}},{"type":"Feature","properties":{"fed":"59040","poll":"76-0","type":"N"},"geometry":{"type":"Polygon","coordinates":[[[-123.18002,49.25976],[-123.17609,49.2597],[-123.17605,49.26061],[-123.1722,49.26054],[-123.17229,49.25782],[-123.17811,49.2579],[-123.18001,49.25794],[-123.18002,49.25976]]]}},{"type":"Feature","properties":{"fed":"59040","poll":"78-0","type":"N"},"geometry":{"type":"Polygon","coordinates":[[[-123.1722,49.26054],[-123.17214,49.26234],[-123.17022,49.26231],[-123.17027,49.2614],[-123.16828,49.26138],[-123.16831,49.26048],[-123.16838,49.25775],[-123.17048,49.25779],[-123.17229,49.25782],[-123.1722,49.26054]]]}},{"type":"Feature","properties":{"fed":"59040","poll":"79-0","type":"N"},"geometry":{"type":"Polygon","coordinates":[[[-123.17824,49.25719],[-123.17815,49.25746],[-123.17812,49.25765],[-123.17811,49.2579],[-123.17229,49.25782],[-123.17048,49.25779],[-123.1701,49.25645],[-123.168,49.25641],[-123.1678,49.25372],[-123.17013,49.25372],[-123.17017,49.25281],[-123.17291,49.25282],[-123.17289,49.25463],[-123.17542,49.25464],[-123.17624,49.25567],[-123.17824,49.25719]]]}},{"type":"Feature","properties":{"fed":"59040","poll":"99-0","type":"N"},"geometry":{"type":"Polygon","coordinates":[[[-123.18526,49.24523],[-123.18527,49.24617],[-123.18521,49.25106],[-123.18187,49.25105],[-123.18189,49.25014],[-123.18186,49.24807],[-123.17862,49.24804],[-123.1786,49.24707],[-123.18193,49.24712],[-123.18196,49.2452],[-123.18526,49.24523]]]}},{"type":"Feature","properties":{"fed":"59040","poll":"100-0","type":"N"},"geometry":{"type":"Polygon","coordinates":[[[-123.18186,49.24807],[-123.18189,49.25014],[-123.17865,49.25014],[-123.17861,49.25103],[-123.17569,49.25102],[-123.17569,49.25012],[-123.17575,49.24709],[-123.17296,49.24708],[-123.17299,49.24612],[-123.17861,49.24616],[-123.1786,49.24707],[-123.17862,49.24804],[-123.18186,49.24807]]]}},{"type":"Feature","properties":{"fed":"59040","poll":"101-0","type":"N"},"geometry":{"type":"Polygon","coordinates":[[[-123.17575,49.24709],[-123.17569,49.25012],[-123.1729,49.25012],[-123.17295,49.24803],[-123.17049,49.2481],[-123.17223,49.25012],[-123.17105,49.24991],[-123.16989,49.24929],[-123.17051,49.25],[-123.16964,49.25009],[-123.16873,49.24929],[-123.16786,49.2491],[-123.1678,49.24787],[-123.16606,49.24615],[-123.16791,49.24612],[-123.17299,49.24612],[-123.17296,49.24708],[-123.17575,49.24709]]]}},{"type":"Feature","properties":{"fed":"59040","poll":"102-0","type":"N"},"geometry":{"type":"Polygon","coordinates":[[[-123.18526,49.24428],[-123.18526,49.24523],[-123.18196,49.2452],[-123.18193,49.24712],[-123.1786,49.24707],[-123.17861,49.24616],[-123.17866,49.2414],[-123.18197,49.24141],[-123.18197,49.24426],[-123.18526,49.24428]]]}},{"type":"Feature","properties":{"fed":"59040","poll":"103-0","type":"N"},"geometry":{"type":"Polygon","coordinates":[[[-123.17869,49.23766],[-123.17866,49.2414],[-123.17861,49.24616],[-123.17299,49.24612],[-123.17302,49.24328],[-123.17574,49.24329],[-123.17579,49.23948],[-123.17584,49.23759],[-123.17869,49.23766]]]}},{"type":"Feature","properties":{"fed":"59040","poll":"137-0","type":"N"},"geometry":{"type":"Polygon","coordinates":[[[-123.17872,49.23013],[-123.17873,49.23477],[-123.17674,49.23476],[-123.17577,49.23475],[-123.17579,49.23377],[-123.17307,49.23377],[-123.17314,49.23102],[-123.16744,49.23101],[-123.16745,49.22732],[-123.16843,49.22579],[-123.17157,49.22737],[-123.17872,49.23013]]]}},{"type":"Feature","properties":{"fed":"59040","poll":"142-0","type":"N"},"geometry":{"type":"Polygon","coordinates":[[[-123.14346,49.23068],[-123.14335,49.2344],[-123.13964,49.23435],[-123.13968,49.23064],[-123.14346,49.23068]]]}},{"type":"Feature","properties":{"fed":"59036","poll":"49-0","type":"N"},"geometry":{"type":"Polygon","coordinates":[[[-123.05459,49.2857],[-123.05654,49.2857],[-123.05655,49.28673],[-123.05459,49.28674],[-123.05459,49.28773],[-123.05651,49.28773],[-123.05657,49.28841],[-123.05657,49.28867],[-123.05196,49.28872],[-123.05196,49.28774],[-123.05197,49.28674],[-123.05198,49.2857],[-123.05459,49.2857]]]}},{"type":"Feature","properties":{"fed":"59036","poll":"70-0","type":"N"},"geometry":{"type":"Polygon","coordinates":[[[-123.05197,49.28299],[-123.04935,49.28299],[-123.04669,49.28298],[-123.04668,49.28207],[-123.044,49.28206],[-123.04405,49.28116],[-123.04935,49.28116],[-123.05199,49.28117],[-123.05197,49.28299]]]}},{"type":"Feature","properties":{"fed":"59036","poll":"59-0","type":"N"},"geometry":{"type":"Polygon","coordinates":[[[-123.06836,49.27847],[-123.06835,49.27936],[-123.06561,49.27932],[-123.06562,49.27753],[-123.06836,49.27755],[-123.06836,49.27847]]]}},{"type":"Feature","properties":{"fed":"59036","poll":"87-0","type":"N"},"geometry":{"type":"Polygon","coordinates":[[[-123.07345,49.27145],[-123.07348,49.27217],[-123.07154,49.27215],[-123.07151,49.27306],[-123.06764,49.27303],[-123.06766,49.27214],[-123.06962,49.27214],[-123.06964,49.27138],[-123.07345,49.27145]]]}},{"type":"Feature","properties":{"fed":"59036","poll":"85-0","type":"N"},"geometry":{"type":"Polygon","coordinates":[[[-123.07151,49.27306],[-123.07345,49.27305],[-123.07342,49.27399],[-123.06762,49.27394],[-123.06569,49.27385],[-123.06571,49.27302],[-123.06764,49.27303],[-123.07151,49.27306]]]}},{"type":"Feature","properties":{"fed":"59036","poll":"93-0","type":"N"},"geometry":{"type":"Polygon","coordinates":[[[-123.05787,49.27912],[-123.05461,49.27911],[-123.05201,49.27911],[-123.052,49.28023],[-123.04935,49.28023],[-123.04935,49.27911],[-123.04936,49.27828],[-123.05657,49.2783],[-123.05658,49.27748],[-123.05658,49.27662],[-123.05791,49.27658],[-123.05787,49.27912]]]}},{"type":"Feature","properties":{"fed":"59036","poll":"17-0","type":"N"},"geometry":{"type":"Polygon","coordinates":[[[-123.10917,49.28354],[-123.10906,49.28304],[-123.1074,49.2827],[-123.10681,49.28293],[-123.10721,49.28201],[-123.1076,49.28107],[-123.10847,49.28123],[-123.11055,49.27985],[-123.11157,49.28049],[-123.11013,49.28147],[-123.10917,49.28354]]]}},{"type":"Feature","properties":{"fed":"59036","poll":"53-0","type":"N"},"geometry":{"type":"Polygon","coordinates":[[[-123.07259,49.28349],[-123.06827,49.28423],[-123.06828,49.28345],[-123.06588,49.28394],[-123.06358,49.28393],[-123.0636,49.28305],[-123.06557,49.28305],[-123.06558,49.28214],[-123.06829,49.28217],[-123.06833,49.28027],[-123.07044,49.28029],[-123.07047,49.27939],[-123.0727,49.27941],[-123.07259,49.28349]]]}},{"type":"Feature","properties":{"fed":"59036","poll":"8-0","type":"N"},"geometry":{"type":"Polygon","coordinates":[[[-123.09785,49.28407],[-123.09788,49.2843],[-123.09527,49.28487],[-123.09525,49.28536],[-123.09478,49.28563],[-123.09438,49.28704],[-123.08961,49.2851],[-123.08947,49.28422],[-123.08956,49.28391],[-123.09531,49.28402],[-123.09535,49.28312],[-123.09538,49.28221],[-123.09631,49.28223],[-123.09631,49.28232],[-123.09659,49.28224],[-123.09746,49.28225],[-123.09761,49.28226],[-123.09785,49.28407]],[[-123.096,49.28313],[-123.09599,49.28322],[-123.09627,49.28322],[-123.096,49.28313]],[[-123.09754,49.28316],[-123.09726,49.28324],[-123.09753,49.28325],[-123.09754,49.28316]],[[-123.09674,49.28314],[-123.09647,49.28314],[-123.09646,49.28323],[-123.09674,49.28314]]]}},{"type":"Feature","properties":{"fed":"59036","poll":"58-0","type":"N"},"geometry":{"type":"Polygon","coordinates":[[[-123.06559,49.28122],[-123.0617,49.28118],[-123.05978,49.28118],[-123.0598,49.27966],[-123.05787,49.27965],[-123.05787,49.27912],[-123.06176,49.27913],[-123.06175,49.27967],[-123.06561,49.27968],[-123.06559,49.28122]]]}},{"type":"Feature","properties":{"fed":"59036","poll":"34-0","type":"N"},"geometry":{"type":"Polygon","coordinates":[[[-123.09142,49.28304],[-123.08568,49.28291],[-123.08527,49.28269],[-123.08607,49.2822],[-123.08477,49.28202],[-123.08481,49.28105],[-123.08486,49.28011],[-123.08723,49.28016],[-123.08959,49.28021],[-123.08955,49.28117],[-123.08718,49.2811],[-123.08712,49.28205],[-123.09143,49.28214],[-123.09142,49.28304]]]}},{"type":"Feature","properties":{"fed":"59036","poll":"91-0","type":"N"},"geometry":{"type":"Polygon","coordinates":[[[-123.06564,49.27665],[-123.06562,49.27753],[-123.06561,49.27932],[-123.06561,49.27968],[-123.06175,49.27967],[-123.06176,49.27913],[-123.06367,49.27914],[-123.06369,49.27663],[-123.06371,49.27573],[-123.06565,49.27574],[-123.06564,49.27665]]]}},{"type":"Feature","properties":{"fed":"59036","poll":"51-0","type":"N"},"geometry":{"type":"Polygon","coordinates":[[[-123.05196,49.28774],[-123.04932,49.28773],[-123.04932,49.28971],[-123.04931,49.29072],[-123.0467,49.29072],[-123.04672,49.28872],[-123.04671,49.28673],[-123.05197,49.28674],[-123.05196,49.28774]]]}},{"type":"Feature","properties":{"fed":"59036","poll":"72-0","type":"N"},"geometry":{"type":"Polygon","coordinates":[[[-123.10467,49.26929],[-123.10273,49.26927],[-123.10065,49.26912],[-123.10062,49.27013],[-123.09885,49.26922],[-123.10019,49.26822],[-123.0988,49.26729],[-123.09883,49.26637],[-123.10075,49.26641],[-123.1008,49.26661],[-123.10094,49.2655],[-123.1048,49.26557],[-123.10467,49.26929]]]}},{"type":"Feature","properties":{"fed":"59036","poll":"14-0","type":"N"},"geometry":{"type":"Polygon","coordinates":[[[-123.09708,49.27854],[-123.09979,49.27857],[-123.09975,49.27949],[-123.0972,49.27944],[-123.09708,49.27854]]]}},{"type":"Feature","properties":{"fed":"59036","poll":"7-0","type":"N"},"geometry":{"type":"Polygon","coordinates":[[[-123.09958,49.2832],[-123.09965,49.28229],[-123.10114,49.28233],[-123.10141,49.28242],[-123.10141,49.28233],[-123.10224,49.28235],[-123.1022,49.28325],[-123.09958,49.2832]]]}},{"type":"Feature","properties":{"fed":"59036","poll":"22-0","type":"N"},"geometry":{"type":"Polygon","coordinates":[[[-123.1076,49.28107],[-123.10561,49.28072],[-123.10579,49.28028],[-123.10515,49.28022],[-123.10513,49.28041],[-123.10496,49.28058],[-123.1051,49.28058],[-123.10499,49.28061],[-123.10439,49.2805],[-123.10447,49.27941],[-123.10461,49.27942],[-123.10448,49.27923],[-123.10613,49.27946],[-123.10765,49.27972],[-123.1076,49.28107]]]}},{"type":"Feature","properties":{"fed":"59036","poll":"23-0","type":"N"},"geometry":{"type":"Polygon","coordinates":[[[-123.10765,49.27972],[-123.10613,49.27946],[-123.10448,49.27923],[-123.10486,49.27875],[-123.10617,49.27805],[-123.10766,49.27865],[-123.10765,49.27972]]]}},{"type":"Feature","properties":{"fed":"59036","poll":"37-0","type":"N"},"geometry":{"type":"Polygon","coordinates":[[[-123.08723,49.28016],[-123.08486,49.28011],[-123.08497,49.27741],[-123.08731,49.27744],[-123.08723,49.28016]]]}},{"type":"Feature","properties":{"fed":"59036","poll":"80-0","type":"N"},"geometry":{"type":"Polygon","coordinates":[[[-123.10014,49.26369],[-123.09896,49.26367],[-123.099,49.26286],[-123.09602,49.26264],[-123.09611,49.26154],[-123.09616,49.26106],[-123.09778,49.26108],[-123.09868,49.26198],[-123.10014,49.26369]]]}},{"type":"Feature","properties":{"fed":"59036","poll":"48-0","type":"N"},"geometry":{"type":"Polygon","coordinates":[[[-123.05772,49.28752],[-123.05774,49.28842],[-123.05657,49.28841],[-123.05651,49.28773],[-123.05459,49.28773],[-123.05459,49.28674],[-123.05655,49.28673],[-123.05654,49.2857],[-123.05777,49.28571],[-123.05772,49.28752]]]}},{"type":"Feature","properties":{"fed":"59036","poll":"26-0","type":"N"},"geometry":{"type":"Polygon","coordinates":[[[-123.09971,49.28039],[-123.0997,49.28135],[-123.09748,49.28132],[-123.09542,49.28128],[-123.09546,49.2803],[-123.09732,49.28034],[-123.0972,49.27944],[-123.09975,49.27949],[-123.09971,49.28039]]]}},{"type":"Feature","properties":{"fed":"59036","poll":"517-0","type":"M"},"geometry":{"type":"Polygon","coordinates":[[[-123.03367,49.26597],[-123.03356,49.26588],[-123.03367,49.26588],[-123.03367,49.26597]]]}},{"type":"Feature","properties":{"fed":"59036","poll":"500-0","type":"M"},"geometry":{"type":"Polygon","coordinates":[[[-123.10114,49.28233],[-123.10141,49.28233],[-123.10141,49.28242],[-123.10114,49.28233]]]}},{"type":"Feature","properties":{"fed":"59036","poll":"501-0","type":"M"},"geometry":{"type":"Polygon","coordinates":[[[-123.09754,49.28316],[-123.09753,49.28325],[-123.09726,49.28324],[-123.09754,49.28316]]]}},{"type":"Feature","properties":{"fed":"59036","poll":"510-0","type":"M"},"geometry":{"type":"Polygon","coordinates":[[[-123.09833,49.2599],[-123.09834,49.25977],[-123.09846,49.26011],[-123.09832,49.26019],[-123.09833,49.2599]]]}},{"type":"Feature","properties":{"fed":"59036","poll":"505-0","type":"M"},"geometry":{"type":"Polygon","coordinates":[[[-123.09761,49.28226],[-123.09746,49.28225],[-123.09753,49.28219],[-123.09761,49.28226]]]}},{"type":"Feature","properties":{"fed":"59036","poll":"520-0","type":"M"},"geometry":{"type":"Polygon","coordinates":[[[-123.03186,49.26565],[-123.03209,49.26565],[-123.03186,49.26575],[-123.03186,49.26565]]]}},{"type":"Feature","properties":{"fed":"59036","poll":"507-0","type":"M"},"geometry":{"type":"Polygon","coordinates":[[[-123.10447,49.27941],[-123.10448,49.27923],[-123.10461,49.27942],[-123.10447,49.27941]]]}},{"type":"Feature","properties":{"fed":"59036","poll":"519-0","type":"M"},"geometry":{"type":"Polygon","coordinates":[[[-123.03256,49.26566],[-123.03228,49.26566],[-123.03229,49.26557],[-123.03256,49.26566]]]}},{"type":"Feature","properties":{"fed":"59036","poll":"512-0","type":"M"},"geometry":{"type":"Polygon","coordinates":[[[-123.09779,49.25654],[-123.09779,49.25663],[-123.09752,49.25654],[-123.09779,49.25654]]]}},{"type":"Feature","properties":{"fed":"59036","poll":"514-0","type":"M"},"geometry":{"type":"Polygon","coordinates":[[[-123.04426,49.26806],[-123.04413,49.26806],[-123.04427,49.26788],[-123.04426,49.26806]]]}},{"type":"Feature","properties":{"fed":"59036","poll":"506-0","type":"M"},"geometry":{"type":"Polygon","coordinates":[[[-123.09631,49.28223],[-123.09659,49.28224],[-123.09631,49.28232],[-123.09631,49.28223]]]}},{"type":"Feature","properties":{"fed":"59036","poll":"509-0","type":"M"},"geometry":{"type":"Polygon","coordinates":[[[-123.06566,49.27535],[-123.06552,49.27535],[-123.06566,49.27517],[-123.06566,49.27535]]]}},{"type":"Feature","properties":{"fed":"59036","poll":"83-0","type":"N"},"geometry":{"type":"Polygon","coordinates":[[[-123.07731,49.27495],[-123.07591,49.27492],[-123.07448,49.2749],[-123.07449,49.274],[-123.07342,49.27399],[-123.07345,49.27305],[-123.07151,49.27306],[-123.07154,49.27215],[-123.07348,49.27217],[-123.07345,49.27145],[-123.0754,49.27149],[-123.07735,49.27151],[-123.07731,49.27495]]]}},{"type":"Feature","properties":{"fed":"59036","poll":"61-0","type":"N"},"geometry":{"type":"Polygon","coordinates":[[[-123.05978,49.28118],[-123.05978,49.28209],[-123.05783,49.28207],[-123.05786,49.28024],[-123.05461,49.28024],[-123.05461,49.27911],[-123.05787,49.27912],[-123.05787,49.27965],[-123.0598,49.27966],[-123.05978,49.28118]]]}},{"type":"Feature","properties":{"fed":"59036","poll":"74-0","type":"N"},"geometry":{"type":"Polygon","coordinates":[[[-123.10079,49.26551],[-123.10075,49.26641],[-123.09883,49.26637],[-123.09887,49.26547],[-123.09937,49.26528],[-123.10054,49.2653],[-123.10079,49.26551]]]}},{"type":"Feature","properties":{"fed":"59036","poll":"30-0","type":"N"},"geometry":{"type":"Polygon","coordinates":[[[-123.09698,49.27762],[-123.09708,49.27854],[-123.0972,49.27944],[-123.09353,49.27937],[-123.09356,49.27847],[-123.0936,49.27756],[-123.09698,49.27762]]]}},{"type":"Feature","properties":{"fed":"59036","poll":"66-0","type":"N"},"geometry":{"type":"Polygon","coordinates":[[[-123.05197,49.28674],[-123.04671,49.28673],[-123.04672,49.28872],[-123.04406,49.28866],[-123.04407,49.28567],[-123.04672,49.28568],[-123.04672,49.28478],[-123.04934,49.28478],[-123.04933,49.28568],[-123.05198,49.2857],[-123.05197,49.28674]]]}},{"type":"Feature","properties":{"fed":"59036","poll":"73-0","type":"N"},"geometry":{"type":"Polygon","coordinates":[[[-123.09822,49.26774],[-123.09622,49.26687],[-123.09632,49.26663],[-123.09678,49.26634],[-123.09883,49.26637],[-123.0988,49.26729],[-123.09822,49.26774]]]}},{"type":"Feature","properties":{"fed":"59036","poll":"81-0","type":"N"},"geometry":{"type":"Polygon","coordinates":[[[-123.09778,49.26108],[-123.09616,49.26106],[-123.09611,49.26154],[-123.09498,49.26153],[-123.09499,49.26068],[-123.095,49.25979],[-123.09659,49.25988],[-123.09778,49.26108]]]}},{"type":"Feature","properties":{"fed":"59036","poll":"69-0","type":"N"},"geometry":{"type":"Polygon","coordinates":[[[-123.05655,49.283],[-123.05655,49.28391],[-123.05198,49.2839],[-123.04934,49.28389],[-123.04935,49.28299],[-123.05197,49.28299],[-123.05199,49.28117],[-123.0546,49.28117],[-123.0546,49.28207],[-123.05655,49.28208],[-123.05655,49.283]]]}},{"type":"Feature","properties":{"fed":"59036","poll":"18-0","type":"N"},"geometry":{"type":"Polygon","coordinates":[[[-123.10428,49.28244],[-123.10434,49.28148],[-123.10721,49.28201],[-123.10681,49.28293],[-123.10428,49.28244]]]}},{"type":"Feature","properties":{"fed":"59036","poll":"71-0","type":"N"},"geometry":{"type":"Polygon","coordinates":[[[-123.05461,49.28024],[-123.0546,49.28117],[-123.05199,49.28117],[-123.04935,49.28116],[-123.04935,49.28023],[-123.052,49.28023],[-123.05201,49.27911],[-123.05461,49.27911],[-123.05461,49.28024]]]}},{"type":"Feature","properties":{"fed":"59036","poll":"52-0","type":"N"},"geometry":{"type":"Polygon","coordinates":[[[-123.04668,49.28207],[-123.04669,49.28298],[-123.04672,49.28478],[-123.04672,49.28568],[-123.04407,49.28567],[-123.04406,49.28866],[-123.04406,49.28971],[-123.04217,49.28968],[-123.04134,49.28907],[-123.04079,49.28922],[-123.03777,49.28831],[-123.03087,49.28707],[-123.03168,49.28564],[-123.03149,49.28115],[-123.03193,49.28115],[-123.0362,49.28117],[-123.03886,49.28117],[-123.04405,49.28116],[-123.044,49.28206],[-123.04668,49.28207]]]}},{"type":"Feature","properties":{"fed":"59036","poll":"25-0","type":"N"},"geometry":{"type":"Polygon","coordinates":[[[-123.10871,49.27866],[-123.11001,49.27949],[-123.10851,49.27984],[-123.10765,49.27972],[-123.10766,49.27865],[-123.10617,49.27805],[-123.10486,49.27875],[-123.10448,49.27923],[-123.10217,49.27929],[-123.10214,49.27733],[-123.10633,49.27768],[-123.10765,49.27807],[-123.10871,49.27866]]]}},{"type":"Feature","properties":{"fed":"59036","poll":"57-0","type":"N"},"geometry":{"type":"Polygon","coordinates":[[[-123.07049,49.27849],[-123.07273,49.27851],[-123.0727,49.27941],[-123.07047,49.27939],[-123.07044,49.28029],[-123.06833,49.28027],[-123.06835,49.27936],[-123.06836,49.27847],[-123.07049,49.27849]]]}},{"type":"Feature","properties":{"fed":"59036","poll":"46-0","type":"N"},"geometry":{"type":"Polygon","coordinates":[[[-123.05657,49.28867],[-123.05654,49.28972],[-123.05458,49.28971],[-123.05458,49.29112],[-123.05197,49.29167],[-123.05199,49.28971],[-123.04932,49.28971],[-123.04932,49.28773],[-123.05196,49.28774],[-123.05196,49.28872],[-123.05657,49.28867]]]}},{"type":"Feature","properties":{"fed":"59036","poll":"27-0","type":"N"},"geometry":{"type":"Polygon","coordinates":[[[-123.09542,49.28128],[-123.09344,49.28124],[-123.09148,49.2812],[-123.09154,49.28024],[-123.09349,49.28028],[-123.09546,49.2803],[-123.09542,49.28128]]]}},{"type":"Feature","properties":{"fed":"59036","poll":"32-0","type":"N"},"geometry":{"type":"Polygon","coordinates":[[[-123.09978,49.27728],[-123.09974,49.27769],[-123.09698,49.27762],[-123.0936,49.27756],[-123.09364,49.27668],[-123.09903,49.27674],[-123.09911,49.2749],[-123.09987,49.27494],[-123.09978,49.27728]]]}},{"type":"Feature","properties":{"fed":"59036","poll":"47-0","type":"N"},"geometry":{"type":"Polygon","coordinates":[[[-123.06077,49.28755],[-123.05772,49.28752],[-123.05777,49.28571],[-123.05973,49.28572],[-123.0597,49.28663],[-123.0615,49.28662],[-123.06077,49.28755]]]}},{"type":"Feature","properties":{"fed":"59036","poll":"54-0","type":"N"},"geometry":{"type":"Polygon","coordinates":[[[-123.06558,49.28214],[-123.06557,49.28305],[-123.0636,49.28305],[-123.06358,49.28393],[-123.06357,49.28481],[-123.06163,49.2848],[-123.06167,49.28392],[-123.06168,49.28302],[-123.0617,49.28118],[-123.06559,49.28122],[-123.06558,49.28214]]]}},{"type":"Feature","properties":{"fed":"59036","poll":"90-0","type":"N"},"geometry":{"type":"Polygon","coordinates":[[[-123.06966,49.2705],[-123.06964,49.27138],[-123.06962,49.27214],[-123.06766,49.27214],[-123.06573,49.2721],[-123.06577,49.27048],[-123.06578,49.26957],[-123.06969,49.26959],[-123.06966,49.2705]]]}},{"type":"Feature","properties":{"fed":"59036","poll":"41-0","type":"N"},"geometry":{"type":"Polygon","coordinates":[[[-123.09322,49.27578],[-123.09178,49.27576],[-123.09169,49.27664],[-123.08975,49.2766],[-123.08737,49.27655],[-123.08731,49.27744],[-123.08497,49.27741],[-123.08358,49.27738],[-123.08344,49.27729],[-123.0833,49.27738],[-123.0826,49.27736],[-123.08266,49.27582],[-123.08277,49.27316],[-123.0887,49.27505],[-123.09261,49.27546],[-123.09322,49.27578]]]}},{"type":"Feature","properties":{"fed":"59036","poll":"36-0","type":"N"},"geometry":{"type":"Polygon","coordinates":[[[-123.08971,49.27749],[-123.08959,49.28021],[-123.08723,49.28016],[-123.08731,49.27744],[-123.08737,49.27655],[-123.08975,49.2766],[-123.08971,49.27749]]]}},{"type":"Feature","properties":{"fed":"59036","poll":"28-0","type":"N"},"geometry":{"type":"Polygon","coordinates":[[[-123.09732,49.28034],[-123.09546,49.2803],[-123.09349,49.28028],[-123.09353,49.27937],[-123.0972,49.27944],[-123.09732,49.28034]]]}},{"type":"Feature","properties":{"fed":"59036","poll":"97-0","type":"N"},"geometry":{"type":"Polygon","coordinates":[[[-123.1049,49.26302],[-123.10487,49.26377],[-123.10295,49.26374],[-123.10298,49.26297],[-123.1009,49.26291],[-123.1003,49.2629],[-123.10035,49.26201],[-123.10046,49.2602],[-123.10117,49.2602],[-123.10115,49.26112],[-123.10306,49.26115],[-123.10302,49.26204],[-123.10493,49.26208],[-123.1049,49.26302]]]}},{"type":"Feature","properties":{"fed":"59036","poll":"139-0","type":"N"},"geometry":{"type":"Polygon","coordinates":[[[-123.03149,49.28115],[-123.03168,49.28564],[-123.03087,49.28707],[-123.0301,49.28713],[-123.03006,49.28666],[-123.02833,49.2867],[-123.02833,49.28567],[-123.02572,49.28568],[-123.02574,49.28388],[-123.02833,49.28387],[-123.02834,49.28296],[-123.03088,49.28296],[-123.03087,49.28115],[-123.03149,49.28115]]]}},{"type":"Feature","properties":{"fed":"59036","poll":"94-0","type":"N"},"geometry":{"type":"Polygon","coordinates":[[[-123.05985,49.27661],[-123.05791,49.27658],[-123.05658,49.27662],[-123.05658,49.27748],[-123.04936,49.27746],[-123.04937,49.27664],[-123.05202,49.27664],[-123.05469,49.27664],[-123.05469,49.27581],[-123.05987,49.27566],[-123.05985,49.27661]]]}},{"type":"Feature","properties":{"fed":"59036","poll":"157-0","type":"N"},"geometry":{"type":"Polygon","coordinates":[[[-123.06973,49.26599],[-123.06972,49.26688],[-123.06969,49.2678],[-123.06582,49.26776],[-123.06584,49.26686],[-123.06587,49.26505],[-123.06976,49.26508],[-123.06973,49.26599]]]}},{"type":"Feature","properties":{"fed":"59036","poll":"141-0","type":"N"},"geometry":{"type":"Polygon","coordinates":[[[-123.0313,49.27744],[-123.03149,49.28115],[-123.03087,49.28115],[-123.03088,49.28296],[-123.02834,49.28296],[-123.02835,49.28114],[-123.02833,49.27908],[-123.03088,49.27908],[-123.03079,49.27744],[-123.0313,49.27744]]]}},{"type":"Feature","properties":{"fed":"59036","poll":"134-0","type":"N"},"geometry":{"type":"Polygon","coordinates":[[[-123.04559,49.27326],[-123.04557,49.27421],[-123.04688,49.27418],[-123.04688,49.27496],[-123.04678,49.27746],[-123.03889,49.27747],[-123.0389,49.27644],[-123.04413,49.27643],[-123.04414,49.27538],[-123.04418,49.27327],[-123.04559,49.27326]]]}},{"type":"Feature","properties":{"fed":"59036","poll":"144-0","type":"N"},"geometry":{"type":"Polygon","coordinates":[[[-123.0313,49.27744],[-123.03079,49.27744],[-123.02837,49.27744],[-123.02804,49.27726],[-123.02805,49.27515],[-123.02842,49.27495],[-123.02842,49.27411],[-123.03035,49.2741],[-123.0312,49.27571],[-123.0313,49.27744]]]}},{"type":"Feature","properties":{"fed":"59036","poll":"198-0","type":"N"},"geometry":{"type":"Polygon","coordinates":[[[-123.04959,49.25837],[-123.05302,49.2582],[-123.05302,49.26103],[-123.05302,49.26201],[-123.05223,49.26201],[-123.05222,49.26296],[-123.04703,49.26295],[-123.04706,49.25907],[-123.0444,49.25922],[-123.04421,49.2582],[-123.04439,49.2582],[-123.04775,49.25817],[-123.04959,49.25789],[-123.04959,49.25837]]]}},{"type":"Feature","properties":{"fed":"59036","poll":"86-0","type":"N"},"geometry":{"type":"Polygon","coordinates":[[[-123.07735,49.27151],[-123.0754,49.27149],[-123.07542,49.27055],[-123.07348,49.27054],[-123.07351,49.26963],[-123.07544,49.26964],[-123.07738,49.26965],[-123.07735,49.27151]]]}},{"type":"Feature","properties":{"fed":"59036","poll":"21-0","type":"N"},"geometry":{"type":"Polygon","coordinates":[[[-123.10428,49.28244],[-123.10224,49.28235],[-123.10228,49.28141],[-123.10434,49.28148],[-123.10428,49.28244]]]}},{"type":"Feature","properties":{"fed":"59036","poll":"68-0","type":"N"},"geometry":{"type":"Polygon","coordinates":[[[-123.06168,49.28302],[-123.05655,49.283],[-123.05655,49.28208],[-123.0546,49.28207],[-123.0546,49.28117],[-123.05461,49.28024],[-123.05786,49.28024],[-123.05783,49.28207],[-123.05978,49.28209],[-123.05978,49.28118],[-123.0617,49.28118],[-123.06168,49.28302]]]}},{"type":"Feature","properties":{"fed":"59036","poll":"78-0","type":"N"},"geometry":{"type":"Polygon","coordinates":[[[-123.10079,49.26551],[-123.10054,49.2653],[-123.09937,49.26528],[-123.09887,49.26547],[-123.09891,49.26457],[-123.09896,49.26367],[-123.10014,49.26369],[-123.10085,49.2645],[-123.10079,49.26551]]]}},{"type":"Feature","properties":{"fed":"59036","poll":"9-0","type":"N"},"geometry":{"type":"Polygon","coordinates":[[[-123.09965,49.28229],[-123.09958,49.2832],[-123.09951,49.28411],[-123.09785,49.28407],[-123.09761,49.28226],[-123.09748,49.28132],[-123.0997,49.28135],[-123.09965,49.28229]]]}},{"type":"Feature","properties":{"fed":"59036","poll":"205-0","type":"N"},"geometry":{"type":"Polygon","coordinates":[[[-123.04014,49.25964],[-123.04015,49.26191],[-123.0391,49.2619],[-123.03908,49.26293],[-123.03654,49.26292],[-123.03651,49.26472],[-123.03384,49.26471],[-123.03366,49.2619],[-123.03374,49.25813],[-123.03388,49.25813],[-123.04421,49.2582],[-123.0444,49.25922],[-123.04014,49.25964]]]}},{"type":"Feature","properties":{"fed":"59036","poll":"4-0","type":"N"},"geometry":{"type":"Polygon","coordinates":[[[-123.09535,49.28312],[-123.09531,49.28402],[-123.08956,49.28391],[-123.08947,49.28422],[-123.08961,49.2851],[-123.09438,49.28704],[-123.09478,49.28563],[-123.09919,49.28486],[-123.09909,49.28506],[-123.09981,49.28568],[-123.09806,49.29769],[-123.0923,49.29743],[-123.08571,49.2972],[-123.07753,49.29697],[-123.07801,49.2844],[-123.07711,49.28381],[-123.08,49.28344],[-123.07999,49.28327],[-123.08099,49.28313],[-123.08099,49.28281],[-123.08128,49.28279],[-123.08411,49.28271],[-123.08568,49.28291],[-123.09142,49.28304],[-123.09336,49.28308],[-123.09535,49.28312]]]}},{"type":"Feature","properties":{"fed":"59036","poll":"43-0","type":"N"},"geometry":{"type":"Polygon","coordinates":[[[-123.06588,49.28394],[-123.06828,49.28345],[-123.06827,49.28423],[-123.06552,49.28484],[-123.06501,49.29643],[-123.05238,49.29601],[-123.05171,49.29599],[-123.05163,49.29252],[-123.05674,49.29145],[-123.06002,49.28982],[-123.06001,49.2894],[-123.05932,49.28933],[-123.06077,49.28755],[-123.0615,49.28662],[-123.0597,49.28663],[-123.05973,49.28572],[-123.06247,49.28572],[-123.06357,49.28481],[-123.06358,49.28393],[-123.06588,49.28394]]]}},{"type":"Feature","properties":{"fed":"59036","poll":"19-0","type":"N"},"geometry":{"type":"Polygon","coordinates":[[[-123.11001,49.27949],[-123.11055,49.27985],[-123.10847,49.28123],[-123.1076,49.28107],[-123.10765,49.27972],[-123.10851,49.27984],[-123.11001,49.27949]]]}},{"type":"Feature","properties":{"fed":"59036","poll":"1-0","type":"N"},"geometry":{"type":"Polygon","coordinates":[[[-123.1041,49.28469],[-123.10889,49.28605],[-123.10249,49.29779],[-123.09806,49.29769],[-123.09981,49.28568],[-123.09909,49.28506],[-123.09919,49.28486],[-123.09478,49.28563],[-123.09525,49.28536],[-123.09527,49.28487],[-123.09788,49.2843],[-123.09785,49.28407],[-123.09951,49.28411],[-123.10218,49.2838],[-123.10402,49.28337],[-123.10424,49.28348],[-123.1041,49.28469]]]}},{"type":"Feature","properties":{"fed":"59036","poll":"60-0","type":"N"},"geometry":{"type":"Polygon","coordinates":[[[-123.07049,49.27849],[-123.06836,49.27847],[-123.06836,49.27755],[-123.06562,49.27753],[-123.06564,49.27665],[-123.06949,49.27666],[-123.07049,49.27849]]]}},{"type":"Feature","properties":{"fed":"59036","poll":"12-0","type":"N"},"geometry":{"type":"Polygon","coordinates":[[[-123.09336,49.28308],[-123.09142,49.28304],[-123.09143,49.28214],[-123.09148,49.2812],[-123.09344,49.28124],[-123.09336,49.28308]]]}},{"type":"Feature","properties":{"fed":"59036","poll":"15-0","type":"N"},"geometry":{"type":"Polygon","coordinates":[[[-123.09148,49.2812],[-123.09143,49.28214],[-123.08712,49.28205],[-123.08718,49.2811],[-123.08955,49.28117],[-123.08959,49.28021],[-123.09154,49.28024],[-123.09148,49.2812]]]}},{"type":"Feature","properties":{"fed":"59036","poll":"11-0","type":"N"},"geometry":{"type":"Polygon","coordinates":[[[-123.09761,49.28226],[-123.09753,49.28219],[-123.09746,49.28225],[-123.09659,49.28224],[-123.09631,49.28223],[-123.09538,49.28221],[-123.09535,49.28312],[-123.09336,49.28308],[-123.09344,49.28124],[-123.09542,49.28128],[-123.09748,49.28132],[-123.09761,49.28226]]]}},{"type":"Feature","properties":{"fed":"59037","poll":"74-0","type":"N"},"geometry":{"type":"Polygon","coordinates":[[[-123.03226,49.22525],[-123.03221,49.22641],[-123.03061,49.2264],[-123.03052,49.22924],[-123.02776,49.22924],[-123.02353,49.22924],[-123.02353,49.2281],[-123.0278,49.22812],[-123.02789,49.22639],[-123.02601,49.22639],[-123.02603,49.22523],[-123.03226,49.22525]]]}},{"type":"Feature","properties":{"fed":"59037","poll":"2-0","type":"N"},"geometry":{"type":"Polygon","coordinates":[[[-123.07569,49.23263],[-123.0743,49.23273],[-123.07292,49.23266],[-123.07298,49.23059],[-123.07436,49.23061],[-123.07442,49.229],[-123.07449,49.22716],[-123.07588,49.22718],[-123.07569,49.23263]]]}},{"type":"Feature","properties":{"fed":"59037","poll":"71-0","type":"N"},"geometry":{"type":"Polygon","coordinates":[[[-123.03052,49.22924],[-123.03062,49.23198],[-123.02928,49.23205],[-123.0265,49.23217],[-123.02647,49.2308],[-123.02782,49.23081],[-123.02776,49.22924],[-123.03052,49.22924]]]}},{"type":"Feature","properties":{"fed":"59037","poll":"24-0","type":"N"},"geometry":{"type":"Polygon","coordinates":[[[-123.07858,49.21814],[-123.07855,49.21959],[-123.07616,49.21957],[-123.07477,49.21957],[-123.07474,49.2204],[-123.07197,49.22037],[-123.07199,49.21997],[-123.07204,49.2181],[-123.07552,49.21813],[-123.07554,49.21726],[-123.07706,49.21727],[-123.07707,49.21814],[-123.07858,49.21814]]]}},{"type":"Feature","properties":{"fed":"59037","poll":"115-0","type":"N"},"geometry":{"type":"Polygon","coordinates":[[[-123.03103,49.2059],[-123.03088,49.20684],[-123.03054,49.20688],[-123.02707,49.20648],[-123.02718,49.20638],[-123.02811,49.20584],[-123.03103,49.2059]]]}},{"type":"Feature","properties":{"fed":"59037","poll":"117-0","type":"N"},"geometry":{"type":"Polygon","coordinates":[[[-123.02707,49.20648],[-123.02474,49.20701],[-123.02336,49.20696],[-123.0234,49.20534],[-123.02511,49.20552],[-123.02718,49.20638],[-123.02707,49.20648]]]}},{"type":"Feature","properties":{"fed":"59037","poll":"118-0","type":"N"},"geometry":{"type":"Polygon","coordinates":[[[-123.02718,49.20638],[-123.02511,49.20552],[-123.0234,49.20534],[-123.02344,49.20429],[-123.02804,49.20491],[-123.02811,49.20584],[-123.02718,49.20638]]]}},{"type":"Feature","properties":{"fed":"59037","poll":"5-0","type":"N"},"geometry":{"type":"Polygon","coordinates":[[[-123.07742,49.22338],[-123.07734,49.22529],[-123.07715,49.22901],[-123.07708,49.23275],[-123.0743,49.23273],[-123.07569,49.23263],[-123.07588,49.22718],[-123.07601,49.22336],[-123.07742,49.22338]]]}},{"type":"Feature","properties":{"fed":"59037","poll":"82-0","type":"N"},"geometry":{"type":"Polygon","coordinates":[[[-123.06604,49.21451],[-123.066,49.21618],[-123.06599,49.21662],[-123.06341,49.21658],[-123.06336,49.21803],[-123.06076,49.218],[-123.05933,49.21799],[-123.05933,49.2171],[-123.06208,49.21712],[-123.06214,49.2153],[-123.05937,49.21528],[-123.05939,49.21446],[-123.06604,49.21451]]]}},{"type":"Feature","properties":{"fed":"59037","poll":"101-0","type":"N"},"geometry":{"type":"Polygon","coordinates":[[[-123.06618,49.20723],[-123.06617,49.20748],[-123.06613,49.20974],[-123.06611,49.21063],[-123.06514,49.21032],[-123.06495,49.21034],[-123.0646,49.21018],[-123.06457,49.21005],[-123.06438,49.21008],[-123.062,49.20898],[-123.06013,49.20849],[-123.06016,49.20841],[-123.05986,49.20845],[-123.05827,49.20785],[-123.0567,49.20798],[-123.05684,49.20715],[-123.05683,49.20708],[-123.05799,49.20708],[-123.05956,49.20747],[-123.05958,49.20699],[-123.06232,49.20784],[-123.06276,49.20722],[-123.06214,49.20639],[-123.0625,49.2062],[-123.06618,49.20723]]]}},{"type":"Feature","properties":{"fed":"59037","poll":"130-0","type":"N","jurisdiction":"South Burnaby — outside City of Vancouver","locality":"Burnaby"},"geometry":{"type":"Polygon","coordinates":[[[-123.02368,49.21204],[-123.02365,49.21359],[-123.02365,49.21481],[-123.02367,49.22016],[-123.02331,49.22017],[-123.02329,49.21926],[-123.02093,49.21926],[-123.02088,49.21381],[-123.0209,49.21182],[-123.02338,49.2118],[-123.02368,49.21204]]]}},{"type":"Feature","properties":{"fed":"59037","poll":"132-0","type":"N","jurisdiction":"South Burnaby — outside City of Vancouver","locality":"Burnaby"},"geometry":{"type":"Polygon","coordinates":[[[-123.01632,49.21079],[-123.01596,49.21093],[-123.01633,49.21159],[-123.01617,49.21213],[-123.0168,49.2131],[-123.01658,49.21384],[-123.01798,49.21383],[-123.01799,49.21483],[-123.01509,49.21483],[-123.01509,49.21572],[-123.00871,49.21572],[-123.00868,49.21484],[-123.01238,49.21485],[-123.01242,49.21229],[-123.00872,49.21223],[-123.00871,49.21121],[-123.01243,49.2113],[-123.01241,49.21081],[-123.01632,49.21079]]]}},{"type":"Feature","properties":{"fed":"59037","poll":"65-0","type":"N"},"geometry":{"type":"Polygon","coordinates":[[[-123.04103,49.22548],[-123.04111,49.22725],[-123.04272,49.22832],[-123.04312,49.22931],[-123.04083,49.22928],[-123.04088,49.22845],[-123.04093,49.22772],[-123.03652,49.22769],[-123.03658,49.22643],[-123.03663,49.22545],[-123.03882,49.22547],[-123.04103,49.22548]]]}},{"type":"Feature","properties":{"fed":"59037","poll":"138-0","type":"N","jurisdiction":"South Burnaby — outside City of Vancouver","locality":"Burnaby"},"geometry":{"type":"Polygon","coordinates":[[[-123.01791,49.20678],[-123.01518,49.20681],[-123.01515,49.20862],[-123.0134,49.20918],[-123.0124,49.20923],[-123.01241,49.21081],[-123.01243,49.2113],[-123.00871,49.21121],[-123.00872,49.21223],[-123.0069,49.21221],[-123.00693,49.21064],[-123.00499,49.2106],[-123.00499,49.21004],[-123.00499,49.20916],[-123.00174,49.2083],[-122.99834,49.20774],[-122.99957,49.20586],[-122.99958,49.20381],[-123.00103,49.20384],[-123.01018,49.20512],[-123.01212,49.20539],[-123.01793,49.20538],[-123.01791,49.20678]]]}},{"type":"Feature","properties":{"fed":"59037","poll":"89-0","type":"N"},"geometry":{"type":"Polygon","coordinates":[[[-123.03901,49.22114],[-123.03679,49.22127],[-123.03674,49.22238],[-123.03529,49.22237],[-123.03529,49.22014],[-123.03798,49.22015],[-123.03789,49.21877],[-123.03942,49.21879],[-123.03901,49.22114]]]}},{"type":"Feature","properties":{"fed":"59037","poll":"94-0","type":"N"},"geometry":{"type":"Polygon","coordinates":[[[-123.04153,49.2155],[-123.04147,49.21721],[-123.04049,49.2172],[-123.04021,49.21719],[-123.03812,49.21724],[-123.03643,49.21725],[-123.03483,49.21644],[-123.03709,49.21557],[-123.0398,49.2155],[-123.04008,49.2155],[-123.04153,49.2155]]]}},{"type":"Feature","properties":{"fed":"59037","poll":"91-0","type":"N"},"geometry":{"type":"Polygon","coordinates":[[[-123.06214,49.2153],[-123.06208,49.21712],[-123.05933,49.2171],[-123.05933,49.21799],[-123.05789,49.21797],[-123.05634,49.21785],[-123.05685,49.21711],[-123.05643,49.21655],[-123.05643,49.21579],[-123.05532,49.21579],[-123.05512,49.21624],[-123.0537,49.21619],[-123.05441,49.21491],[-123.05475,49.21433],[-123.05629,49.21444],[-123.05744,49.21291],[-123.05943,49.21294],[-123.05939,49.21446],[-123.05937,49.21528],[-123.06214,49.2153]]]}},{"type":"Feature","properties":{"fed":"59037","poll":"122-0","type":"N"},"geometry":{"type":"Polygon","coordinates":[[[-123.04726,49.20682],[-123.04726,49.20741],[-123.04772,49.20773],[-123.04228,49.20816],[-123.04227,49.20804],[-123.04227,49.20679],[-123.04771,49.20648],[-123.04726,49.20682]]]}},{"type":"Feature","properties":{"fed":"59037","poll":"121-0","type":"N"},"geometry":{"type":"Polygon","coordinates":[[[-123.049,49.20765],[-123.04772,49.20773],[-123.04726,49.20741],[-123.04726,49.20682],[-123.04771,49.20648],[-123.04907,49.20637],[-123.049,49.20765]]]}},{"type":"Feature","properties":{"fed":"59036","poll":"103-0","type":"N"},"geometry":{"type":"Polygon","coordinates":[[[-123.10115,49.2584],[-123.10112,49.25931],[-123.10051,49.25931],[-123.10046,49.2602],[-123.09832,49.26019],[-123.09846,49.26011],[-123.09834,49.25977],[-123.09839,49.25837],[-123.10115,49.2584]]]}},{"type":"Feature","properties":{"fed":"59036","poll":"104-0","type":"N"},"geometry":{"type":"Polygon","coordinates":[[[-123.10519,49.25665],[-123.10515,49.25758],[-123.10121,49.25751],[-123.10062,49.25751],[-123.10067,49.25658],[-123.10125,49.25658],[-123.10519,49.25665]]]}},{"type":"Feature","properties":{"fed":"59036","poll":"149-0","type":"N"},"geometry":{"type":"Polygon","coordinates":[[[-123.10062,49.25751],[-123.09646,49.25745],[-123.09378,49.25733],[-123.0938,49.25648],[-123.09649,49.25652],[-123.09752,49.25654],[-123.09779,49.25663],[-123.09779,49.25654],[-123.10067,49.25658],[-123.10062,49.25751]]]}},{"type":"Feature","properties":{"fed":"59036","poll":"114-0","type":"N"},"geometry":{"type":"Polygon","coordinates":[[[-123.08915,49.26249],[-123.08912,49.26342],[-123.08717,49.26341],[-123.08524,49.2634],[-123.08528,49.26246],[-123.0872,49.26248],[-123.08721,49.26148],[-123.08721,49.26061],[-123.08919,49.26063],[-123.08915,49.26249]]]}},{"type":"Feature","properties":{"fed":"59036","poll":"131-0","type":"N"},"geometry":{"type":"Polygon","coordinates":[[[-123.04678,49.27746],[-123.04672,49.27828],[-123.04411,49.27828],[-123.04405,49.28116],[-123.03886,49.28117],[-123.03889,49.27747],[-123.04678,49.27746]]]}},{"type":"Feature","properties":{"fed":"59036","poll":"132-0","type":"N"},"geometry":{"type":"Polygon","coordinates":[[[-123.04938,49.27581],[-123.05203,49.27581],[-123.05202,49.27664],[-123.04937,49.27664],[-123.04936,49.27746],[-123.04678,49.27746],[-123.04688,49.27496],[-123.0494,49.27498],[-123.04938,49.27581]]]}},{"type":"Feature","properties":{"fed":"59036","poll":"192-0","type":"N"},"geometry":{"type":"Polygon","coordinates":[[[-123.05473,49.26478],[-123.05472,49.26668],[-123.05216,49.26668],[-123.0495,49.26668],[-123.04952,49.26477],[-123.05219,49.26477],[-123.05221,49.26387],[-123.05473,49.26388],[-123.05473,49.26478]]]}},{"type":"Feature","properties":{"fed":"59036","poll":"179-0","type":"N"},"geometry":{"type":"Polygon","coordinates":[[[-123.03363,49.27497],[-123.03362,49.27663],[-123.03363,49.27745],[-123.03182,49.27744],[-123.03193,49.28115],[-123.03149,49.28115],[-123.0313,49.27744],[-123.0312,49.27571],[-123.03035,49.2741],[-123.03076,49.27409],[-123.03075,49.27324],[-123.03365,49.27325],[-123.03363,49.27497]]]}},{"type":"Feature","properties":{"fed":"59036","poll":"174-0","type":"N"},"geometry":{"type":"Polygon","coordinates":[[[-123.07369,49.26049],[-123.07368,49.26141],[-123.06983,49.2614],[-123.06984,49.26045],[-123.06986,49.25959],[-123.07371,49.25961],[-123.07369,49.26049]]]}},{"type":"Feature","properties":{"fed":"59036","poll":"173-0","type":"N"},"geometry":{"type":"Polygon","coordinates":[[[-123.07366,49.26237],[-123.06981,49.26233],[-123.06978,49.26373],[-123.0669,49.26258],[-123.06685,49.2623],[-123.06593,49.2623],[-123.06594,49.26139],[-123.06983,49.2614],[-123.07368,49.26141],[-123.0775,49.26141],[-123.0775,49.2624],[-123.07366,49.26237]]]}},{"type":"Feature","properties":{"fed":"59036","poll":"142-0","type":"N"},"geometry":{"type":"Polygon","coordinates":[[[-123.02835,49.28114],[-123.02341,49.28115],[-123.02342,49.27825],[-123.02574,49.27827],[-123.02574,49.27906],[-123.02833,49.27908],[-123.02835,49.28114]]]}},{"type":"Feature","properties":{"fed":"59036","poll":"178-0","type":"N"},"geometry":{"type":"Polygon","coordinates":[[[-123.04688,49.27418],[-123.04557,49.27421],[-123.04559,49.27326],[-123.04418,49.27327],[-123.03893,49.27326],[-123.03894,49.27229],[-123.04145,49.27228],[-123.04142,49.27136],[-123.04692,49.27136],[-123.04688,49.27418]]]}},{"type":"Feature","properties":{"fed":"59036","poll":"116-0","type":"N"},"geometry":{"type":"Polygon","coordinates":[[[-123.08721,49.26148],[-123.0872,49.26248],[-123.08528,49.26246],[-123.08141,49.26243],[-123.08142,49.26145],[-123.08721,49.26148]]]}},{"type":"Feature","properties":{"fed":"59036","poll":"191-0","type":"N"},"geometry":{"type":"Polygon","coordinates":[[[-123.06598,49.25866],[-123.06597,49.25955],[-123.06405,49.25953],[-123.06209,49.25953],[-123.06213,49.25862],[-123.06021,49.2586],[-123.06021,49.2591],[-123.05827,49.25827],[-123.05665,49.2578],[-123.05663,49.25676],[-123.06602,49.25682],[-123.06598,49.25866]]]}},{"type":"Feature","properties":{"fed":"59036","poll":"188-0","type":"N"},"geometry":{"type":"Polygon","coordinates":[[[-123.06986,49.25959],[-123.06984,49.26045],[-123.06402,49.26041],[-123.06405,49.25953],[-123.06597,49.25955],[-123.06598,49.25866],[-123.06988,49.25869],[-123.06986,49.25959]]]}},{"type":"Feature","properties":{"fed":"59036","poll":"143-0","type":"N"},"geometry":{"type":"Polygon","coordinates":[[[-123.03079,49.27744],[-123.03088,49.27908],[-123.02833,49.27908],[-123.02574,49.27906],[-123.02574,49.27827],[-123.02342,49.27825],[-123.02342,49.27756],[-123.02365,49.27743],[-123.02837,49.27744],[-123.03079,49.27744]]]}},{"type":"Feature","properties":{"fed":"59036","poll":"121-0","type":"N"},"geometry":{"type":"Polygon","coordinates":[[[-123.06573,49.2721],[-123.06378,49.2721],[-123.06379,49.27125],[-123.06188,49.27124],[-123.06192,49.26954],[-123.06191,49.26864],[-123.06385,49.26866],[-123.06381,49.27046],[-123.06577,49.27048],[-123.06573,49.2721]]]}},{"type":"Feature","properties":{"fed":"59036","poll":"35-0","type":"N"},"geometry":{"type":"Polygon","coordinates":[[[-123.08527,49.28269],[-123.08568,49.28291],[-123.08411,49.28271],[-123.08128,49.28279],[-123.08129,49.28232],[-123.07914,49.2823],[-123.07918,49.28112],[-123.08247,49.281],[-123.08481,49.28105],[-123.08477,49.28202],[-123.08607,49.2822],[-123.08527,49.28269]]]}},{"type":"Feature","properties":{"fed":"59036","poll":"76-0","type":"N"},"geometry":{"type":"Polygon","coordinates":[[[-123.1048,49.26557],[-123.10094,49.2655],[-123.1008,49.26661],[-123.10075,49.26641],[-123.10079,49.26551],[-123.10085,49.2645],[-123.1009,49.26291],[-123.10298,49.26297],[-123.10295,49.26374],[-123.10487,49.26377],[-123.1048,49.26557]]]}},{"type":"Feature","properties":{"fed":"59036","poll":"98-0","type":"N"},"geometry":{"type":"Polygon","coordinates":[[[-123.1003,49.2629],[-123.1009,49.26291],[-123.10085,49.2645],[-123.10014,49.26369],[-123.09868,49.26198],[-123.10035,49.26201],[-123.1003,49.2629]]]}},{"type":"Feature","properties":{"fed":"59036","poll":"193-0","type":"N"},"geometry":{"type":"Polygon","coordinates":[[[-123.05816,49.26318],[-123.05814,49.26416],[-123.05661,49.26415],[-123.0566,49.26479],[-123.05473,49.26478],[-123.05473,49.26388],[-123.05473,49.26297],[-123.05222,49.26296],[-123.05223,49.26201],[-123.05302,49.26201],[-123.05472,49.26202],[-123.05499,49.26212],[-123.055,49.26203],[-123.05817,49.26225],[-123.05816,49.26318]]]}},{"type":"Feature","properties":{"fed":"59037","poll":"20-0","type":"N"},"geometry":{"type":"Polygon","coordinates":[[[-123.08314,49.21556],[-123.08311,49.21732],[-123.08308,49.2182],[-123.08305,49.21963],[-123.0816,49.21962],[-123.08166,49.21644],[-123.0786,49.21641],[-123.07858,49.21814],[-123.07707,49.21814],[-123.07706,49.21727],[-123.07709,49.21548],[-123.08314,49.21556]]]}},{"type":"Feature","properties":{"fed":"59037","poll":"35-0","type":"N"},"geometry":{"type":"Polygon","coordinates":[[[-123.03883,49.22928],[-123.0403,49.22929],[-123.04027,49.23291],[-123.04173,49.23299],[-123.03881,49.23298],[-123.03746,49.23314],[-123.036,49.23246],[-123.03601,49.23158],[-123.03744,49.23159],[-123.03745,49.23115],[-123.0388,49.23115],[-123.03883,49.22928]]]}},{"type":"Feature","properties":{"fed":"59037","poll":"22-0","type":"N"},"geometry":{"type":"Polygon","coordinates":[[[-123.07882,49.22182],[-123.0787,49.22531],[-123.07734,49.22529],[-123.07742,49.22338],[-123.07601,49.22336],[-123.07607,49.22179],[-123.07882,49.22182]]]}},{"type":"Feature","properties":{"fed":"59037","poll":"53-0","type":"N"},"geometry":{"type":"Polygon","coordinates":[[[-123.08572,49.21292],[-123.08571,49.21383],[-123.08571,49.21473],[-123.08317,49.21468],[-123.08018,49.21467],[-123.08018,49.21379],[-123.07991,49.21288],[-123.08317,49.21287],[-123.08572,49.21292]]]}},{"type":"Feature","properties":{"fed":"59037","poll":"52-0","type":"N"},"geometry":{"type":"Polygon","coordinates":[[[-123.09115,49.21108],[-123.09109,49.21398],[-123.08804,49.21389],[-123.08825,49.21111],[-123.09115,49.21108]]]}},{"type":"Feature","properties":{"fed":"59037","poll":"72-0","type":"N"},"geometry":{"type":"Polygon","coordinates":[[[-123.03221,49.22641],[-123.03211,49.22842],[-123.03429,49.22843],[-123.03457,49.23007],[-123.03225,49.23004],[-123.03228,49.231],[-123.03127,49.23202],[-123.03062,49.23198],[-123.03052,49.22924],[-123.03061,49.2264],[-123.03221,49.22641]]]}},{"type":"Feature","properties":{"fed":"59037","poll":"190-0","type":"N","jurisdiction":"South Burnaby — outside City of Vancouver","locality":"Burnaby"},"geometry":{"type":"Polygon","coordinates":[[[-123.02315,49.19975],[-123.0234,49.20224],[-123.02295,49.20261],[-123.0222,49.20221],[-123.01352,49.20025],[-123.01012,49.20009],[-123.01018,49.20512],[-123.00103,49.20384],[-122.99958,49.20381],[-122.98609,49.20382],[-122.98477,49.20364],[-122.98355,49.20315],[-122.98205,49.20203],[-122.98414,49.20087],[-122.98045,49.19799],[-122.97839,49.1991],[-122.97668,49.19794],[-122.97524,49.1975],[-122.96779,49.19656],[-122.97187,49.19953],[-122.96737,49.20167],[-122.97118,49.20481],[-122.96742,49.20399],[-122.96738,49.20444],[-122.96836,49.20532],[-122.9684,49.20566],[-122.96258,49.20551],[-122.95983,49.20493],[-122.95942,49.20479],[-122.9603,49.20374],[-122.95853,49.20225],[-122.95997,49.20137],[-122.95563,49.19816],[-122.95107,49.19431],[-122.95744,49.19013],[-122.96085,49.1883],[-122.9652,49.1865],[-122.96976,49.18191],[-122.97296,49.18073],[-122.97822,49.18017],[-122.98027,49.18069],[-122.98282,49.18137],[-122.98717,49.18299],[-122.9943,49.18726],[-123.00473,49.19306],[-123.00876,49.19487],[-123.01756,49.19828],[-123.02315,49.19975]]]}},{"type":"Feature","properties":{"fed":"59037","poll":"131-0","type":"N","jurisdiction":"South Burnaby — outside City of Vancouver","locality":"Burnaby"},"geometry":{"type":"Polygon","coordinates":[[[-123.01242,49.21663],[-123.01253,49.22027],[-123.01074,49.22026],[-123.01088,49.22196],[-123.00877,49.22196],[-123.00874,49.2184],[-123.00871,49.21662],[-123.01242,49.21663]]]}},{"type":"Feature","properties":{"fed":"59037","poll":"79-0","type":"N"},"geometry":{"type":"Polygon","coordinates":[[[-123.07133,49.21737],[-123.07061,49.21814],[-123.06949,49.21871],[-123.06807,49.21898],[-123.06593,49.219],[-123.06599,49.21662],[-123.066,49.21618],[-123.06851,49.21621],[-123.07133,49.21737]]]}},{"type":"Feature","properties":{"fed":"59037","poll":"90-0","type":"N"},"geometry":{"type":"Polygon","coordinates":[[[-123.03483,49.21644],[-123.03643,49.21725],[-123.03812,49.21724],[-123.03785,49.21739],[-123.03767,49.21841],[-123.03765,49.21876],[-123.03789,49.21877],[-123.03798,49.22015],[-123.03529,49.22014],[-123.03241,49.22013],[-123.03242,49.21904],[-123.03215,49.21793],[-123.03357,49.21754],[-123.03483,49.21644]]]}},{"type":"Feature","properties":{"fed":"59037","poll":"86-0","type":"N"},"geometry":{"type":"Polygon","coordinates":[[[-123.03884,49.2247],[-123.03882,49.22547],[-123.03663,49.22545],[-123.03665,49.22469],[-123.03363,49.22467],[-123.03374,49.22236],[-123.03529,49.22237],[-123.03674,49.22238],[-123.03675,49.22285],[-123.03894,49.22292],[-123.03884,49.2247]]]}},{"type":"Feature","properties":{"fed":"59037","poll":"126-0","type":"N"},"geometry":{"type":"Polygon","coordinates":[[[-123.02729,49.21056],[-123.02688,49.21124],[-123.02607,49.21172],[-123.02648,49.21219],[-123.02721,49.21224],[-123.02743,49.21336],[-123.02702,49.21366],[-123.0263,49.21375],[-123.02523,49.21328],[-123.02548,49.2139],[-123.02365,49.21359],[-123.02368,49.21204],[-123.02355,49.20818],[-123.02581,49.208],[-123.02596,49.20837],[-123.02455,49.20858],[-123.02514,49.21002],[-123.02707,49.20986],[-123.0277,49.21006],[-123.02729,49.21056]]]}},{"type":"Feature","properties":{"fed":"59037","poll":"84-0","type":"N"},"geometry":{"type":"Polygon","coordinates":[[[-123.06607,49.21223],[-123.06606,49.21361],[-123.06473,49.21361],[-123.06464,49.21287],[-123.06342,49.21244],[-123.05947,49.21238],[-123.05919,49.21162],[-123.05789,49.21246],[-123.05654,49.21203],[-123.05668,49.2114],[-123.05892,49.21058],[-123.06304,49.21056],[-123.06416,49.21113],[-123.06381,49.2115],[-123.06607,49.21223]]]}},{"type":"Feature","properties":{"fed":"59037","poll":"119-0","type":"N"},"geometry":{"type":"Polygon","coordinates":[[[-123.03675,49.20542],[-123.03677,49.20493],[-123.03507,49.20466],[-123.03279,49.20323],[-123.03159,49.20413],[-123.03122,49.20506],[-123.03052,49.20496],[-123.03048,49.20526],[-123.02804,49.20491],[-123.02344,49.20429],[-123.02295,49.20261],[-123.0234,49.20224],[-123.02315,49.19975],[-123.03989,49.20378],[-123.04234,49.20416],[-123.04255,49.20528],[-123.04231,49.20608],[-123.03987,49.20595],[-123.03675,49.20542]]]}},{"type":"Feature","properties":{"fed":"59037","poll":"116-0","type":"N"},"geometry":{"type":"Polygon","coordinates":[[[-123.03103,49.2059],[-123.02811,49.20584],[-123.02804,49.20491],[-123.03048,49.20526],[-123.03052,49.20496],[-123.03122,49.20506],[-123.03103,49.2059]]]}},{"type":"Feature","properties":{"fed":"59037","poll":"135-0","type":"N","jurisdiction":"South Burnaby — outside City of Vancouver","locality":"Burnaby"},"geometry":{"type":"Polygon","coordinates":[[[-123.01242,49.21229],[-123.01238,49.21485],[-123.00868,49.21484],[-123.00871,49.21572],[-123.00871,49.21662],[-123.00874,49.2184],[-123.00503,49.21842],[-123.00498,49.21664],[-123.00511,49.21588],[-123.00497,49.21579],[-123.00508,49.21494],[-123.00494,49.21485],[-123.00495,49.21357],[-123.00272,49.21355],[-123.00272,49.21296],[-123.00271,49.21221],[-123.00498,49.21221],[-123.00495,49.21338],[-123.00872,49.21344],[-123.00872,49.21223],[-123.01242,49.21229]]]}},{"type":"Feature","properties":{"fed":"59037","poll":"125-0","type":"N"},"geometry":{"type":"Polygon","coordinates":[[[-123.04228,49.20816],[-123.04165,49.21305],[-123.03962,49.21301],[-123.03901,49.21328],[-123.03888,49.21375],[-123.03815,49.21371],[-123.03446,49.21357],[-123.03423,49.21261],[-123.03191,49.21254],[-123.0318,49.21173],[-123.03134,49.21134],[-123.02933,49.21132],[-123.0286,49.21091],[-123.02729,49.21056],[-123.0277,49.21006],[-123.0291,49.20918],[-123.02914,49.20883],[-123.02981,49.20888],[-123.02984,49.20844],[-123.02924,49.2084],[-123.02932,49.20794],[-123.03005,49.20801],[-123.03398,49.20844],[-123.03781,49.20828],[-123.03892,49.20783],[-123.04066,49.20821],[-123.04228,49.20816]]]}},{"type":"Feature","properties":{"fed":"59037","poll":"47-0","type":"N"},"geometry":{"type":"Polygon","coordinates":[[[-123.05775,49.22253],[-123.05769,49.2249],[-123.05474,49.22481],[-123.0524,49.22479],[-123.05245,49.22383],[-123.05249,49.22319],[-123.0548,49.22322],[-123.05482,49.22253],[-123.05775,49.22253]]]}},{"type":"Feature","properties":{"fed":"59037","poll":"44-0","type":"N"},"geometry":{"type":"Polygon","coordinates":[[[-123.05921,49.22306],[-123.05917,49.22505],[-123.05911,49.22708],[-123.05908,49.2285],[-123.05909,49.22941],[-123.05494,49.22938],[-123.05466,49.22757],[-123.05474,49.22481],[-123.05769,49.2249],[-123.05775,49.22253],[-123.05926,49.22253],[-123.05921,49.22306]],[[-123.05612,49.22545],[-123.05597,49.22562],[-123.05611,49.22563],[-123.05612,49.22545]],[[-123.05574,49.22685],[-123.05576,49.22676],[-123.05548,49.22674],[-123.05574,49.22685]],[[-123.0561,49.22575],[-123.05595,49.22593],[-123.05609,49.22593],[-123.0561,49.22575]]]}},{"type":"Feature","properties":{"fed":"59037","poll":"104-0","type":"N"},"geometry":{"type":"Polygon","coordinates":[[[-123.04654,49.21806],[-123.04794,49.21879],[-123.04806,49.21934],[-123.04804,49.22021],[-123.04516,49.2202],[-123.04521,49.21928],[-123.04567,49.2188],[-123.04382,49.21823],[-123.04139,49.21818],[-123.04141,49.21801],[-123.04142,49.21783],[-123.04147,49.21721],[-123.04153,49.2155],[-123.04314,49.21568],[-123.04715,49.21744],[-123.04654,49.21806]]]}},{"type":"Feature","properties":{"fed":"59037","poll":"6-0","type":"N"},"geometry":{"type":"Polygon","coordinates":[[[-123.06837,49.22765],[-123.06833,49.22898],[-123.0683,49.23053],[-123.06558,49.23051],[-123.06558,49.23038],[-123.06563,49.22857],[-123.06568,49.22765],[-123.06705,49.22763],[-123.06837,49.22765]]]}},{"type":"Feature","properties":{"fed":"59037","poll":"505-0","type":"M"},"geometry":{"type":"Polygon","coordinates":[[[-123.07205,49.21374],[-123.07205,49.21322],[-123.07222,49.21321],[-123.07205,49.21374]]]}},{"type":"Feature","properties":{"fed":"59037","poll":"508-0","type":"M"},"geometry":{"type":"Polygon","coordinates":[[[-123.04142,49.21783],[-123.04141,49.21801],[-123.04128,49.21783],[-123.04142,49.21783]]]}},{"type":"Feature","properties":{"fed":"59037","poll":"506-0","type":"M"},"geometry":{"type":"Polygon","coordinates":[[[-123.06611,49.21063],[-123.06543,49.21055],[-123.06495,49.21034],[-123.06514,49.21032],[-123.06611,49.21063]]]}},{"type":"Feature","properties":{"fed":"59037","poll":"510-0","type":"M"},"geometry":{"type":"Polygon","coordinates":[[[-123.05986,49.20845],[-123.06016,49.20841],[-123.06013,49.20849],[-123.05986,49.20845]]]}},{"type":"Feature","properties":{"fed":"59037","poll":"504-0","type":"M"},"geometry":{"type":"Polygon","coordinates":[[[-123.05034,49.22509],[-123.05047,49.2251],[-123.05033,49.22527],[-123.05033,49.22514],[-123.05034,49.22509]]]}},{"type":"Feature","properties":{"fed":"59037","poll":"41-0","type":"N"},"geometry":{"type":"Polygon","coordinates":[[[-123.03652,49.22769],[-123.04093,49.22772],[-123.04088,49.22845],[-123.03648,49.22844],[-123.03645,49.22927],[-123.03741,49.22927],[-123.03743,49.23026],[-123.03457,49.23026],[-123.03457,49.23007],[-123.03429,49.22843],[-123.03502,49.22843],[-123.03512,49.22642],[-123.03658,49.22643],[-123.03652,49.22769]]]}},{"type":"Feature","properties":{"fed":"59037","poll":"62-0","type":"N"},"geometry":{"type":"Polygon","coordinates":[[[-123.0771,49.21463],[-123.07709,49.21548],[-123.07706,49.21727],[-123.07554,49.21726],[-123.07556,49.21639],[-123.07199,49.21629],[-123.06989,49.2161],[-123.07018,49.21542],[-123.07203,49.21543],[-123.07204,49.21458],[-123.07205,49.21374],[-123.07406,49.21376],[-123.07405,49.2146],[-123.0771,49.21463]]]}},{"type":"Feature","properties":{"fed":"59037","poll":"54-0","type":"N"},"geometry":{"type":"Polygon","coordinates":[[[-123.08825,49.21111],[-123.08804,49.21389],[-123.08571,49.21383],[-123.08572,49.21292],[-123.08317,49.21287],[-123.08325,49.21117],[-123.08825,49.21111]]]}},{"type":"Feature","properties":{"fed":"59037","poll":"26-0","type":"N"},"geometry":{"type":"Polygon","coordinates":[[[-123.06207,49.23033],[-123.0621,49.23206],[-123.06048,49.23204],[-123.06047,49.23286],[-123.05888,49.23284],[-123.05909,49.22941],[-123.06208,49.22944],[-123.06207,49.23033]]]}},{"type":"Feature","properties":{"fed":"59037","poll":"33-0","type":"N"},"geometry":{"type":"Polygon","coordinates":[[[-123.05466,49.22757],[-123.05494,49.22938],[-123.05161,49.22935],[-123.05163,49.2303],[-123.04884,49.23036],[-123.04884,49.23025],[-123.04885,49.22932],[-123.05011,49.22933],[-123.05015,49.22845],[-123.0502,49.22754],[-123.05466,49.22757]]]}},{"type":"Feature","properties":{"fed":"59036","poll":"169-0","type":"N"},"geometry":{"type":"Polygon","coordinates":[[[-123.07743,49.2663],[-123.07552,49.26566],[-123.07361,49.26501],[-123.06978,49.26373],[-123.06981,49.26233],[-123.07366,49.26237],[-123.07365,49.2633],[-123.07363,49.26419],[-123.07558,49.26422],[-123.07557,49.26471],[-123.07744,49.26518],[-123.07743,49.2663]]]}},{"type":"Feature","properties":{"fed":"59036","poll":"156-0","type":"N"},"geometry":{"type":"Polygon","coordinates":[[[-123.0716,49.26872],[-123.07159,49.26961],[-123.06969,49.26959],[-123.06578,49.26957],[-123.06577,49.27048],[-123.06381,49.27046],[-123.06385,49.26866],[-123.0658,49.26867],[-123.0716,49.26872]]]}},{"type":"Feature","properties":{"fed":"59036","poll":"105-0","type":"N"},"geometry":{"type":"Polygon","coordinates":[[[-123.10062,49.25751],[-123.10121,49.25751],[-123.10115,49.2584],[-123.09839,49.25837],[-123.09643,49.25834],[-123.09644,49.25786],[-123.09645,49.25768],[-123.09646,49.25745],[-123.10062,49.25751]]]}},{"type":"Feature","properties":{"fed":"59036","poll":"95-0","type":"N"},"geometry":{"type":"Polygon","coordinates":[[[-123.05658,49.27748],[-123.05657,49.2783],[-123.04936,49.27828],[-123.04935,49.27911],[-123.04671,49.27911],[-123.04672,49.27828],[-123.04678,49.27746],[-123.04936,49.27746],[-123.05658,49.27748]]]}},{"type":"Feature","properties":{"fed":"59036","poll":"202-0","type":"N"},"geometry":{"type":"Polygon","coordinates":[[[-123.04434,49.26387],[-123.04156,49.26386],[-123.04154,49.26569],[-123.03903,49.26568],[-123.03908,49.26293],[-123.04157,49.26293],[-123.04159,49.26193],[-123.04433,49.26195],[-123.04434,49.26387]]]}},{"type":"Feature","properties":{"fed":"59036","poll":"109-0","type":"N"},"geometry":{"type":"Polygon","coordinates":[[[-123.093,49.26526],[-123.09102,49.26526],[-123.09101,49.26435],[-123.09106,49.2625],[-123.09302,49.26251],[-123.093,49.26526]]]}},{"type":"Feature","properties":{"fed":"59036","poll":"147-0","type":"N"},"geometry":{"type":"Polygon","coordinates":[[[-123.09498,49.26153],[-123.09611,49.26154],[-123.09602,49.26264],[-123.09497,49.26252],[-123.09302,49.26251],[-123.09303,49.26152],[-123.09107,49.26151],[-123.0911,49.25975],[-123.09307,49.25977],[-123.09305,49.26066],[-123.09499,49.26068],[-123.09498,49.26153]]]}},{"type":"Feature","properties":{"fed":"59036","poll":"186-0","type":"N"},"geometry":{"type":"Polygon","coordinates":[[[-123.06399,49.26323],[-123.06393,49.26415],[-123.06202,49.26414],[-123.06199,49.26501],[-123.06394,49.26503],[-123.06392,49.26594],[-123.06195,49.26593],[-123.06004,49.26591],[-123.06007,49.26501],[-123.05812,49.26499],[-123.05814,49.26416],[-123.05816,49.26318],[-123.06399,49.26323]]]}},{"type":"Feature","properties":{"fed":"59036","poll":"187-0","type":"N"},"geometry":{"type":"Polygon","coordinates":[[[-123.06398,49.26228],[-123.06399,49.26323],[-123.05816,49.26318],[-123.05817,49.26225],[-123.0582,49.26129],[-123.05822,49.26037],[-123.06014,49.26039],[-123.06013,49.2613],[-123.06371,49.26132],[-123.06399,49.26143],[-123.06398,49.26228]]]}},{"type":"Feature","properties":{"fed":"59036","poll":"163-0","type":"N"},"geometry":{"type":"Polygon","coordinates":[[[-123.05996,49.26952],[-123.05662,49.26956],[-123.05469,49.26962],[-123.05472,49.26668],[-123.06002,49.26676],[-123.05996,49.26952]]]}},{"type":"Feature","properties":{"fed":"59036","poll":"171-0","type":"N"},"geometry":{"type":"Polygon","coordinates":[[[-123.08144,49.26056],[-123.08142,49.26145],[-123.08141,49.26243],[-123.07764,49.2624],[-123.0775,49.2624],[-123.0775,49.26141],[-123.07368,49.26141],[-123.07369,49.26049],[-123.08144,49.26056]]]}},{"type":"Feature","properties":{"fed":"59036","poll":"152-0","type":"N"},"geometry":{"type":"Polygon","coordinates":[[[-123.09378,49.25733],[-123.0926,49.25728],[-123.08946,49.25717],[-123.08922,49.25795],[-123.09113,49.25796],[-123.09112,49.25883],[-123.08538,49.2588],[-123.08532,49.25788],[-123.08727,49.25793],[-123.08748,49.25639],[-123.0892,49.25641],[-123.08985,49.25641],[-123.0938,49.25648],[-123.09378,49.25733]]]}},{"type":"Feature","properties":{"fed":"59036","poll":"154-0","type":"N"},"geometry":{"type":"Polygon","coordinates":[[[-123.08147,49.25877],[-123.08338,49.25879],[-123.08337,49.2597],[-123.07759,49.25963],[-123.07762,49.25783],[-123.08149,49.25785],[-123.08147,49.25877]]]}},{"type":"Feature","properties":{"fed":"59036","poll":"182-0","type":"N"},"geometry":{"type":"Polygon","coordinates":[[[-123.03894,49.27229],[-123.03893,49.27326],[-123.0364,49.27325],[-123.03636,49.27497],[-123.03363,49.27497],[-123.03365,49.27325],[-123.03075,49.27324],[-123.03076,49.27409],[-123.03035,49.2741],[-123.0275,49.26954],[-123.0336,49.26954],[-123.0333,49.27015],[-123.03372,49.27061],[-123.03368,49.27135],[-123.03644,49.27135],[-123.03642,49.27229],[-123.03894,49.27229]]]}},{"type":"Feature","properties":{"fed":"59036","poll":"199-0","type":"N"},"geometry":{"type":"Polygon","coordinates":[[[-123.04703,49.26295],[-123.04702,49.26387],[-123.04434,49.26387],[-123.04433,49.26195],[-123.04159,49.26193],[-123.04157,49.26293],[-123.03908,49.26293],[-123.0391,49.2619],[-123.04015,49.26191],[-123.04014,49.25964],[-123.0444,49.25922],[-123.04706,49.25907],[-123.04703,49.26295]]]}},{"type":"Feature","properties":{"fed":"59036","poll":"101-0","type":"N"},"geometry":{"type":"Polygon","coordinates":[[[-123.10035,49.26201],[-123.09868,49.26198],[-123.09778,49.26108],[-123.09659,49.25988],[-123.09832,49.26019],[-123.10046,49.2602],[-123.10035,49.26201]]]}},{"type":"Feature","properties":{"fed":"59036","poll":"170-0","type":"N"},"geometry":{"type":"Polygon","coordinates":[[[-123.0775,49.2624],[-123.07764,49.2624],[-123.07754,49.26334],[-123.07365,49.2633],[-123.07366,49.26237],[-123.0775,49.2624]]]}},{"type":"Feature","properties":{"fed":"59036","poll":"129-0","type":"N"},"geometry":{"type":"Polygon","coordinates":[[[-123.07359,49.26602],[-123.06973,49.26599],[-123.06976,49.26508],[-123.06978,49.26373],[-123.07361,49.26501],[-123.07359,49.26602]]]}},{"type":"Feature","properties":{"fed":"59036","poll":"181-0","type":"N"},"geometry":{"type":"Polygon","coordinates":[[[-123.04142,49.27136],[-123.04145,49.27228],[-123.03894,49.27229],[-123.03642,49.27229],[-123.03644,49.27135],[-123.03368,49.27135],[-123.03372,49.27061],[-123.0333,49.27015],[-123.0336,49.26954],[-123.04148,49.26956],[-123.04145,49.27041],[-123.03895,49.2704],[-123.03894,49.27135],[-123.04142,49.27136]]]}},{"type":"Feature","properties":{"fed":"59036","poll":"117-0","type":"N"},"geometry":{"type":"Polygon","coordinates":[[[-123.06569,49.27385],[-123.06567,49.27485],[-123.06181,49.27481],[-123.06185,49.27298],[-123.06571,49.27302],[-123.06569,49.27385]]]}},{"type":"Feature","properties":{"fed":"59036","poll":"165-0","type":"N"},"geometry":{"type":"Polygon","coordinates":[[[-123.05469,49.26962],[-123.05471,49.27043],[-123.05211,49.27043],[-123.05216,49.26668],[-123.05472,49.26668],[-123.05469,49.26962]]]}},{"type":"Feature","properties":{"fed":"59037","poll":"81-0","type":"N"},"geometry":{"type":"Polygon","coordinates":[[[-123.07204,49.21458],[-123.07203,49.21543],[-123.07018,49.21542],[-123.06989,49.2161],[-123.07199,49.21629],[-123.07173,49.21724],[-123.07133,49.21737],[-123.06851,49.21621],[-123.066,49.21618],[-123.06604,49.21451],[-123.06606,49.21361],[-123.06607,49.21223],[-123.06876,49.2132],[-123.07006,49.21456],[-123.07204,49.21458]]]}},{"type":"Feature","properties":{"fed":"59037","poll":"67-0","type":"N"},"geometry":{"type":"Polygon","coordinates":[[[-123.03665,49.22469],[-123.03663,49.22545],[-123.03658,49.22643],[-123.03512,49.22642],[-123.03502,49.22843],[-123.03429,49.22843],[-123.03211,49.22842],[-123.03221,49.22641],[-123.03226,49.22525],[-123.03228,49.22465],[-123.03363,49.22467],[-123.03665,49.22469]]]}},{"type":"Feature","properties":{"fed":"59037","poll":"68-0","type":"N"},"geometry":{"type":"Polygon","coordinates":[[[-123.05058,49.21807],[-123.05058,49.21895],[-123.0506,49.22019],[-123.04904,49.22022],[-123.0489,49.22277],[-123.04708,49.22318],[-123.0458,49.22318],[-123.04587,49.22174],[-123.04434,49.22173],[-123.04481,49.22141],[-123.04485,49.22056],[-123.04443,49.22019],[-123.04516,49.2202],[-123.04804,49.22021],[-123.04806,49.21934],[-123.04924,49.21933],[-123.04899,49.21818],[-123.05058,49.21807]]]}},{"type":"Feature","properties":{"fed":"59037","poll":"95-0","type":"N"},"geometry":{"type":"Polygon","coordinates":[[[-123.02818,49.22326],[-123.02743,49.22365],[-123.02634,49.2237],[-123.02647,49.22466],[-123.03074,49.22482],[-123.03086,49.22449],[-123.03228,49.22465],[-123.03226,49.22525],[-123.02603,49.22523],[-123.0235,49.2252],[-123.02363,49.22196],[-123.02479,49.22196],[-123.02688,49.22251],[-123.02818,49.22326]]]}},{"type":"Feature","properties":{"fed":"59037","poll":"96-0","type":"N"},"geometry":{"type":"Polygon","coordinates":[[[-123.03242,49.21904],[-123.03241,49.22013],[-123.03239,49.22115],[-123.03125,49.22113],[-123.03101,49.22174],[-123.03236,49.22197],[-123.03234,49.22285],[-123.03059,49.22256],[-123.03003,49.2231],[-123.0309,49.22355],[-123.03231,49.2237],[-123.03228,49.22465],[-123.03086,49.22449],[-123.0294,49.224],[-123.02818,49.22326],[-123.02962,49.22196],[-123.03009,49.22011],[-123.03071,49.21923],[-123.03242,49.21904]]]}},{"type":"Feature","properties":{"fed":"59037","poll":"145-0","type":"N","jurisdiction":"South Burnaby — outside City of Vancouver","locality":"Burnaby"},"geometry":{"type":"Polygon","coordinates":[[[-123.00059,49.20993],[-123.00058,49.21101],[-122.99916,49.21101],[-122.99892,49.21218],[-122.99616,49.21215],[-122.99643,49.21114],[-122.99399,49.21097],[-122.994,49.21051],[-122.99509,49.20918],[-122.99773,49.20819],[-122.99834,49.20774],[-123.00174,49.2083],[-123.00499,49.20916],[-123.00499,49.21004],[-123.00059,49.20993]]]}},{"type":"Feature","properties":{"fed":"59037","poll":"88-0","type":"N"},"geometry":{"type":"Polygon","coordinates":[[[-123.03529,49.22014],[-123.03529,49.22237],[-123.03374,49.22236],[-123.03363,49.22467],[-123.03228,49.22465],[-123.03231,49.2237],[-123.0309,49.22355],[-123.03003,49.2231],[-123.03059,49.22256],[-123.03234,49.22285],[-123.03236,49.22197],[-123.03101,49.22174],[-123.03125,49.22113],[-123.03239,49.22115],[-123.03241,49.22013],[-123.03529,49.22014]]]}},{"type":"Feature","properties":{"fed":"59037","poll":"123-0","type":"N"},"geometry":{"type":"Polygon","coordinates":[[[-123.05237,49.20609],[-123.05129,49.20693],[-123.05053,49.20679],[-123.05046,49.20625],[-123.04907,49.20637],[-123.04771,49.20648],[-123.04227,49.20679],[-123.04231,49.20608],[-123.04255,49.20528],[-123.04234,49.20416],[-123.04733,49.20465],[-123.05646,49.20467],[-123.05681,49.20582],[-123.05237,49.20609]]]}},{"type":"Feature","properties":{"fed":"59037","poll":"66-0","type":"N"},"geometry":{"type":"Polygon","coordinates":[[[-123.0506,49.22019],[-123.05041,49.22381],[-123.05245,49.22383],[-123.0524,49.22479],[-123.05035,49.22478],[-123.04571,49.22475],[-123.0458,49.22318],[-123.04708,49.22318],[-123.0489,49.22277],[-123.04904,49.22022],[-123.0506,49.22019]]]}},{"type":"Feature","properties":{"fed":"59037","poll":"87-0","type":"N"},"geometry":{"type":"Polygon","coordinates":[[[-123.04382,49.21823],[-123.04567,49.2188],[-123.04521,49.21928],[-123.04516,49.2202],[-123.04443,49.22019],[-123.0413,49.22016],[-123.04139,49.21818],[-123.04382,49.21823]]]}},{"type":"Feature","properties":{"fed":"59037","poll":"124-0","type":"N"},"geometry":{"type":"Polygon","coordinates":[[[-123.0286,49.21091],[-123.02819,49.21181],[-123.02957,49.2116],[-123.02974,49.21218],[-123.02821,49.21231],[-123.02821,49.21275],[-123.02973,49.21278],[-123.02975,49.21307],[-123.02962,49.21317],[-123.02977,49.21325],[-123.03027,49.21561],[-123.02931,49.21583],[-123.02732,49.21577],[-123.02779,49.21401],[-123.02732,49.21382],[-123.02743,49.21336],[-123.02721,49.21224],[-123.02648,49.21219],[-123.02607,49.21172],[-123.02688,49.21124],[-123.02729,49.21056],[-123.0286,49.21091]]]}},{"type":"Feature","properties":{"fed":"59037","poll":"107-0","type":"N"},"geometry":{"type":"Polygon","coordinates":[[[-123.03446,49.21357],[-123.03353,49.21379],[-123.03324,49.21441],[-123.03375,49.21567],[-123.03483,49.21644],[-123.03357,49.21754],[-123.03215,49.21793],[-123.03117,49.21668],[-123.03027,49.21561],[-123.02977,49.21325],[-123.02975,49.21307],[-123.02973,49.21278],[-123.02821,49.21275],[-123.02821,49.21231],[-123.02974,49.21218],[-123.02957,49.2116],[-123.02819,49.21181],[-123.0286,49.21091],[-123.02933,49.21132],[-123.03134,49.21134],[-123.0318,49.21173],[-123.03191,49.21254],[-123.03423,49.21261],[-123.03446,49.21357]]]}},{"type":"Feature","properties":{"fed":"59037","poll":"21-0","type":"N"},"geometry":{"type":"Polygon","coordinates":[[[-123.09101,49.21654],[-123.09098,49.21741],[-123.08785,49.21737],[-123.08794,49.21477],[-123.09106,49.21482],[-123.09101,49.21654]]]}},{"type":"Feature","properties":{"fed":"59037","poll":"43-0","type":"N"},"geometry":{"type":"Polygon","coordinates":[[[-123.06572,49.2263],[-123.06568,49.22719],[-123.05911,49.22708],[-123.05917,49.22505],[-123.06238,49.22512],[-123.06231,49.22626],[-123.06572,49.2263]]]}},{"type":"Feature","properties":{"fed":"59037","poll":"23-0","type":"N"},"geometry":{"type":"Polygon","coordinates":[[[-123.08007,49.21816],[-123.08024,49.22049],[-123.08019,49.22184],[-123.07882,49.22182],[-123.07607,49.22179],[-123.07616,49.21957],[-123.07855,49.21959],[-123.07858,49.21814],[-123.08007,49.21816]]]}},{"type":"Feature","properties":{"fed":"59037","poll":"28-0","type":"N"},"geometry":{"type":"Polygon","coordinates":[[[-123.05909,49.22941],[-123.05888,49.23284],[-123.0555,49.23282],[-123.05494,49.22938],[-123.05909,49.22941]]]}},{"type":"Feature","properties":{"fed":"59037","poll":"27-0","type":"N"},"geometry":{"type":"Polygon","coordinates":[[[-123.06563,49.22857],[-123.06558,49.23038],[-123.06207,49.23033],[-123.06208,49.22944],[-123.05909,49.22941],[-123.05908,49.2285],[-123.06563,49.22857]]]}},{"type":"Feature","properties":{"fed":"59037","poll":"40-0","type":"N"},"geometry":{"type":"Polygon","coordinates":[[[-123.04587,49.22174],[-123.0458,49.22318],[-123.04571,49.22475],[-123.04565,49.22589],[-123.04774,49.2259],[-123.04761,49.22843],[-123.05015,49.22845],[-123.05011,49.22933],[-123.04885,49.22932],[-123.04884,49.23025],[-123.04317,49.23019],[-123.04312,49.22931],[-123.04272,49.22832],[-123.04111,49.22725],[-123.04103,49.22548],[-123.03882,49.22547],[-123.03884,49.2247],[-123.04107,49.22472],[-123.04417,49.22474],[-123.04468,49.22445],[-123.04472,49.22353],[-123.04426,49.22318],[-123.04474,49.22289],[-123.04478,49.2221],[-123.04434,49.22173],[-123.04587,49.22174]]]}},{"type":"Feature","properties":{"fed":"59037","poll":"98-0","type":"N"},"geometry":{"type":"Polygon","coordinates":[[[-123.03215,49.21793],[-123.03242,49.21904],[-123.03071,49.21923],[-123.03009,49.22011],[-123.02959,49.2201],[-123.02819,49.2188],[-123.02896,49.21819],[-123.02822,49.2176],[-123.02846,49.21676],[-123.02966,49.21687],[-123.0299,49.21728],[-123.03117,49.21668],[-123.03215,49.21793]]]}},{"type":"Feature","properties":{"fed":"59037","poll":"100-0","type":"N"},"geometry":{"type":"Polygon","coordinates":[[[-123.03117,49.21668],[-123.0299,49.21728],[-123.02966,49.21687],[-123.02846,49.21676],[-123.02822,49.2176],[-123.02896,49.21819],[-123.02819,49.2188],[-123.02743,49.21893],[-123.02701,49.21932],[-123.02572,49.21905],[-123.02493,49.21857],[-123.0255,49.21837],[-123.02508,49.21748],[-123.02733,49.21749],[-123.02732,49.21577],[-123.02931,49.21583],[-123.03027,49.21561],[-123.03117,49.21668]]]}},{"type":"Feature","properties":{"fed":"59037","poll":"55-0","type":"N"},"geometry":{"type":"Polygon","coordinates":[[[-123.06589,49.22027],[-123.06586,49.22224],[-123.06255,49.2222],[-123.0626,49.22124],[-123.06265,49.22023],[-123.06069,49.22022],[-123.06071,49.21938],[-123.06461,49.21943],[-123.06458,49.22026],[-123.06589,49.22027]]]}},{"type":"Feature","properties":{"fed":"59037","poll":"507-0","type":"M"},"geometry":{"type":"Polygon","coordinates":[[[-123.0646,49.21018],[-123.06459,49.21017],[-123.06438,49.21008],[-123.06457,49.21005],[-123.0646,49.21018]]]}},{"type":"Feature","properties":{"fed":"59037","poll":"500-0","type":"M"},"geometry":{"type":"Polygon","coordinates":[[[-123.05548,49.22674],[-123.05576,49.22676],[-123.05574,49.22685],[-123.05548,49.22674]]]}},{"type":"Feature","properties":{"fed":"59037","poll":"509-0","type":"M"},"geometry":{"type":"Polygon","coordinates":[[[-123.04049,49.2172],[-123.04048,49.21729],[-123.04021,49.21719],[-123.04049,49.2172]]]}},{"type":"Feature","properties":{"fed":"59037","poll":"513-0","type":"M","jurisdiction":"South Burnaby — outside City of Vancouver","locality":"Burnaby"},"geometry":{"type":"Polygon","coordinates":[[[-123.00497,49.21579],[-123.00511,49.21588],[-123.00498,49.21664],[-123.00497,49.21579]]]}},{"type":"Feature","properties":{"fed":"59037","poll":"30-0","type":"N"},"geometry":{"type":"Polygon","coordinates":[[[-123.06568,49.22765],[-123.06563,49.22857],[-123.05908,49.2285],[-123.05911,49.22708],[-123.06568,49.22719],[-123.06568,49.22765]]]}}]}